word,sentence,wakati
ぶらぶら,"行き は ぶらぶら し ながら 行け た し 、 帰り は 送迎 バス が あっ た から ', 
",1
ぶらぶら,"部屋 の ドア に は ダンパー が なく 、 ぶらぶら の 扉 （ 朝食 を 食べ に 行っ て 、 戻っ たら 扉 は 空い た まんま だっ た 
",1
へらへら,"待た せ すぎ だ と 文句 を 言っ た が ただ へらへら し て いる だけ ', 
",1
へらへら,"また 、 従業 員 も ３ 名 いる に も かかわら ず へらへら し て いる し 、 髪型 も 金髪 ？ っぽい 男性 
",1
だらだら,"まるで アトラクション 待ち の よう に 長蛇 の 列 に だらだら と 30 分 程 並び ようやく 案内 ', 
",1
だらだら,"チェックイン 時 に 込み合っ て い た のに 、 だらだら し て 待たさ れ た の も 残念 でし た ', 
",1
だらだら,"（ １ ） カーテン 下部 の 髪の毛 の 張り 付き 残り 、 （ ２ ） カラン 根元 から の だらだら と し た 水 漏れ で 、 洗面 台 上面 左 が 水浸し に なり ユニット バス の 床 に ポタポタ 落ち まし た ', 
",1
だらだら,"帰りがけ に 清掃 担当 の 方 に すれ違い まし た が 、 こちら を チラ 見 し て 無視 し た 挙句 廊下 で 堂々 と ケータイ いじっ て だらだら し て まし た 
",1
うろうろ,"はじめて くる 人 は 絶対 わから ない ！ おかげ さ まで 、 ３ ０ 分 以上 うろうろ し て 、 懇親 会 に 遅刻 し 、 最悪 だっ た ', 
",1
うろうろ,"） 随分 うろうろ さ せ られ まし た ', 
",1
うろうろ,"客 に トレイ を 持た せ て うろうろ さ せ て 、 ついに は 立食 さ せ て 、 何とも 思わ ない の です か ？ フロント に 人 が い まし た 、 給仕 し て いる 人 も い まし た 、 あれ だけ 皆 騒い で い た の に 気付か ない わけ が ない 、 見 て 見 ぬ ふり と は 驚き です ', 
",1
うろうろ,"有料 ビデオ も 今時 なぜ ない の か ？ 朝食 会場 が 、 フロント と ホテル 入り口 の 中間 （ いわゆる ロビ －） で 、 食事 以外 の 人 も うろうろ する 中 で は 落ち着い て でき ませ ん ね ', 
",1
うろうろ,"翌朝 チェックアウトカウンター を 探し うろうろ 、 よく わから なかっ た ので 仕方 なく チェックイン し た とき の カウンター へ 並ん で やっと 自分 の 順番 が 、 と 思っ たら アウト は そちら の カウンター です の 一言 ', 
",1
うろうろ,"チェック アウト が 12 時 だっ た ので ゆっくり できる と 思っ て い まし た が カーテン を 開ける と 工事 か 何 か わかり ませ ん が 作業 着 を 着 た 人 が うろうろ し て くつろげ ませ ん でし た ', 
",1
うろうろ,"お 国柄 な の か 浴衣 の 着 方 を 知ら ない の か ・ ・ ・ ？ とにかく 、 うら若き 女性 が 下着 を 着け ず に 浴衣 １ 枚 で ホテル 内 を うろうろ する の は 問題 で は と 思い まし た ', 
",1
うろうろ,"朝食 会場 が １ 階 ロビー の 脇 の 狭い スペース で セルフ は いい として 席 も 案内 なく 混雑 し て い て 食事 の のっ た トレイ を 持っ た まま うろうろ し ない と いけ なく 、 １ ０ ０ ０ 円 払っ て これ は ない な という 感じ でし た ', 
",1
うろうろ,"駐車 場 が 満車 という 事 で 、 提携 駐車 場 を 教え て いただき まし た が 、 教え て いただい た 通り 行っ て も 全く 見つから ず 、 20 分 以上 市内 を うろうろ し て しまい まし た ', 
",1
うろうろ,"夕方 から は スーツ を 着 た イベント 参加 者 が フロント から 出入り口 に ビッシリ うろうろ … ', 
",1
うろうろ,"環境 の いい ところ で は ない ので 夜 に 迷っ て うろうろ する より も 、 明るい うち に 場所 だけ でも 確認 し とい た ほう が 良い かも しれ ませ ん ', 
",1
うろうろ,"立地 は とても 良く 、 私 が 方向 音痴 名 だけ で 中 々 見つけ られ ず うろうろ し て しまい まし た ', 
",1
うろうろ,"以前 から 感じ て まし た が 、 従業 員 も 制服 が なく 、 ９ 時 に チェック アウト で 部屋 に 出れ ば 宿泊 客 と 一見 間違える 様 な 清掃 員 が 挨拶 も ろくに し ない で うろうろ し て い たり と 価格 で 不満 が あっ た ので 更に 不満 が あふれ て き て しまい まし た 
",1
きりきり,"よく 見 て みる と 、 おば ちゃん が 二 人 で きりきり舞い し て い て 、 フロント の 手前 まで 行列 が 伸び て い た 
",0
ぐるぐる,"東横 イン が 提携 し て いる 駐車 場 も いっぱい で 、 高崎 駅 周辺 を 30 分 くらい ぐるぐる ぐる ', 
",1
ぐるぐる,"立地 は 問題 なし です が 、 車 の 場合 は 三河安城 駅 付近 は ぐるぐる 回る こと が 多い と 言っ て まし た ので 気 を 付け て 下さい ', 
",1
ぐるぐる,"何 度 も ぐるぐる 回っ た ', 
",1
ぐるぐる,"\ u 3000 （ 車 の ナビ は 目的 地 周辺 と 、 案内 終了 \ u 3000 その後 ホテル は 見える が ぐるぐる まわっ た 
",1
どんどん,"９月 ２ ０ 日 から ４ 泊 さ せ て いただき まし た ． フロント も 感じ よく ， 部屋 も 朝食 も 文句 無し でし た ． ただ 一 点 ， ９月 ２ ３ 日 朝 の 朝食 で の 対応 に 大変 不満 を 覚え た ので ， 評価 を 最低 に さ せ て いただき まし た ． 当日 は 団体 さん が 朝食 開始 時間 前 に 並び ， 一 階 フロア が 溢れ ん ばかり の 状態 に なっ て い まし た し ， どんどん と 人 が 増え て き て い まし た し ， 人 が 通れ なく なる ほど でし た ． 団体 さん は 早い 出発 を する 様子 でし た し ， 楽し そう でし た し 落ち度 は 全く ない の です が ， 明らか に 朝食 の 給仕 の 体制 が 整っ て いる に も かかわら ず ， ホテル 側 は 規定 の ６ 時 ３ ０ 分 に なる まで 食事 開始 に しよ う と し ませ ん でし た ． 早く 開けれ ば 列 も 動く し テーブル に 人 が つく よう に なる ので 混雑 が 緩和 さ れる の は 容易 に 解る こと な ので ， なぜ 開け ない か 不思議 で なり ませ ん ． お客 さん が 辛い 思い を し て いる のに 思いやり が あり ませ ん ． 今時 は Ａ Ｉ で すら 早く 開ける という 判断 を する でしょ う ． そ いう 意味 で は ロボット 以下 の 対応 と 言わ ざる を 得 ませ ん ． その こと 一 点 のみ で ， 評価 を 下げ まし た ． ', 
",1
どんどん,"チェックイン 待ち の 列 は どんどん 伸びる ばかり ', 
",1
どんどん,"時間 が 経つ につれ 、 おかず の 品数 が どんどん 減っ て いき 、 補充 は 漬け 物 、 切干 し 大根 、 ひじき のみ ', 
",1
どんどん,"東横 イン は 、 過去 の 「 事件 」 の 反省 も 忘れ 、 どんどん 新規 開店 を 続け て いる よう です が 、 その 数 が 増える ほど 、 ホテル として 最も 重要 な 、 客 へ の サービス 精神 の レベル が どんどん 低下 し て いる よう です ', 
",1
どんどん,"東横 イン は 、 過去 の 「 事件 」 の 反省 も 忘れ 、 どんどん 新規 開店 を 続け て いる よう です が 、 その 数 が 増える ほど 、 ホテル として 最も 重要 な 、 客 へ の サービス 精神 の レベル が どんどん 低下 し て いる よう です ', 
",1
どんどん,"こちら の ホテル は 今 、 どんどん 新しく 建っ て いる よう です が 、 どれ ほど 安く て も 二度と 利用 し ませ ん ', 
",1
どんどん,"苦しい 思い を し ながら どんどん チェックイン し て いく お客 さん を 横目 で 見 て ロビー で 待機 し て まし た ', 
",1
どんどん,"併設 の 駐車 場 が チケット を 取っ て 入れ た は いい が 、 何故か 空き が なく 行き場 を 失っ た 車 が どんどん たまっ て くる 始末 ', 
",1
どんどん,"朝 
",0
どんどん,"車 が 出る の に 30 分 以上 待ち 、 さすが に 寒い し 、 後 の 方 が どんどん 帰る し 、 まだ か 訪ねる と もう 既に 出 た 事 に なっ て まし た ', 
",1
どんどん,"他 の お客 は どんどん と チェックイン を し て いる のに 、 自分 は でき ない ため 、 何 度 か 確認 する と 「 お客様 は 会員 です か ？ 」 「 でき ませ ん 」 と の 回答 ', 
",1
どんどん,"また 、 外部 の 人間 が 、 どんどん 通り抜け に 使う の も 何らかの 規制 を し た ほう が 良い ', 
",1
どんどん,"どんどん サービス が 悪く なる ', 
",1
どんどん,"お客 さん が どんどん 減っ て いく でしょ ね ', 
",1
どんどん,"隣 の 部屋 の シャワー の 音 が 聞こえる … 上 の 階 で は どんどん 跳ん で いる の か … こんなに うるさい ホテル は 初めて でし た ', 
",1
どんどん,"風呂 場 に 至っ て は 排水 口 が 詰まっ て いる の か 、 シャワー の 時 に どんどん 水 が 溜まっ て くる 状況 でし た ', 
",1
どんどん,"朝食 時 も 終了 近く なる と スタッフ の 『 とにかく どんどん 片付け て いっ て 』 という 声 が 聞こえ て 残念 だっ た ', 
",1
どんどん,"また 、 チェックイン 15 時 ・ チェック アウト 12 時 という プラン でし た が 、 駐車 場代 が 時間 で どんどん 加算 さ れ 、 出庫 の 際 に は 5 , 000 円 以上 かかり まし た ', 
",1
どんどん,"そして 、 これ が 一番 不快 だっ た の です が 、 浴槽 の 水はけ が 悪かっ た よう で 、 排水 が 追いつか ず 、 バス タブ に どんどん お湯 が 溜まっ て しまい まし た ', 
",1
どんどん,"団体 客 が 多かっ た せい な の か 、 早く 我々 に 食べ て 行っ て ほしかっ た の か 、 どんどん 空い た 皿 を 「 お下げ し ます 」 と いっ て 持っ て いか れ まし た が 、 その 時点 で 我が家 の 隣 に 相席 し た 方 が すでに 食事 を 終え られ て 退席 し て おり まし た ', 
",1
どんどん,"席 に 座っ た 頃 に は 料理 は ９ 時 まで と スタッフ の 方 が 相談 し て い て 、 どんどん 片付け が 始まり まし た ', 
",1
どんどん,"他 の ゲスト も どんどん 席 を 立ち 、 スタッフ は 私語 や 打ち合わせ を し ながら 、 クロス を 替え たり し て い まし た ', 
",1
どんどん,"バス タブ の 中 で シャワー を 浴びる の です が 排水 が さ れ ず 、 どんどん お湯 が 溜まっ て き て しまい まし た ', 
",1
どんどん,"ティッシュペーパー の ケース も 汚れ て おり 、 気 に なり だす と どんどん 気 に なっ て 落ち着か ない 滞在 でし た 、 残念 です が ', 
",1
どんどん,"シェフ が 目 の 前 で オムレツ を 焼い て くれる が 、 焼い た オムレツ が どんどん と 山積み さ れ 、 目 の 前 で 焼い て いる の に 食べる とき に は 温か さ を 感じ られ ない ', 
",1
どんどん,"部屋 は 壁 が 薄い ！ 上 の 人 が なに を し てる の か 、 どんどん と 壁 を 叩く よう な 音 が ２ １ 時半 に チェックイン し て から １ 時間 続き 部屋 替え を お願い しよ う か 迷っ た ほど ', 
",1
どんどん,"360 号 の 部屋 の お 風呂 の 排水 が かなり 悪く 、 シャワー を 使っ て いる と 足元 に どんどん 溜まっ て しまう ', 
",1
どんどん,"建物 は 新しく て 綺麗 で 、 駅 から 近く 、 駐車 場 も あり 、 第 一 印象 は 良かっ た の です が 、 どんどん ガッカリ が 増え て いく ', 
",1
どんどん,"そこ に 時間 前 に 訪れ た 他 の 客 を どんどん チェックイン さ せ て いる で は ない か ！ 物凄い 差別 を 受け まし た ', 
",1
どんどん,"改善 する 点 は どんどん 改善 し て 、 もっと 良い ホテル に なっ て 欲しい と 願っ て おり ます ', 
",1
どんどん,"特に 空調 が 個別 空調 で は なく 、 ＯＦＦ か 強弱 しか ない の です が 、 初雪 を 観測 する よう な 気温 に も 関わら ず 、 ＯＦＦ に し て も どんどん 暑く なり 窓 を 開け なけれ ば 居 られ ない よう な 状況 でし た ', 
",1
どんどん,"排水 も とても 悪く 、 シャワー を 浴び て いる と どんどん 排水 さ れる べき 湯 が バス タブ に たまっ て いく ', 
",1
どんどん,"シャワー を 浴び て いる と 、 お湯 が どんどん 溜まっ て いき ます ', 
",1
どんどん,"フロント の 方 の 対応 は とても 良く 、 お 部屋 も 清潔 でし た が 、 お 風呂 の 水 が うまく 排水 さ れ ず 、 シャワー を 浴び て いる と どんどん 水 が たまっ て き て 、 気持ち の 悪い 思い を し まし た ', 
",1
どんどん,"お 風呂 の 排水 溝 の 水はけ が 悪く 、 シャワー を 浴び て いる と 足元 に どんどん 水 が 溜まっ て しまっ て 流れ ず 、 とても 不快 でし た ', 
",1
どんどん,"APA ホテル は 全国 に どんどん 出店 し て い ます が 、 テレビ CM に 見 られる よう な サービス 面 など 中身 を しっかり し ない と 、 いづれ 大変 な こと （ 経営 的 破たん か 惨事 を 発生 さ せる か ） に なる と 感じ ます ', 
",1
どんどん,"お 風呂 の 湯船 は シャワー 浴び てる と どんどん 溜まっ て いく ', 
",1
どんどん,"\ u 3000 料金 は 魅力 的 です が 、 しばらく 来 ない うち に どんどん 悪く なっ て いる よう に 感じる の です が 、 気 の せい でしょ う か ・ ・ ・ ', 
",1
どんどん,"また 、 浴室 の 排水 が 詰まっ て いる の か 、 シャワー を 浴び だし たら 足元 に お湯 が どんどん たまっ て き て 、 ゆっくり シャワー どころ で は なかっ た です ', 
",1
どんどん,"5 （ 設備 ） 
",0
どんどん,"シャワー を 使っ て いる と 、 足元 に どんどん お湯 が 溜まっ て 行き 、 なかなか 排水 さ れ ませ ん ', 
",1
どんどん,"お 風呂 に 入る と 、 水 の 流れ が 悪く 足元 に どんどん 溜まっ て 行き まし た ', 
",1
どんどん,"何 度 か 利用 さ せ て いただい て い ます が 、 宿泊 の 度 に 設備 の トラブル が どんどん 増え て おり 非常 に 残念 です ', 
",1
どんどん,"お 風呂 の 浴槽 は 水捌け が 悪く シャンプー を 流す と それ が どんどん 足元 に 溜まる ので 気持ち 悪い です ', 
",1
どんどん,"アパ を 初めて 利用 し 、 社長 など が テレビ で 清掃 が 行き届い て いる こと を アピール し て い て 期待 し て い た が 、 トイレ の 便座 の 上 、 ベッド の 上 に 、 毛 が あり 、 まず がっかり 、 １ １ 時 チェック アウト を 謳っ て いる が 、 ８ 時 前 から 、 隣 の 部屋 を ノック する 音 が 聞こえ た か と 思え ば 、 従業 員 が 喋り 出し 、 次 は 掃除 機 で 壁 を どんどん 、 全く ゆっくり 眠れ ず 、 フロント に クレーム を 言っ た が 笑っ て 対応 
",1
ばたばた,"チェックイン の 時 、 混雑 を し て フロント スタッフ は 、 ばたばた し て い て あまり 対応 は よく ない です ', 
",1
ばたばた,"部屋 の 照明 が 消え 、 テレビ も 消え 、 危険 を 感じ 身 を 構え た の です が 、 部屋 に 人 が 居る の に びっくり し た の か 、 慌て て キー を 元 に 戻し 、 何 も 言わ ず ドア を バタ ン と 思いっきり 閉め て 出 て 行き 、 ばたばた と 足音 を たて て 他 へ 走り去っ て いき まし た ', 
",1
ばたばた,"いつ まで も 、 ばたばた し て いる の を 待た せ られる の は 、 やはり 不快 でし た ', 
",1
ばたばた,"ルーム クリーニング の 方 は 同じ 階 で ばたばた し てる し 、 最後 が とても 残念 でし た 
",1
もたもた,"フロント の 人 の 駐車 方法 の 説明 が 足り ない ので 、 お客 は 皆 駐車 時 に もたもた する ', 
",1
もたもた,"フロント 、 もたもた ', 
",1
もたもた,"受付 の 対応 として 、 人員 ２ 人 い て 前 の お客 が もたもた し て て も 、 もう 一 人 が 対応 し ない ', 
",1
もたもた,"年度 末 に 利用 し まし た ． 駅 ， コンビニ も 近く ， 立地 は そこそこ ． ただし ， もう 二度と 使わ ない ． ホテル に 到着 し た が ， フロント に 一 人 しか おら ず ， だいぶ 待たさ れる ． 待たさ れ て いる 客 が いる のに フロント の 対応 もたもた ． その後 もう 一 人 やってき て 15 : 40 に やっと チェックイン ． 16 : 00 から 部屋 に 入れる と の こと で 20 分 待たさ れる ． その 20 分 に 意味 が ある と は 思え ない が ， ロビー で 待つ ． その間 フロント で は 二 人 の 女性 スタッフ が 世間 話 を し まくり ， かなり 感じ 悪い ． 16 : 00 に 部屋 に 入る ． 部屋 は 普通 の ビジネス ホテル ． ただし ， 廊下 や 隣室 から の 音 が よく 聞こえる ． エレベーター 前 の 部屋 だっ た ので ， 夜 や 朝 は かなり うるさい ． 翌朝 ， ベッド の 下 を ふと 見 た ところ ， 前 客 の もの と 思わ れる 段ボール が ． ． ． ビビり つつ その ダンボール を 押し て み たら ， いやぁ ～ な 重み ． ． ． 恐ろしく て 中身 は 見 て ませ ん ． そんな もの の 上 で 一 晩 寝 て い た の か と 思う と かなり ブルー ． 速攻 で 身 づく ろ いし て ， 外 に 出 て エレベーター を 待っ て い たら ， 各階 停車 で 全然 来 ない ． やっと 来 たら 超 満員 ． 一応 乗れ た が ， その後 の 階 の 人 は 全然 乗れ ず ． ． その後 も 各階 停車 で その 度 に 「 すみません 乗れ ませ ん 」 と 謝り ， やっと 1 階 に 到着 ． チェック アウト しよ う と し たら そこ でも 長蛇 の 列 ． ． ． もう 嫌 です ． ふと ， ロビー の 朝食 コーナー を みる と ， そこ でも 超 満員 ． ． ． これ が 東横 インクオリティー か ？ 絶対 に 利用 し ませ ん ． ', 
",1
もたもた,"女性 の 、 それ も 少 人数 の スタッフ で 運営 さ れ て いる ので 仕方 ない 面 も ある と 思い ます が 、 フロント は 忙しい 時間 でも ２ 人 のみ で チェックイン に 手間取っ た し 、 フロント の 動き も もたもた し て い て ぎこち なかっ た と 思い ます ', 
",1
もたもた,"チェックイン が もたもた し て 、 間 の 取り 方 も イラッ する 感じ で 間抜け でし た ', 
",1
もたもた,"手続き で もたもた し て 遅く なっ て も 、 一言 が 無い × \ u 3000 先輩 方 の ホロー が 無い の ね ', 
",1
もたもた,"フロント 、 もたもた し て て 急い で いる の に 下手 すぎる ', 
",1
もたもた,"チェックイン の 際 の 男性 スタッフ の もたもた し た 感じ 
",1
おちおち,"帰り に エレベーター で 他 の 階 に 止まっ た 際 も 同様 の アラーム 音 が 鳴り響い て いる フロア が あり 、 おちおち 寝 て い られ ませ ん ', 
",1
おちおち,"新人 を フロント に 置く 時 は 、 対応 が 終わる まで 誰 か 横 について い ない と ダメ ！ おちおち 質問 も 出来 ない ', 
",1
おちおち,"これ で は おちおち 個人 情報 を 提供 する こと は ここ に対して は でき ない 
",1
べたべた,"新しい から きれい だ と 思っ た のに 、 部屋 は 髪の毛 が たくさん 落ち て い て 、 テーブル は べたべた 、 足 ふき マット も 無し 、 フロント に 電話 し たら 掃除 に うかがう と の こと ', 
",1
べたべた,"２ ． 朝食 について 、 朝 一 番 に 利用 し た に も かかわら ず 、 朝食 スペース の テーブル と いす が べたべた でし た ', 
",1
べたべた,"アメニティ の スリッパ の 袋 に 、 シロップ ？ の よう な 透明 の べたべた し た もの が つい て い て 、 気づか ず に 触っ て しまい まし た ', 
",1
べたべた,"お 風呂 も 使用 する と 湿気 が 全く と れ ず 、 次 の 朝 に なっ て も 壁 は 水滴 で べたべた です 
",1
がちゃがちゃ,"また ズボンプレッサー が 部屋 の 前 に あっ た ため 夜中 まで がちゃがちゃ と うるさく 寝 れ ませ ん でし た 
",1
きびきび,"午前 中 に 荷物 を 預け させ て 頂い た 際 に 対応 し て いただい た 女性 スタッフ の 方 は きびきび し て い て 笑顔 も 素敵 でし た ！ 喫煙 で 申し込ん で しまっ た ので 禁煙 に 変え て 頂け ない か という 無理 な お願い も 、 すぐ に 快く 対応 し て いただけ て 感謝 です 
",1
ざわざわ,"夜中 まで チェックイン の 人 が 多く ざわざわ し て い た ', 
",1
ざわざわ,"若者 の 団体 客 が 多く 、 ざわざわ し て 落ち着か ない 感じ 
",1
いらいら,"もっと スピーディ に でき ませ ん か ？ いらいら し ます ', 
",1
いらいら,"駐車 場 の 係員 が こちら が 車 の 出し入れ で てこずっ て いる の を 見 て 、 いらいら し て こわかっ た ', 
",1
いらいら,"部屋 が 異様 に 狭く いらいら し まし た ', 
",1
いらいら,"しかし どこ も 朝 の 食事 は 混雑 、 おまけ に 用意 し て いる 料理 が 不足 がち に なる こと が 多く ちょっと いらいら する こと が 多い です ね ', 
",1
いらいら,"エレベータ が １ 台 だけ な ので ９ Ｆ から 朝食 の １ Ｆ まで 、 ほぼ 各階 停車 で いらいら し まし た ', 
",1
いらいら,"２ ０ 年 近く 前 から \ u 3000 利用 し て い ます が \ u 3000 今回 の 部屋 は \ u 3000 ず ～ っと 雨漏り の 音 の よう な \ u 3000 ギシギシ する 音 が \ u 3000 部屋 に 居る 間 \ u 3000 し て い て いらいら し まし た ', 
",1
いらいら,"フロント の 方 が 、 年配 の 方 です と どうしても ベテラン だ と 思っ て しまい 、 それなのに 対応 が きちんと さ れ て い ない と 、 余計 に いらいら し て しまい まし た ', 
",1
いらいら,"時間 も なく 急い で い た ので とても いらいら し まし た ', 
",1
いらいら,"ズボンプレッサー が 壊れ て た テレビ の リモコン の 反応 が 悪く て 、 いらいら し た ', 
",1
いらいら,"いらいら する くらい です ', 
",1
いらいら,"いらいら し まし た ', 
",1
いらいら,"空い て いる 席 に 早く 誘導 すれ ば いい のに 、 と みんな いらいら 
",1
ぞくぞく,"ぞくぞく 後続 車 が 来る のに 「 順番 です ので お待ち 下さい 」 と フロント で 言わ れる ', 
",1
ぞくぞく,"その後 も 、 ぞくぞく と 車 で 来 た 宿泊 者 が 近隣 の 駐車 場 の 場所 を 聞く 為 に フロント を 訪れ て い まし た ', 
",1
ぞくぞく,"朝食 も 、 終了 １ 時間 前 に 行き 、 人 も ぞくぞく と 来 てる のに 、 ２ 種 しか ない おかず を 片付け てる 始末 
",1
わさわさ,"満席 で 混雑 し て い て ビジネスマン で わ さわさ し て いる 中 、 口頭 で 苦情 を いう の も はばから れ 、 部屋 で アンケート でも 書い て 指摘 しよ う と 思っ た が 、 書類 が なかっ た ', 
",0
わさわさ,"正月 な ので 、 いつも と 違う の でしょ う が 、 フロント が レストラン の 入り口 に あっ て 、 ランチ の お客 は 待っ てる わ 、 ホテル の お客 は 待っ てる わ で わ さわさ し て いる し 、 スタッフ は 忙しい ん だ か 笑顔 が ひきつっ てる し 、 安く も ない わり に は 余裕 の ない 宿 でし た 
",0
ぬけぬけ,"直し て ほしい と フロント に 言う と 、 「 時々 有る ん です が 、 その 部屋 は 今 まで 無かっ た ん です けど 」 と ぬけぬけと 言う ので 、 支配人 に 電話 連絡 し て もらい 修理 する 約束 を する が 夜 、 帰っ て 来 て 確認 する と 、 直っ て い ない 
",0
とろとろ,"じゃあ 、 私 が 並び も せ ず 、 席 取る ため に 座っ てる の は なん だっ た ん だ ！ 時間 を 返せ ！ 受付 も とろとろ し て い て 30 分 くらい 待たさ れ た し 、 こんな 最低 な ホテル は 初めて だ 
",1
ごくごく,"ごくごく 普通 の ビジネス ホテル な ので 、 多く は 望め ませ ん ね ', 
",1
ごくごく,"ごくごく 普通 の ホテル です ', 
",1
ごくごく,"ごくごく 普通 でし た ', 
",1
ごくごく,"私 は ごくごく 普通 に 予約 を し た だけ で あっ た のに そこ まで 嫌 な 気分 に さ せ られ なけれ ば いけ ない の だろ う か ', 
",1
ごくごく,"エグゼクティブコンフォート の お 部屋 と の こと で 、 写真 通り の 赤 と 黒 の 配色 が オシャレ な お 部屋 だ と 期待 し て い た の です が ・ ・・ヒーリングルーム っぽい 、 ごくごく 普通 の お 部屋 で 、 とっても ガッカリ さ せ られ まし た ', 
",1
ごくごく,"ごくごく 一般 的 な ファミリーレストラン の 味 でし た ', 
",1
ごくごく,"呼び鈴 も 見当たり ませ ん でし た が 、 どこ か に あっ た の でしょ う か ？\ u 3000 お 部屋 の 備品 等 も ごくごく 普通 の ビジネス ホテル クラス です ', 
",1
ごくごく,"朝食 も 魚 屋 さん の 朝食 ？ とかいう の でし た が 、 ごくごく 普通 の 朝食 です ', 
",1
ごくごく,"大 浴場 は 狭い と の 前 評判 でし た が 、 ごくごく 普通 ', 
",1
ごくごく,"チエックイン 時 、 朝食 付 な の に 忘れ てる し 、 携帯 の 充電 器 も 貸し て もらえ ず 、 風呂 の 排水 は 悪い し … いい 所 無し 朝食 も ごくごく 普通 です か ね 
",1
くしゃくしゃ,"2 日 連続 寝具 の カバー に しみ が つい て 、 交換 に 来 た スタッフ は ベッドメイキング が 出来 ず 、 シーツ も くしゃくしゃ の まま 寝る 羽目 に ', 
",1
くしゃくしゃ,"皆 が 振り返っ て 私 の 方 を 見 て いる ので 私 の こと ？ と 思い 、 恥ずかしかっ た の です が 、 ニット 帽 を 脱い で くしゃくしゃ 頭 を さらけ出し 、 マスク を 取っ て 「 はい 」 と 返事 し まし た ', 
",1
くしゃくしゃ,"くしゃくしゃ の シーツ を 伸ばし て 使っ て い て ', 
",1
くしゃくしゃ,"また 、 ベッド の 中 から 使用 済み らしい くしゃくしゃ に なっ た ティシュ ペーパー が 出 て き まし た ', 
",1
くしゃくしゃ,"） ３ 、 空調 \ u 3000 \ u 3000 個別 空調 で は なく 温度 調整 も でき ない タイプ ４ 、 部屋 の 設備 \ u 3000 \ u 3000 ホテル の 概要 書 が くしゃくしゃ に なっ て い た ', 
",1
くしゃくしゃ,"お 部屋 に 入っ て すぐ に 椅子 を ひい たら くしゃくしゃ の 紙 の ゴミ が 置い て あり 部屋 を 間違え た か と 思っ た 
",1
ごろごろ,"ごろごろ 
",1
ごちゃごちゃ,"1 階 で 食事 を する が 、 ごちゃごちゃ し て い て 参り まし た ', 
",1
ごちゃごちゃ,"朝 ご飯 は 、 アジア 系 の 方 が 多く 秩序 が なく 、 また 、 出発 する 人 と 食事 する 人 が ごちゃごちゃ で 、 朝 ご飯 を 食べる はず の 場所 に 大きな 荷物 を 持っ た 人 が 入り込ん で 、 整理 さ れ て い なかっ た ', 
",1
ごちゃごちゃ,"又 、 予約 し た プラン は ゆったり シングル （ ６ ９ ３ ０ 円 ） の はず だ が 、 ダブル の １ 人 使用 （ ６ ０ ９ ０ 円 ） の ため 金額 出力 が 違う とも 回答 さ れ た 、 それ なら ば 価格 の 安い シングル 使用 で よかっ た の で は ない か と 感じ た 、 電源 配線 は ごちゃごちゃ し て いる し 、 風呂 が 特に 良い わけ で は ない ', 
",1
ごちゃごちゃ,"（ ちなみに 本 だけ で ４ 冊 くらい ある ） その他 ごちゃごちゃ と パンフレット 等 あっ て 、 見 て い て 不快 です ', 
",1
ごちゃごちゃ,"2 階 は ごちゃごちゃ し て いる 分 、 品数 と 味 が 良い ', 
",1
ごちゃごちゃ,"荷物 を 広げる 場所 が あり ませ ん が 広告 や 冊子 が ごちゃごちゃ と 置か れ て い まし た ', 
",1
ごちゃごちゃ,"部屋 の デスク が 小さい 割 に ティッシュ やら 大きな 画面 の TV が ごちゃごちゃ し て い て 使い づらかっ た ', 
",1
ごちゃごちゃ,"とり 回し が 悪い と いう か 、 席 の 配置 の 問題 な の か 、 何となく ごちゃごちゃ し た 印象 です ', 
",1
ごちゃごちゃ,"元々 アパホテル さん は 部屋 が 狭い ので 電話 とか テーブル 周り の ごちゃごちゃ を テレビ の 後ろ とか に 片づけ て 作業 とか し て いる の です が 、 そこで 、 紅茶 とか に 入れる レモンリキッド が 出 て き たり 、 絨毯 の へり に つま ようじ が 落ち て い たり 、 アメニティー を 入れる 容器 に 髪の毛 が あっ たり し まし た ', 
",1
ごちゃごちゃ,"ロビ － も ごちゃごちゃ し て い て 、 物置 の 様 だ ', 
",1
ごちゃごちゃ,"引き出し が ごちゃごちゃ し て い て 、 わから なかっ た の は 、 ホテル 側 の 手落ち で は ？ フロント の 教育 は どう なっ て いる の です か ？ 連 泊 で 冷蔵庫 に ヨーグルト など 入れ て い た のに 、 電源 は 切ら れ て いる し ', 
",1
ごちゃごちゃ,"フロント に 連絡 しよ う か と 思い まし た が 、 シャワー 浴び た 後 だっ た し 疲れ て い た ので 、 この 後 ごちゃごちゃ する の も 嫌 だっ た ので 、 我慢 し まし た ', 
",1
ごちゃごちゃ,"設備 は 本当に 色々 ある が 、 ごちゃごちゃ し 過ぎ な 感じ が し て 、 もう少し シンプル に し て 落ち着い た 部屋 に し た 方 が 良い の か と 思い ます 
",1
くどくど,"祝日 から 前 乗り し 、 部屋 で 仕事 を しよ う と 掃除 の 時間 を 午後 に し て ほしい と フロント で 依頼 し た ところ 、 あからさま に 嫌 な 顔 を さ れ 、 くどくど 「 難しい 」 理由 を 説明 さ れ まし た ', 
",1
くどくど,"何 度 途中 で 切っ て しまお う と 思っ た こと か ・ ・ ・ クレーム が 発生 し ない よう に という つもり な の か 、 くどくど と 無駄 な 説明 や 言い訳 （ ？ ） が 多く 、 電話 が 無駄 に 長引き まし た 
",1
そろそろ,"これ まで 選択肢 に 入れ ませ ん でし た が 、 そろそろ いい か で 利用 し まし た ', 
",1
そろそろ,"そろそろ あぐら かく の を 辞め て ください ', 
",1
そろそろ,"（ ただ 、 あの 旧式 の 洗浄 便座 は もう そろそろ どう か と ・ ・ ） 朝食 は 以前 泊まっ た 系列 ホテル と 違っ て 、 おかず が 1 種類 しか 無かっ た の は ちょっと 残念 です ', 
",1
そろそろ,"その間 友達 は 本当に しんど そう な ので 、 15 ： 40 頃 に もう そろそろ いい か な と 思っ て 、 もう一度 フロント に 頼み まし た ', 
",1
そろそろ,"楽天 トラベル で 1 泊 の 予約 を し ， 宿泊 し た ． ところが 郊外 に ある ホテル で ある に も かかわら ず ， １ 泊 で すら 駐車 料金 を 請求 さ れ た ． 「 ホテル に 車 を 起き っぱなし に し て 5 日間 旅行 し た 」 という の なら ば 納得 も できる が ， たった 一 泊 でも 駐車 料金 が 必要 という の に 驚い た ． 予約 時 に 条件 を きちんと 確認 し なかっ た 自分 が 悪かっ た と 思う ． だが ， フロント で 聞く と 東横 イン の サイト で 直接 予約 する と 10 日間 まで は 無料 な ので そう で ． とても 郊外 に ある ホテル の サービス と は 思え なかっ た ． そんなに 自社 サイト で 予約 を 取り たけれ ば ， 楽天 トラベル で 販売 し なけれ ば よい で は ない か と 反感 しか 浮かば なかっ た ． また 客室 の 設備 面 は 東横 イン が 買い取っ て から ほぼ 更新 し て い ない と 思わ れる ． そろそろ バス ルーム は 改装 し たら どう だろ う か ？', 
",1
そろそろ,"まず 、 お 部屋 全体 を 見る と 古 さ が あり そろそろ リフォーム が 必要 な の で は ない か と 思い まし た ', 
",1
そろそろ,"また 、 エアコン 、 ドライヤー など 前 ホテル から の 使い 回し 設備 は 、 そろそろ 改善 を 行っ て 欲しい です ', 
",1
そろそろ,"そろそろ 社長 ブランド の 商品 販売 とか 止め て は どう か と 思い ます ', 
",1
そろそろ,"そろそろ 我慢 も 限界 な ので 書か せ て いただき ます ', 
",1
そろそろ,"そろそろ 設備 も 新しい の に し たら と 思い まし た ', 
",1
そろそろ,"地 デジ 対応 の テレビ な ん です から 、 そろそろ 地 デジ に し て は いかが でしょ う か ？', 
",1
そろそろ,"部屋 の 壁紙 や 調度 品 の くたびれ 具合 から いっ て も 、 そろそろ リニューアル 工事 の 時期 に 来 て いる の で は ？ 唯一 の 救い は 、 フロント 接客 の 笑顔 が よかっ た 点 か ・ ・ ・ ', 
",1
そろそろ,"ベット は そろそろ 交換 の 時期 で は あり ませ ん か ？ 傷み が 激しく て 寝付け ませ ん でし た ', 
",1
そろそろ,"ユニット バス の 紹介 写真 は 、 そろそろ 替える べき ', 
",1
そろそろ,"そろそろ 、 別 の ホテル 系列 に す べき な の かも ・ ・ ・ ・ ', 
",1
そろそろ,"そろそろ 建て替え な の かも しれ ませ ん が 、 営業 する 以上 は 最低限 の 営繕 を お願い し たい か と 思い ます ', 
",1
そろそろ,"） ＜ 感想 ＞ 駐車 場 が 近所 の ボウリング 場 の もの 、 しかも 1050 円 ！ 設備 の 早急 な 増設 は 無理 として も 、 この 口コミ で 皆さん お 困り の 声 が いっぱい 集まっ て いる の です から そろそろ 料金 を 再考 さ れ て は いかが でしょ う か 
",1
ぬるぬる,"お 風呂 の バス の 栓 は ぬるぬる ', 
",1
ぬるぬる,"埃 も 多い 、 ボディ ソープ は ぬるぬる 過ぎ て 取れ ない ', 
",1
ぬるぬる,"床 とか 壁面 なんて 特に ぬるぬる し て 汚 すぎ です ', 
",1
ぬるぬる,"挙句 の 果て 、 楽しみ に し て い た 大 浴場 の 風呂 オケ は ぬるぬる で 明らか に 磨い て おら ず 汚く て 、 触る の を ためらい まし た ', 
",1
ぬるぬる,"特に 大 浴場 は カビ だらけ 壁 も 椅子 も ブツブツ と 真っ黒 、 床 は ぬるぬる 、 リネン は 散らかっ た まま 置き っぱなし ・ ・ ・ 壊れ た 器具 は 修理 も し て ない ', 
",1
ぬるぬる,"湯沸かし ポット は 便利 だっ た が 中 が ぬるぬる し て おり 、 洗面 台 の 使い にく さ も あり 、 洗う のに 一苦労 ', 
",1
ぬるぬる,"結局 浴槽 を 使っ て ぬるぬる を 洗い流し た ', 
",1
ぬるぬる,"バス タブ が とても 狭く て お湯 を はっ て 入浴 し まし た が 、 浴槽 が ぬるぬる し て い た ので 、 次 入る 人 が い た ので 手 で こすっ て から シャワー で 流し まし た が 、 ぬるぬる は 取れ て い なかっ た よう です ', 
",1
ぬるぬる,"バス タブ が とても 狭く て お湯 を はっ て 入浴 し まし た が 、 浴槽 が ぬるぬる し て い た ので 、 次 入る 人 が い た ので 手 で こすっ て から シャワー で 流し まし た が 、 ぬるぬる は 取れ て い なかっ た よう です ', 
",1
ぬるぬる,"バス タブ に 髪の毛 、 蛇口 は ぬるぬる 、 鏡 に は 洗剤 の 跡 が べったり つい て い て 、 とても 気持ち 悪かっ た 
",1
びしょびしょ,"」 と 電話 し た の です が 、 向かう 電車 の 中 で 携帯 が 鳴り響き 、 チェックイン の 時間 が 過ぎ て い ます と ・ ・ 予定 より 少し 遅れ て い まし た が 、 まだ 1 時間 半 位 しか たっ て おら ず ・ ・ 到着 する と 雨 で びしょびしょ の 中 タオル は １つ 頂け ます か ？ と 聞く と 「 50 円 」 さらに は 、 フロント が 声 も 小さく もごもご と 何 を 話し て いる の か まったく 聞き取れ ず 、 おもわず 聞き返し て しまい まし た ', 
",1
びしょびしょ,"部屋 は 綺麗 で 清潔 でし た が 、 備え付け の 机 ( テレビ の 横 、 コンセント の 近く 、 通常 パソコン や 荷物 を 置く で あろ う 所 ) に 置い て い た 靴下 と 電子 機器 が 、 真上 に あっ た エアコン から の 水 漏れ で びしょびしょ に なり まし た ', 
",1
びしょびしょ,"ちょっと 垂れ た 、 という レベル で は なく 雨漏り の よう に 絶え間 なく 漏れ て き て 、 一帯 が びしょびしょ です ', 
",1
びしょびしょ,"また 、 チェックイン 時 に 室内 の 床 が びしょびしょ でし た ', 
",1
びしょびしょ,"ただ 残念 だっ た の は 洗面 所 の お湯 が 熱 すぎ て 
",0
びしょびしょ,"調節 出来 なかっ た 事 と 、 バス タブ の お湯 の 排水 時 に バス ルーム に 排水 が 溢れ て バス マット が びしょびしょ に なっ て びっくり し まし た ', 
",1
びしょびしょ,"シャワー の 切り替え が やり づらい し 、 なぜ か バス マット が びしょびしょ に なっ て しまっ た ', 
",1
びしょびしょ,"2 . 風呂 の 湯 を 抜い たら お湯 が 漏れ て き て 、 マット が びしょびしょ に なっ て 使い物 に なら なかっ た ', 
",1
びしょびしょ,"以前 宿泊 時 より 食事 の 質 が 低下 し た 、 風呂 上がり の マット が びしょびしょ に 濡れ て い て 、 とても 風呂 上がり が 不愉快 でし た ', 
",1
びしょびしょ,"おかげ で バス マット は びしょびしょ 、 あやうく トイレ の タイル まで びしょ濡れ に なり かける ところ でし た ', 
",1
びしょびしょ,"システム バス に バス マット を 敷い て 置い た だけ で マット が びしょびしょ に なり 一 度 交換 し た が 、 朝 に は また びしょびしょ で 使え ない 最悪 ', 
",1
びしょびしょ,"システム バス に バス マット を 敷い て 置い た だけ で マット が びしょびしょ に なり 一 度 交換 し た が 、 朝 に は また びしょびしょ で 使え ない 最悪 ', 
",1
びしょびしょ,"大 浴場 は もっと 悲惨 で 、 ロッカー も ない 、 アメニティ も 用意 なし 、 床 の マット や タオル も ない から 、 床 が びしょびしょ の まま で 放置 さ れ て いる ', 
",1
びしょびしょ,"お 風呂 も 詰まっ て いる の か 流れ が 悪く 脱衣 スペース ？ 床 部分 に 水 が 逆流 し て おり 足 ふき マット が びしょびしょ に なっ て しまい まし た 
",1
もごもご,"」 と 電話 し た の です が 、 向かう 電車 の 中 で 携帯 が 鳴り響き 、 チェックイン の 時間 が 過ぎ て い ます と ・ ・ 予定 より 少し 遅れ て い まし た が 、 まだ 1 時間 半 位 しか たっ て おら ず ・ ・ 到着 する と 雨 で びしょびしょ の 中 タオル は １つ 頂け ます か ？ と 聞く と 「 50 円 」 さらに は 、 フロント が 声 も 小さく もごもご と 何 を 話し て いる の か まったく 聞き取れ ず 、 おもわず 聞き返し て しまい まし た ', 
",1
もごもご,"車内 で も 運転 手 さん の 挨拶 もごもご もと よく 聞こえ ず … 最後 降りる 時 に こちら から ありがとう ござい まし た と 言っ た の です が 
",1
ぐだぐだ,"フロント も ぐだぐだで 二 度 と 利用 し たく ない です ', 
",0
ぐだぐだ,"ただ 、 オープン 当初 だっ た から か 、 スタッフ の 対応 が ぐだぐだで 、 入口 ロビー に は 預かり 荷物 が 散乱 し 、 チェックイン 時間 ギリギリ まで 手続き も でき ず 焦っ て いる の か 、 こちら に対する 対応 も ぞんざい で 、 感じ の いい もの で は あり ませ ん でし た 
",0
うとうと,"喫煙 しか なかっ た ため 、 喫煙 を 申し込む しか なかっ た し 、 東横 会員 として 直接 申し込む も 空 室 なし だっ た ため 、 やむなく 申し込ん だ が 、 入室 早々 、 タバコ の 悪臭 で 、 吐き気 を 催し 、 窓 を 開け たり 、 換気扇 を 強 に し たり し て 、 馴染ん だ ものの 、 風呂 を 入れる と 、 リセット さ れ て 、 再度 、 煙草 臭 で 吐き気 、 寝 よう に も 、 タバコ 臭い ベッド で 、 気持ち 悪く て なかなか 寝 られ ず 、 そうこう する うち 、 深夜 2 時 過ぎ か 、 隣室 か 、 上 階 か 、 風呂 を 入れる の か 水道 の 音 やら ヘア y の 出入り の 音 が とても うるさく 、 悪臭 と 騒音 と で 寝 られ ない ママ 、 うとうと と いつの間にか 寝 て しまっ た ものの 、 最悪 でし た ', 
",1
うとうと,"という こと で ロビー で 過ごし て い たら 、 うとうと し て しまっ た ', 
",1
うとうと,"3 時 まで 寝 れ ず に うとうと し て 5 時 起き て フロント に 言っ て 窓 を 開け て もらい まし た ', 
",1
うとうと,"再度 寝よ う と 思う が 叩き 起こさ れ た ので なかなか 寝付け ず 、 ようやく うとうと し た 頃 掃除 の スタッフ が ドア を あけ て 入っ て こよ う と する ', 
",1
うとうと,"朝方 に なっ て うとうと し てる と ６ 時 に また 人 の 話し声 が 聞こえ 、 最後 に 一 本 締め まで 
",1
つんつん,"つんつん し て い て 次回 は ちょっと 考え て しまう よう な 高圧 的 な 印象 でし た 
",1
ちょくちょく,"「 朝食 付 （ サービス ） 」 の ホテル は ちょくちょく 利用 いたし ます が 、 その 中 で は 一番 シャビー な 感じ の 朝食 内容 でし た ', 
",1
ちょくちょく,"松山 出張 の 時 は ちょくちょく 利用 し ます ', 
",1
ちょくちょく,"会社 に 近い ので ちょくちょく 利用 さ せ て もらっ て い ます ', 
",1
ちょくちょく,"Wi - Fi 安定 性 悪い ちょくちょく 切れる 、 立地 条件 悪い 、 周り に お 店 少ない 、 部屋 が 汚 ない 、 バス ルーム 狭い 、 バス ルーム の 段差 メチャクチャ 高い 、 朝 ご飯 無い わり に 朝食 付き の ビジホ と 値段 変わら ない 、 今 まで に 泊まっ た ビジホ の 中 で 最低 最悪 ', 
",1
ちょくちょく,"冷え ない わけ で は ない です が 、 冷え すぎ で ちょくちょく 切ら ない と いけ ない 
",1
とぼとぼ,"送迎 バス も ある よう です が 、 初日 到着 時 に は 特に 案内 も なく 、 とぼとぼ 歩い て まいり まし た ', 
",1
とぼとぼ,"疲れ て い た のに 、 と ぼとぼと 反対 方向 へ 歩き 、 楽しい 旅 が だい なし でし た 
",0
ぐしゃぐしゃ,"エコ プラン を 選ん で しまい 、 歯ブラシ は 無い し 、 ゴミ は 箱 から あふれ て いる 状態 、 シーツ は ぐしゃぐしゃ 
",1
まるまる,"釧路 から の 移動 で 疲れ て 15 時 30 に 到着 し 、 チェックイン しよ う と し まし た すると 16 時 から しか 入室 でき ない と 言わ れ た 年間 ７ ０ ～ ８ ０ 泊 する が 16 時 チェックイン の ホテル なんて 初めて だ ！ たとえ 16 時 だ として も たかが ３ ０ 分の 融通 も 利か ない の か ・ ・ ・ 掃除 が 間に合わ ない の か と 思い き や 「 １ ５ ０ ０ 円 払っ て メンバーズカード に 入会 すれ ば 今 すぐ 入室 でき ます 」 ・ ・ ・ という こと は は 部屋 に 入れる って こと だろ ！ その こと を 言う と 入室 でき ます が 延長 料金 １ ０ ０ ０ 円 を 頂き ます ・ ・ ・ だ と ！ なんと 融通 の 利か ない フロント だ ！ じゃ どう すれ ば いい の ？ と 聞く と 「 そちら で １ ６ 時 まで お待ち ください 」 だって ！ 会員 に なら なきゃ \ u 3000 ちゃん と し た 客 扱い し ない よう だ ！ 逆 に 、 こんな 接客 する から 会員 に なら ない と 言い たい ！ こんな ホテル の 会員 など 金 もらっ て も 断る 多数 の ホテル の メンバー に なっ てる が 入会 金 取る の も ここ が 初めて 先月 まで は 旭川 経由 だっ た ので 北見 に 宿泊 し て い た が 今月 から ルート 変更 し た ので 網走 に しよ う と 思っ て い た 毎月 ２ 回 で 年間 ２ ４ 泊 は 間違い なく する の に たった ３ ０ 分 の こと で 客 を 逃す 雑 な 接客 は 殿様 商売 的 に 感じ た さら に ！ ！ 気分 の 悪い まま 部屋 に 入っ て 暑い から エアコン つけ たら ものすごい 異臭 ！ ！ しばらく すれ ば 治 まるまる か と 思い き や いつ まで たっ て も ものすごい 悪臭 で 吐き気 を も ようす ほど 窓 を 開け て ガマン し なきゃ なら ない よう だ 会員 に なら なく て 大 正解 でし た 東横 に は ２ 度 と 泊まり ませ ん から ・ ・ ・ 
",1
じろじろ,"スタッフ の 方 も 目 の 前 に いる に も かかわら ず 、 戸惑っ て いる 私 たち を じろじろ 見る だけ で 、 非常 に 不快 な 気分 に なり まし た ', 
",1
じろじろ,"ホテル に 入っ た 途端 、 ロビー で お 酒 を 飲ん で いる 人達 が おり 、 じろじろ 見 られ たり 、 大声 で 話 を し て い たり 、 と 、 非常 に 不快 
",1
さくさく,"だからこそ 、 小うるさい 説明 より も さく さく と し た 客 捌き が 必要 な の で は あり ませ ん でしょ う か 
",0
おろおろ,"その後 、 5 分 くらい し て から 、 「 火事 です ！ 」 の 放送 ！ ！ びっくり し て 、 おろおろ し て いる と 、 数 分 後 、 「 異常 あり ませ ん でし た 
",1
どきどき,"\ u 3000 こちら は 、 鍵 を し て ある 部屋 を 開け られ びっくり し た の と 、 鍵 を 抜か れ て 部屋 の 電源 が 落ち 、 どきどき し て 生き た 心地 が し ませ ん でし た 
",1
ぎりぎり,"シングル 一 泊 で 利用 し まし た ！ ただ 宿泊 する だけ でし たら 
",0
ぎりぎり,"シャトル バス も 出 て いる ので 便利 だ と 思い ます ！ 大鳥居 駅 出 て すぐ で わかり やすい し 、 バス 乗り場 も 隣り の 東横 イン 1 の 目 の 前 な ので わかり すく 近い ので チェック アウト ぎりぎり に なっ て も 大丈夫 でし た ！ ただ 、 飛行機 など の 疲れ で 
",1
ぎりぎり,"16 時 まで チェックイン を 待つ の は 
",0
ぎりぎり,"しんどい です ねぇ (＞＜) それなら ちょうど いい 時間 の シャトル バス が あれ ば と 思う ', 
",0
ぎりぎり,"自分 より 後 に 来 た 人 は 何 も 残っ て い なく 帰っ て 行っ た 、 ぎりぎり の 時間 に 来 た から だ と は わかる が あれ は あんまり でし た ', 
",1
ぎりぎり,"チェック アウト ぎりぎり で の 出発 （ 朝 10 時 ごろ ） を 想定 し て い た の です が 、 部屋 で くつろい で い た 9 時 から 、 尋常 じゃ ない 壁 を たたく 音 や 作業 音 で 部屋 に いる こと も でき ず 致し方 なく 部屋 を で まし た ', 
",1
ぎりぎり,"エレベーター 待ち を ７ 分 くらい し た ため 、 余裕 を 持っ て 出発 し た はず が 、 仕事 に ぎりぎり 間に合い まし た ', 
",1
ぎりぎり,"お 部屋 は ぎりぎり の 予約 だっ た ので 、 エレベーター の 近く で 寝 られ ませ ん でし た が 、 仕方 が 無い と 思っ て い ます ', 
",1
ぎりぎり,"掛け布団 の シーツ が 上 の ほう に 余り が あり すぎ て 、 下 の ほう は 足 の 指 ぎりぎり まで しか あり ませ ん でし た ', 
",1
ぎりぎり,"（ ひょっとしたら 後 出し ルール ？ ） 4 連 泊 で あり フロント と 揉め たく ない 、 ホテル も ぎりぎり の 経営 か と そこ で は 応じ た ', 
",1
ぎりぎり,"結局 朝食 が 遅れ て 、 チェック アウト が ぎりぎり と なっ たら 「 これ 以上 は 割増 料金 」 と 督促 の 電話 ', 
",1
ぎりぎり,"朝 7 時 から 開店 な の です が 、 ぎりぎり まで 開か ず ', 
",1
ぎりぎり,"また 、 深夜 に 到着 し て 、 翌日 は 仕事 が 休み だっ た ので 、 チェック アウト に 間に合う よう ぎりぎり まで 眠ろ う と 思っ た のに 、 ８ 時半 過ぎ から ルーム クリーニング の スタッフ の 方 が 、 廊下 で 大声 で 会話 を はじめ 、 目覚め て しまい まし た ', 
",1
ぎりぎり,"サービス と 価格 の バランス が ぎりぎり 保た れ て いる という 感じ ', 
",1
ぎりぎり,"イベント が あっ て 混雑 する 日 に 宿泊 し た ん です が 、 ぎりぎり に 予約 し た 人 は シングル に 2 万 円 を 超える 値段 を つけ て い た と 聞き 、 驚き まし た ', 
",1
ぎりぎり,"それ の 程度 の 食事 を ホテル の チェックイン の 時 の 選択 画面 で 勧誘 し 、 しかも アノ 程度 で 1000 円 の 金 を とる ！ \ u 3000 おかげ で 朝食 は ゆっくり 食べる 時間 も なくなり 、 講習 会場 に も ぎりぎり に なり まし た ', 
",1
ぎりぎり,"ベッド と テレビ は 大型 だ が 、 部屋 は とても 狭く 、 椅子 の スペース も ぎりぎり でし た ', 
",1
ぎりぎり,"駅 近 で 喫煙 可能 の 部屋 が ここ だけ だっ た ので 、 狭 さ は ぎりぎり 我慢 し まし た が 、 お 部屋 の 汚 さ が 残念 でし た ', 
",1
ぎりぎり,"ぎりぎり でも 「 やや 不満 」 でしょ う か ？ 部屋 に 歯ブラシ が 恐らくは 置き忘れ て あり 、 禁煙 ルーム だっ た の です が 、 消 臭 剤 の 臭い が あまりに も 残り 過ぎ でし た 
",1
くらくら,"そのまま です と 頭 が くらくら し まし た 
",1
めちゃめちゃ,"湯 温度 は めちゃめちゃ 高く て 手 を 焼け ど し そう に なっ た ', 
",1
めちゃめちゃ,"「 東横 イン 」 だ から と 安心 し て い た が 、 直営 の 駐車 場 が 無く 契約 の ところ を 言わ れ た が 、 めちゃめちゃ 遠く 、 説明 不足 だ と 思っ た ', 
",1
めちゃめちゃ,"めちゃめちゃ 狭い です ', 
",1
めちゃめちゃ,"狭い … 立地 だけ は 、 良かっ た 夜 遅く まで 、 飲ん で も 近い から 、 めちゃめちゃ 楽 ', 
",1
めちゃめちゃ,"
",0
めちゃめちゃ,"特に 受付 で 
",0
めちゃめちゃ,"チェックイン する 準備 中 に 
",0
めちゃめちゃ,"暇 な の か わから ない けど 従業 員 同士 で 
",0
めちゃめちゃ,"しゃべっ てる し 
",0
めちゃめちゃ,"海 遊館 の チケット の 説明 も ない し 
",0
めちゃめちゃ,"エレベーター は めちゃめちゃ 暑い し 
",1
めちゃめちゃ,"最悪 だっ た ', 
",0
めちゃめちゃ,"部屋 は めちゃめちゃ 狭く 部屋 入り口 の ドア に ほこり は たまっ て いる し トイレ の カバー は 壊れ て いる し カーテン は 破れ て ボロボロ で すごく 不愉快 だっ た 
",1
ぐちゃぐちゃ,"チェック アウト の 時 も 、 また ひどく 混雑 し て 、 順番 は ぐちゃぐちゃ ', 
",1
ぐちゃぐちゃ,"8 時 頃 朝食 に いき まし た が 、 大皿 の 中 の おかず が ぐちゃぐちゃ で 、 周り の テーブル は よごれ て い て 、 周り の 中国人 が 大声 で 話し て い た ので 、 落ち着い て 食べる こと が でき ませ ん でし た ', 
",1
ぐちゃぐちゃ,"朝食 で 料理 を 取り分け て いる 時 、 給仕 の 従業 員 に 味噌汁 椀 を 倒さ れ て トレー が ぐちゃぐちゃ に なっ て しまっ た ', 
",1
ぐちゃぐちゃ,"・ 客 の 質 の 内容 と かぶり ます が 、 朝食 で 置か れ て いる ものの 並べ方 が ぐちゃぐちゃ で 、 食べる 気 も し ませ ん でし た ', 
",1
ぐちゃぐちゃ,"24 : 00 頃 から 大 浴場 を 利用 し まし た が 、 脱衣 所 が 髪の毛 だらけ で 、 浴場 と の 通路 の 足 拭き マット が ぐちゃぐちゃ に なっ て おり 、 また 、 風呂 椅子 が 汚く 、 １ 日 の 疲れ を 流す どころか 、 部屋 に 戻っ て から シャワー を 浴び なおさ ない と 気持ち 悪い よう な 状態 でし た ', 
",1
ぐちゃぐちゃ,"引き出し 内 の ホテル 説明 など の 用紙 が ぐちゃぐちゃ ', 
",1
ぐちゃぐちゃ,"造り 付け の 窓際 の 机 に は 、 埃 が かぶっ た 電気 コード 配線 が ぐちゃぐちゃ に なっ て 右側 を 占め て い たり 、 左側 に は 音 の うるさい 冷蔵庫 が デン と 置か れ て い たり 、 電源 が 少ない ため か 、 垢 まみれ の 延長 コード が 冷蔵庫 下 から ぶら下がっ て い たり と 、 室内 インテリア に対して この ホテル は 全く 関心 が ない こと が 分かり ます ', 
",1
ぐちゃぐちゃ,"足 ふき マット は 排水 で ぐちゃぐちゃ に なり まし た 
",1
ぶつぶつ,"店員 は あら や だ 
",0
ぶつぶつ,"と 言い ながら 、 呆然 と する 私 を 無視 し 、 ぶつぶつ 文句 を 言い ながら 引っ込み まし た ', 
",1
ぶつぶつ,"インターネット が 使える 部屋 という こと で 予約 し た が 、 Wi - Fi は ぶつぶつ と 切れ て 使い物 に なら ず 、 優先 を 利用 する しか なかっ た ', 
",1
ぶつぶつ,"朝食 会場 が 飲み屋 か 何 か 知ら ない が 、 狭い 、 店員 の 姿 は 見え ない い て も まとも な 案内 も ない 、 客 を 邪魔 そう に し て いる など とても 客商売 と は 思え ない 状態 だっ た が 、 それ だけ で は なく 店員 が ぶつぶつ と 客 へ の 不満 だ か 何 か を つぶやき ながら 動い て い た 
",1
ぷんぷん,"パン は 添加 物 の 匂い が ぷんぷん する 、 おにぎり は ふりかけ で 作ら れ て いる 申し訳 程度 の おかず は 加工 品 な の か 、 臭く て 不味い 
",1
もそもそ,"朝食 も そもそも おまけ な ので 、 最初 から 期待 し て い ませ ん ', 
",0
もそもそ,"そもそも そんな 対応 しか でき ない の なら 電話 を バック ヤード に しばえ ば ？ 目 の 前 の お客 さん を 不快 に さ せる なら 逆 効果 です ', 
",0
もそもそ,"オーダー し て も そもそも ない 、 という ', 
",0
もそもそ,"そこ は 確認 も 何 も 、 第 一 に 謝罪 、 大 至急 手配 する の が 普通 の ホテル でしょ う ？ \ u 3000 あっ 、 普通 の ホテル は 、 そもそも そんな いい加減 な こと は し ない か ・ ・ ・ 
",0
ぼこぼこ,"お 風呂 から とても 臭い におい と 、 ぼこぼこ という 大きな 音 が し て 、 よく 寝 られ ませ ん でし た ', 
",1
ぼこぼこ,"ぼこぼこ という 大きな 音 は 、 他 の お客様 が お 風呂 を 使用 し て いる ため に 起こる と の こと ', 
",1
ぼこぼこ,"その後 、 ぼこぼこ に 腫れ ・ ・ ・ ', 
",1
ぼこぼこ,"とにかく 狭い 設備 が 古い 風呂 の 栓 を 抜く と トイレ の 床 が びちょびちょになる 隣 の 部屋 が お 風呂 を 流す と 排水 溝 が ぼこぼこ 音 を 出し うるさい その 割 に 高い ', 
",1
ぼこぼこ,"中古 物件 ホテル を 改装 し た 営業 と 思わ れ 、 ベット は ぼこぼこ 、 風呂 は 臭い 感じ が 漂い ます 
",1
すいすい,"「 すいすい お 部屋 に 入り たい 」 「 安心 、 快適 、 清潔 な お 部屋 」 「 女性 に は 嬉しい 選べる アメニティー 」 「 ご 招待 に オススメ 」 全部 あり ませ ん でし た 
",1
しゃきしゃき,"鶏肉 入り で 、 玉ねぎ も しゃきしゃき で 、 まずまず でし た 
",1
しゃぶしゃぶ,"外 の 口コミ 通り 、 中国人 の 団体 客 が 多く て 朝食 、 また 隣接 し て いる しゃぶしゃぶ 店 で 夕食 し まし た が 皆さん ご存知 の 通り 戦場 と なっ て い まし た ', 
",1
しゃぶしゃぶ,"しゃぶしゃぶ の 肉 は 良い 肉 です が 、 しょうが 焼き の 厚み で やはり 薄い 方 が 美味しい です よ 
",1
ぐたぐた,"駐車 場 の 説明 、 チェックイン の 処理 、 ぐたぐた 
",1
はたはた,"以前 、 不祥事 を おこし た まま 何 も 変わっ て い ない の か と はたはた あきれる ばかり です 
",1
ざらざら,"ただし 、 ビジネス ホテル という こと も あっ て か 、 お 掃除 、 とくに お 風呂 の お 掃除 が 行き届い て おら ず 、 入る と ざらざら 汚れ の 痕跡 を 感じ まし た ', 
",1
ざらざら,"お 風呂 の 脱衣 所 の 床 が 一部 分 ざらざら し た 砂 の よう な もの が あり 、 びっくり し まし た ', 
",1
ざらざら,"風呂 の 掃除 が でき て い ない ． 浴槽 が ざらざら し て い た ． 信じ られ ない ． ', 
",1
ざらざら,"あと 、 風呂 が 掃除 が 行き届い て なく 、 浴槽 が ざらざら 、 気持ち が 悪かっ た ので シャワー で 済ませ た の です が 、 排水 が 悪く ひざ 下 ぐらい まで たまっ て しまい とても 不快 でし た ', 
",1
ざらざら,"寒 さ に たまら ず 浴槽 に お湯 を 入れ て 入浴 し た ものの 、 浴槽 が ざらざら で 気持ち 悪かっ た です ', 
",1
ざらざら,"今回 は 場所 が 良かっ た ので 選び まし た が 、 湯船 は 湯垢 で ざらざら 、 排水 口 の 目 皿 に は 、 前 の 方 の 髪の毛 が 残さ れ た まま 、 天井 に は かび と 、 お 掃除 の 仕方 が 手抜き そのもの 、 バス マット も 置い て なく 最悪 でし た ', 
",1
ざらざら,"バス タブ は 湯垢 で ざらざら 
",1
ばりばり,"Web を 1 頁 開く の に 10 秒 かかる の は ストレス ばりばり です 
",1
もくもく,"\ u 3000 先輩 の 方 は 私 の 目 の 前 で もくもくと ご 自身 の 仕事 を する だけ ', 
",0
もくもく,"電話 で 宿泊 者 に は 海老名 の 駅 から ワン ボックス を 出し て もらえ ない だろ う か ？\ u 3000 無料 の スマホ ？ が 部屋 に あり まし た が 、 今どき 使う 人 は 全員 持っ て いる ので 、 要ら ない の で は ？ この 維持 設置 費用 を コーヒー に 回せる の で は ？\ u 3000 ロビー の トイレ の 前 が 喫煙 室 で 、 もくもくと 外 に 匂い が 漏れ て いる の が 気 に なり まし た 
",0
たらたら,"旅行 者 に トイレットペーパー って 、 一体 なん な ん でしょ う ね ？ 母 と 叔母 から は 不満 たら たら で 、 次 の ホテル （ 私 も よく 使う ） で トイレットペーパ は 処分 し て もらっ た そう です ', 
",0
たらたら,"ラスト 近く で 入っ た から か 従業 員 の たらたら し た 態度 が 不味 さ を 助長 し て くれ た 
",1
ぺらぺら,"布団 も ぺらぺら なので 冬 は 考え た 方 が 良い と 思い ます ', 
",1
ぺらぺら,"\ u 3000 お 布団 が ぺらぺら で \ u 3000 ベッド も 安定 が 悪かっ た です ', 
",1
ぺらぺら,"本当に WiFi 使える 環境 だっ た の でしょ う か ？② 設備 が 古い の は 仕方 ない として も 「 風力 の 弱い かなり 年代 物 の ドライヤー 」 や 「 手洗い 感 満載 の ぺらぺら の タオル 類 」 は 日本 を 代表 する オークラホテル として は 、 いかが な もの か と 感じ まし た ', 
",1
ぺらぺら,"チェックイン の 手続き を し てる 時 に フロント の 方 同士 で ぺらぺら おしゃべり … 接客 態度 が 悪い ！ 街 の 中 に ある と は いえ 外 から 朝方 まで 馬鹿騒ぎ が 聞こえ まったく 寝 れ ない 今 まで いろんな ホテル 泊まり まし た が アパホテル 栄 は 最低 レベル でし た ', 
",1
ぺらぺら,"仕事 で 全国 の アパホテル に 泊まら せ て いただい て ます が 、 枕 が ぞうり の よう に ぺらぺら だっ た の は ここ が 初めて です 
",1
わーわー,"まず わ ー わ ー と はしゃぎ ながら なので 列 が 進ま ない です し 、 よく よく 席 を 数え て みる と 30 席 程度 しか あり ませ ん でし た ', 
",0
わーわー,"けど 、 宿 側 で フロア を 分ける とか そういう 配慮 が 、 せめて ガラガラ の 平日 くらい あっ て も いい の で は ない か ？ いま も わ ー わ ー と 意味 の 分から ない やりとり が 廊下 で 続い て い ます ', 
",0
わーわー,"他 の 口コミ 通り 
",0
わーわー,"治安 は あまり よく なく 
",0
わーわー,"朝 から バタバタ と ルームメーキング の 方々 が うるさく 
",0
わーわー,"帰り に エレベーター 待ち を し て いる 横 で 
",0
わーわー,"私語 で わ ー わ ー と 話し し て い て 
",0
わーわー,"しまいに 私 の 前 に 来 て 
",0
わーわー,"エレベーター 横 の 鏡 で 
",0
わーわー,"髪 など を 治し 始める 始末 
",0
ぐらぐら,"部屋 の ライト の 所 の ガラス テーブル が 、 ぐらぐら し て い て ３ 箇所 、 手 で ネジ を 締め まし た ', 
",1
ぐらぐら,"想像 以上 に \ u 3000 ぼろい ５ 千 円 払い エキストラ ベット を 入れ て もらっ た が \ u 3000 側面 は びりびり \ u 3000 肘掛 は ぐらぐら すぐ はずれ \ u 3000 子供 が とび出 てる 釘 で みみず 腫れ に なっ た ', 
",1
ぐらぐら,"風呂 の シャワー フル だ ー が ぐらぐら し て い て 危険 ', 
",1
ぐらぐら,"アパ ホテル って 初めて で 普通 の ホテル だ と 思っ て た ん だ けど ビジネス ホテル ?? まず 立っ てる 場所 窓 から 見える 景色 は 墓地 ！ シャワー の 湯 加減 も 調節 し づらい ベッド の 脇 に ある スタンド ライト は 脚 が 壊れ て て ぐらぐら し て て 倒れ て き た し 危ない 
",1
ごぼごぼ,"雨 で も ない のに 、 ジャバジャバ 、 ご ぼ ご ぼ 、 しょっちゅう 音 が し て い て 、 うるさく て たまり ませ ん ', 
",0
ごぼごぼ,"３ ． ７ １ ５ 室 の 浴槽 に 入っ た が 、 途中 で お湯 が 減り 、 なおかつ 浴槽 外 の 排水 溝 が 、 洗面 台 が ご ぼ ご ぼ いっ て 、 足 ふき マット が 濡れ た 
",0
へとへと,"札幌 に 住ん で いる 息子 の 下宿 部屋 を 大 掃除 し て ホテル に 入り 、 へとへと に なっ て いる のに 精神 的 な 疲れ も 倍増 ', 
",1
へとへと,"当日 キャンセル なら 、 キャンセル 料 100 % です よ ね ？ 
",0
へとへと,"あと 、 外 から 部屋 に 戻る 際 、 何 階 か 忘れ た ので 、 エレベーター の 所 に い た スタッフ に 聞い た ところ 、 全く 違う 階 を 教え られ 、 隅 から 隅 まで 探し て 歩き 、 へとへと に なり まし た ', 
",1
へとへと,"かなり 疲れ て い て へとへと に なっ て い まし た が 、 荷物 は 運ん で もらえ ず 、 フロント の 方 は みんな パソコン に 向かっ て 何 か し て い て 返事 も せ ず ', 
",1
へとへと,"帰り へとへと で ホテル に 着く と 駐車 場 が 満車 で 離れ た ヤマダ電機 の 駐車 場 （ 3 F 以上 ） へ 泊め て ください と の こと 
",1
すかすか,"接客 が 悪い 
",0
すかすか,"対応 が 特に ！ 
",0
すかすか,"あの 応対 で あの サービス がっかり し まし た \ t 朝 の 食事 も なんか 不潔 だ し 種類 も なく すかすか フロント 対応 ひどい 
",1
ぼさぼさ,"フロント の 対応 … マスク し た 頭 が ぼさぼさ の 太っ た 女性 が 対応 し て い まし た 
",1
ちくちく,"なぜ か 体 もち くちく し て かゆみ が あり まし た 
",0
ぽたぽた,"ぽたぽた と うるさい だけ だ が 、 もったいない ', 
",1
ぽたぽた,"・ 部屋 の シャワー が きちんと 止まっ て おら ず 、 ぽたぽた と 水 が たれ て い た ・ その せい で ユニット バス が 湿っぽく なっ て おり 、 タオル が しっとり と 湿っ て い て 気持ち が 悪かっ た ', 
",1
ぽたぽた,"洗面 台 蛇口 か トイレ の 貯水 タンク か 、 出所 は わから なかっ た の です が 、 一 晩 中 水滴 が ぽたぽた たれる 音 が し て い まし た ', 
",1
ぽたぽた,"また お 風呂 の 蛇口 は よほど きつく 締め ない と 水 が ぽたぽた し ます ', 
",1
ぽたぽた,"夜中 も どこ から か 水 の ぽたぽた する 音 が し ます 
",1
ぼそぼそ,"女性 は 一生懸命 な の は わかり ます が ぼそぼそ と 喋っ て て 、 なんだか よく わから ず ・ ・ ・ ', 
",1
ぼそぼそ,"着い たら 着い た で 、 チェックイン の 対応 を し て くれ た フロント の 女性 スタッフ が とても ぼそぼそ 喋っ て い て 、 声 が よく 聞こえ なかっ た の が 印象 的 でし た 
",1
ごそごそ,"ただ 朝 6 時 頃 から 清掃 の 方 が ごそごそ する の は やめ て もらえ ない でしょ う か ', 
",1
ごそごそ,"部屋 に 戻れ ば 館内 放送 の スイッチ が 入り っぱなし で 、 ご た がた ごそごそ 落ち着か ない 、 ＡＰ Ａ ホテル は 名 が 通っ て いる けど こう ゆう 対応 は 酷い ！ ！ ！ 
",1
さらさら,"担当 の おばさん 達 は しゃべっ て いる だけ で 補充 する 気 は さらさら なし 
",1
かんかん,"さらに 、 電気 な の か 難 な の か 、 壁面 上部 の 配電 パネル の よう な もの が カンカン かんかん やかましかっ た 
",1
こそこそ,"\ u 3000 しか ー し 、 食事 で 髪 の 長い 男性 が 来る と 、 食堂 の おば ちゃん 達 が こそこそ 噂 話し て い て 嫌 な 感じ でし た ( x _ x )\ u 3000 夜 も 静か に 眠れ ず 、 車 の 音 や ガタガタ 外 で やっ て いる 音 が し て い て よく 眠れ ませ ん でし た (*_*) 
",1
たどたど,"チェックイン の フロント は 、 研修 中 な の か たどたどしく 、 終始 こちら を 見 ず 、 下 に 置い た 何 か （ ヵンペ ？ ） を 見 ながら ', 
",0
たどたど,"たどたどしい の は しょうが ない と 思い ます が あまりに も 酷 すぎる ', 
",0
たどたど,"清掃 が 行き届い て い ない 、 スタッフ の 応対 が たどたどしい 、 館内 が 暗く 壁 が 薄く て 安心 感 が ない 、 部屋 も 暗い ！ 寝心地 最悪 
",0
ぼろぼろ,"お 部屋 は リノベーション さ れ て い まし た が 、 以前 の もの が 残っ て い て 、 汚 さ が よく 見る と 残っ て い まし た （ 例 ： 机 の ふち が はげ て ぼろぼろ ＋ 手あか で 汚れ て いる 、 お 風呂 の 床 の デザイン が 古い ＋ 浴槽 の 縁 が さび て いる ） 写真 を 見る と 、 すごく おしゃれ な 感じ が し ます が 、 古い 部分 が 残っ て おり 、 ちょっと 期待 はずれ です ', 
",1
ぼろぼろ,"また 駐車 場 も 暗く 蛍光 管 も 安い 白色 で 、 たばこ の 吸い殻 が 落ち て たり 、 守衛 さん が い た ところ の あたり は 掃除 が し て なく 汚い 感じ 出口 付近 は さらに 老朽 化 し て おり 軍艦 島 の よう に 路面 も ぼろぼろ で 駐車 料金 は 1260 円 ん ん 廊下 の コンセント も 曲がっ て たり 客室 から 外 を 眺める 錆び た クーラーキャチャー が 目 に 付き 屋根 の 防水 塗料 は はがれ 隣 の マンション は 古く て も 防水 塗料 は きれい で 気持ちいい が ・ ・ ・ 客室 の 電話機 の コード も ほこり が すごい 老舗 なら では お客様 の はっ て いらっしゃる ので もう少し メインテナンス に 費用 を かけ て は いかが でしょ う か ？ 接客 は 気持ち が いい です ので 掃除 メインテナンス を しっかり 頑張っ て ください ', 
",1
ぼろぼろ,"休日 で 高い 料金 だっ た が バス タオル の 縁 が ほつれ て ぼろぼろ で アパ の 名前 が 泣く ね ', 
",1
ぼろぼろ,"入浴 時間 等 の 延長 で 改善 さ れる の で は ない か と 思っ た 今回 は ３ 泊 し た の です が 、 ３ 日 とも 同じ 状態 でし た また 、 室 の 洗面 所 の 蛇口 部分 に 水 赤 （ 茶色 ） が つい て 、 指 で 触る と ぼろぼろ 取れ た ちょっと 気 を つけれ ば 、 掃除 できる 部分 だ と 思っ た ', 
",1
ぼろぼろ,"変更 と なっ た 部屋 は 、 柱 の 壁紙 が はがれ 、 ぼろぼろ でし た が 、 同じ 喫煙 可 の 部屋 に も 関わら ず 、 エアコン 設備 が 全く 違う よう で 、 禁煙 ルーム まで で は ない が 十 分 快適 でし た ', 
",1
ぼろぼろ,"また 、 室内 の ホテル 案内 ファイル は ぼろぼろ 、 まったく 気持ち 悪く て 、 一 時間 でも 早く チェック アウト し たい 気持ち で 過ごし まし た ', 
",1
ぼろぼろ,"部屋 は 、 柱 が ひどく 削れ て へこみ 、 壁紙 も 剥がれ たり 、 窓 ノブ も 取れ て い て 、 修繕 も さ れ て い なく 、 掃除 も 行き届い て なく 、 汚く ぼろぼろ の 印象 ', 
",1
ぼろぼろ,"部屋 において ある 本 が ぼろぼろ ', 
",1
ぼろぼろ,"部屋 に ある パンフレット や 説明 書 も ぼろぼろ な 物 が 置か れ て あっ た ので 、 新しい 物 に 変更 し た 方 が いい の で は と 思い まし た ', 
",1
ぼろぼろ,"この 部屋 は 何 日 お客 さん が はいっ て ない の だろ う ・ ・ ・ と 感じ つつ タオル は ぼろぼろ ', 
",1
ぼろぼろ,"クリーニング の 記入 用紙 は 水 に ぬれ た もの を 乾かし た もの で ぼろぼろ ', 
",1
ぼろぼろ,"ホテル の パンフレット は ぼろぼろ 、 設備 案内 も ぼろぼろ ', 
",1
ぼろぼろ,"ホテル の パンフレット は ぼろぼろ 、 設備 案内 も ぼろぼろ ', 
",1
ぼろぼろ,"・ 部屋 に 置い て ある 約款 、 本 、 冊子 いずれ も 随分 と 置き っ放し な の か 折れ曲がり ぼろぼろ で あっ た ', 
",1
ぼろぼろ,"・ 自慢 の 鶴 の 折り紙 も 使い 回 しか ぼろぼろ に なっ て 来 て い た ', 
",1
ぼろぼろ,"風呂 が ぼろぼろ 
",1
ふかふか,"良かっ た 点 を あげる なら 、 タオル が ふかふか だっ た 事 と ベル スタッフ の 気遣い です ', 
",1
ふかふか,"私 の 不注意 です が 、 最近 の ビジネス ホテル なら 自動 で リターン し ます よ ね ） フロント に は 、 ３ ０ 周年 記念 で 色々 と 飾り 、 カーペット も ふかふか で リッチ な 気分 に さ せ て くれる が 、 とても 連 泊 は し たく ない シングル 部屋 でし た ', 
",1
ふかふか,"普通 ホテル の まくら は ふかふか です が ここ で は ぺったんこ で ここ も マイナス ポイント でし た ', 
",1
ふかふか,"一 人 で 寝 た とき に は 気付き ませ ん でし た が 、 とても ベッド が ふかふか なので 相手 が 寝返り を うつ と とても 揺れ ます ', 
",1
ふかふか,"ベット は とても ふかふか で よかっ た です ', 
",1
ふかふか,"が 、 ベッド が ふかふか し 過ぎ て て 動き づらかっ た です ', 
",1
ふかふか,"ベッド が ふかふか で とても 気持ち が よかっ た 朝食 付き の \ u 3000１６０００ 円 ほど の プラン を とり まし た しかし \ u 30009 時半 頃 朝食 を とろ う と 思い 行っ て み たら ・・・サラダバー の ポテト サラダ が 無い 味噌汁 の 容器 も 無い おかず ？\ u 3000 \ u 3000 \ u 3000 バイキング で も 無い （ ソーセージ 半分 に 切っ た 物 が 三 本 ・ スクランブル エッグ が レンゲ に 2 杯 程度 ・ 申し訳 程度 の もの だっ た ） そして ！ 極めつけ が \ u 3000 \ u 3000 ご飯 が 無い ！ ！ ！ 生まれ て 初めて の 体験 でし た 店員 に ご飯 は ？ と 聞い たら 、 今 買い に 行っ て ます ', 
",1
ふかふか,"ベッド は ふかふか で 寝心地 が 良かっ た ', 
",1
ふかふか,"唯一 、 息子 は ふかふか の ベッド に 大 喜び でし た （ 笑 ） ', 
",1
ふかふか,"ベッド は ふかふか で 寝心地 最高 ', 
",1
ふかふか,"ベッド も ふかふか で 調度 も シック で 過ごし やすい 部屋 でし た が 、 部屋 が 何 か 臭い 
",1
もぞもぞ,"しかし 、 部屋 に 案内 さ れ て くつろい で いる と 友人 の 叫び声 で 何かと 思う と 、 重ね て あっ た タオル の 間 に 小さい 虫 が もぞもぞ と 動い て い まし た 
",1
するする,"ダブル ベッド の マットレス が 悪く \ u 3000 一方 が 寝返り する する たび に 揺れ が 酷く て 目 が 覚め ます 
",0
もやもや,"ホテル から 出 た あと の 私 たち の 気持ち が 分かり ます か ？ ？ せっかく 旅行 に 来 て いる のに ずっと 心 が 曇っ て い て 、 新潟 から 帰っ た 今 も 、 もやもや が 晴れ ませ ん ', 
",1
もやもや,"宿泊 費 も けし て 安く なかっ た ので 、 もやもや し て しまい まし た 
",1
ぼとぼと,"フロント に 電話 し て トロ い 対応 の 挙句 、 汗 ぼとぼと 状態 で 室 換え 
",1
どたどた,"また 、 上 の 部屋 から ？ と 思わ れる ど たど た という 足音 が ときどき 響い て い まし た 
",0
のろのろ,"この 人 、 お 店 の 名前 と 住所 を 伝える と 、 ヤフー で のろのろ と 検索 を はじめ た ので 、 道順 を 聞い て いる だけ だ と 伝える と 、 コピー し た 近所 の 地図 を 見せ ながら 、 この 地図 の 外 です から 説明 でき ませ ん と 言う の です 
",1
びちょびちょ,"・ 浴室 で シャワー を 利用 する と カーテン が 無い ので 床 が びちょびちょになる ', 
",0
びちょびちょ,"排水 時 に 洗面 台下 の 床 が びちょびちょ ', 
",1
びちょびちょ,"足 ふき タオル が ある ので 、 わざわざ 拭く まで は 行き ませ ん が 、 足 拭き は びちょびちょになりました ', 
",0
びちょびちょ,"風呂 の 排水 能力 が 著しく 悪く 、 普通 に シャワー を 浴び て い て も 、 すぐ に くるぶし 位 まで 湯 が たまり 、 挙げ句 の 果て に ユニット の 排水 部分 から 溢れ て トイレ ・ 洗面 部分 の 床 が びちょびちょ ', 
",1
びちょびちょ,"雨 で びちょびちょの 状態 で チェックイン し て いる の です から 、 敢えて こちら から お願い し なく て も タオル くらい 貸し て くれ て も いい の で は ない でしょ う か ？', 
",0
びちょびちょ,"とにかく 狭い 設備 が 古い 風呂 の 栓 を 抜く と トイレ の 床 が びちょびちょになる 隣 の 部屋 が お 風呂 を 流す と 排水 溝 が ぼこぼこ 音 を 出し うるさい その 割 に 高い 
",0
わいわい,"シー から の 帰宅 時 に 結婚式 帰り ？ 宴会 帰り ？ の 団体 が ホテル 入り口 付近 で わいわい 騒い で い た の は 酒 臭く タバコ 臭く で 正直 迷惑 でし た 
",1
びりびり,"想像 以上 に \ u 3000 ぼろい ５ 千 円 払い エキストラ ベット を 入れ て もらっ た が \ u 3000 側面 は びりびり \ u 3000 肘掛 は ぐらぐら すぐ はずれ \ u 3000 子供 が とび出 てる 釘 で みみず 腫れ に なっ た ', 
",1
びりびり,"更に 、 部屋 の カーテン が 、 びりびり に 裂け て いる の に も 大変 驚き まし た 
",1
きんきん,"ベッド は 低く て 堅い し 掛布団 は 羽毛 が 上 半分 に きんきん に 入っ てる のに 下 は 全然 と いっ て いい ほど 入っ て なかっ た し 足元 の 方 が 寒く て なかなか 寝つけ ませ ん でし た 
",1
よれよれ,"Staff 
",0
よれよれ,"ユニフォーム も 色あせ た 、 よれよれ ', 
",1
よれよれ,"アメニティ 用品 は 包装 が よれよれ で 、 何 日 も そこ において ある か の よう でし た ', 
",1
よれよれ,"浴衣 の 上 に 置か れ た 手垢 が つい て よれよれ の 折り鶴 に は 、 ぞっと し まし た 
",1
うつらうつら,"ツイン ベッド でし た が 、 片方 の ベッド が 半分 凸凹 で 斜め に なっ て て 朝 まで うつらうつら で 眠れ ませ ん でし た 
",1
くちゃくちゃ,"左右 関係 なく 割り込み 、 一 度 に 大量 に 持っ て 行く 、 くちゃくちゃ 、 大声 、 、 、 etc 朝食 を 楽しみ に し て い まし た が 、 あの 環境 下 で の 朝食 は 食べる 気 が 失せ まし た ', 
",1
くちゃくちゃ,"それから 、 2 泊 目 、 部屋 に 戻っ て き たら 、 浴室 に 、 雑巾 がわり に 使っ た と 思わ れる 、 くちゃくちゃ に なっ た タオル が 放置 し て あり まし た 
",1
ぎしぎし,"部屋 の 内壁 が ぎしぎし と 軋み だし て だんだん 大きく なり 目 が 覚め て しまい まし た ', 
",1
ぎしぎし,"11 階 の 部屋 に 泊まり まし た が 建物 が 揺れる の が 原因 な の か 音 が ぎしぎし と 絶え間 なく 鳴り 続け て うるさかっ た です ', 
",1
ぎしぎし,"狭い の は しょうが ない の です が 、 スプリング が ぎしぎし いっ て 、 一 人 が 動く と ベット 全体 が 動く 感じ で 、 浅い 眠り でし た … 5 階 から 下 は 会議 室 (？) の よう な もの に なっ て いる ので 乗り降り する 人 が 多く 、 エレベーター が 全然 き ませ ん ！ すごく 安い 訳 で も ない ので 、 もう 利用 し ない と 思い ます 
",1
ばらばら,"状況 の 説明 は もちろん 、 非常 階段 ・ 非 常用 エレベータ へ の 誘導 、 電気 以外 の 部屋 の 鍵 や 水 が 使える か 等 、 従業 員 を 見つけ て 聞い た 人 に は 都度 ばらばら に 答え て い た よう です が 、 聞か ない 人 に対して は 知らん顔 でし た ', 
",1
ばらばら,"３ 社 の 旅行 会社 から ばらばら で 予約 し た ので 、 ホテル で 間違わ ない よう に と 確認 の FAX し て おき まし た ', 
",1
ばらばら,"折角 の 立地 、 温泉 です が 、 コンセプト が ばらばら の 印象 です 
",1
ひそひそ,"チエックイン の 際 、 到着 が 遅かっ た ので 早く 就寝 し たかっ た のに ホテル 側 の ミス ( フロント 同士 の ひそひそ話 が 聞こえ た 範囲 で は 、 他 の 客 に 鍵 を 渡し 間違え た ？ ） で フロント で 長い 時間 待たさ れ 、 理由 も 説明 無く 、 スイート に グレード アップ し た から と 鍵 を 渡さ れ 、 部屋 へ の 行き 方 も 説明 無く 、 こちら から 行き 方 と 駐車 場 の 精算 方法 を 聞い た 
",0
からから,"バス タブ は からから だっ た し 、 掃除 など し て ない の でしょ う ', 
",1
からから,"食事 も 品数 から から 見れ ば 並み 以下 … 
",0
ぷかぷか,"せっかく 新しく て 綺麗 な お 風呂 な のに 洗い場 の 排水 口 が 詰まっ て いる の か 、 足元 に は 流し きれ ない お湯 や 隣 の 人 の 泡 が 大量 に … そして 洗い場 待ち を し て いる 人 が いる くらい な のに 、 全然 浴槽 に 人 が い ない から 不思議 に 思っ て い た の です が 、 浴槽 に 垢 らしき もの が 大量 に ぷかぷか と 浮い て いる の を 見 て 納得 し まし た … 
",1
ちょろちょろ,"水量 は ちょろちょろ か 、 最大 か でし た ', 
",1
ちょろちょろ,"\ u 3000 トイレ ・ ・ ・ 水 が ちょろちょろ 流れる 音 が する ', 
",1
ちょろちょろ,"〇 トイレ の 水 が ちょろちょろ 流れ て い て 、 夜間 に 音 が 気 に なり 、 あまり 良く 寝 れ なかっ た ', 
",1
ちょろちょろ,"最悪 な の は 風呂 の 給湯 が ちょろちょろ 程度 と あり え ない 状態 でし た ', 
",1
ちょろちょろ,"又 驚く こと に 水道 の ちょろちょろ と 流れる 音 も 聞こえ た ところ から 、 おそらく 部屋 の 間仕切り が 薄い か 断熱 ・ 防音 材 など が 設置 さ れ て い ない の で は ない でしょ う か ', 
",1
ちょろちょろ,"部屋 は 、 ベッド は 綺麗 でし た が 、 疲れ て い た ので バス に 入っ て と 思っ た の です が 、 湯 が ちょろちょろ と しか 出 ず 溜まる の に 相当 な 時間 が 掛かっ て しまっ た こと 、 それ に 加え て 湯 温 が 低く て 溜め て いる うち に 冷め て いく の で は と 思う ほど 、 しばらく つかっ て い て も 体 が ほか ほか する と 言っ た こと も なく 、 更に 加え て 部屋 の 温度 も 最高 が 26 度 と 低く 設定 さ れ て い て 、 その 上 ドライヤー の 温度 も 低く 髪 を 乾かし たい の だ が 風邪 を ひく の で は ない か と 心配 する ほど でし た 
",1
がやがや,"ホテル 側 で 対策 で 切る こと は 少ない かも しれ ない が 、 特に 早朝 に 廊下 で がやがや やっ て いる ので 、 できれ ば フロア を 分け て ほしい 
",1
べとべと,"テーブル を 拭く 動作 も 汚れ を ふき取る の で は なく 、 汚れ を 広げ て いる ので テーブル が べとべと ', 
",1
べとべと,"今回 は 、 最悪 、 暑く て 、 寝汗 で 、 べとべと 寝苦しい ', 
",1
べとべと,"カーテン 自体 は べとべと で 触る の も 躊躇 する ほど 
",1
まちまち,"８ 泊 し た けど 、 サービス （ 部屋 の 掃除 とか ） 日 によって （ 人 によって ） まちまち ', 
",1
まちまち,"部屋 の 掃除 が 係り によって まちまち で 、 使っ た 歯ブラシ が 床 に 落ち て い たり し た ', 
",1
まちまち,"従業 員 により 対応 が 丁寧 だっ たり 、 粗雑 だっ たり と まちまち 、 非常 に いただけ ませ ん ', 
",1
まちまち,"数 名 で チェックイン し た の です が 、 カード を 勧め られ たり 勧め られ なかっ たり 、 対応 が まちまち でし た ', 
",1
まちまち,"仕事 で 毎月 行き ます ルート により 利用 は まちまち です が 今回 喫煙 に 変え て いただき まし た が 、 ルーム キー 差し込み 破損 により 感知 し ない ため 修理 し た 方 が いい と 思い ます ', 
",1
まちまち,"\ u 3000 部屋 に 髪の毛 が 落ち て いる （ 長 さ が まちまち な ので 清掃 中 に 抜け た 感じ で は な さ そう ） 
",1
わくわく,"当日 団体 客 が 多く 「 高層 を ご 用意 し まし た 」 と 言わ れ わくわく し て 行っ て みる と エレベーター の 隣 で 夜 、 部屋 の 出入り が ちょっと 怖かっ た です 
",1
くるくる,"それから 電話 で 事前 確認 を し て ある はず な のに 、 部屋 に 「 くるくる ドライヤー 」 の 用意 が 出来 て い ませ ん でし た 
",1
のたのた,"受付 対応 は の た の た と ゆるく 、 そんなに ゆっくり する なら 、 機械 で の チェックイン など 不要 だ と 思い ます 
",0
ちかちか,"部屋 に 入れ ば 、 ホテル の 宣伝 で 目 が ちかちか し ます ', 
",1
ちかちか,"3 、 電球 が ちかちか する と 連絡 し たら 、 LED だ から そんな こと ない と 思い ます と の 回答 ', 
",1
ちかちか,"ただ 、 通さ れ た 部屋 は 内装 が くたびれ 色あせ た 80 年代 そのもの で 、 絨毯 は しみ だらけ で 不潔 感 が あり 、 冷蔵庫 は キムチ の よう な 臭い が 漂い 、 エアコン は 使用 自体 は 問題 ない ものの 、 ダイヤル と 手動 スイッチ の アナログ 、 ベッドサイドランプ の 電球 は 微妙 に 切れ かけ で 若干 ちかちか し 、 翌朝 は 翌朝 で テレビ が フリーズ し て 見る 事 が でき ない し 、 どこ から とも なく 窓際 に 極小 こ ば え が 何 匹 か たかる という なんとも 快適 と は 言え ない お 部屋 でし た 
",1
べらべら,"朝食 も 、 サーブ する 人 が べらべら しゃべり 、 朝 から 疲れる ', 
",1
べらべら,"ルーム キー は 一つ な ので 、 中 に いる 人 に 開け て もらう という こと な の でしょ う が 、 ノック し ながら 「 ママー 、 ママー 」 と 呼ぶ 残念 な 子供 と ドア を 開け た まま で その 子供 と 何やら くだらない 会話 を べらべら し て いる 父親 と 思わ れる マナー の かけ ら も ない 客 、 赤ん坊 の 泣き声 まで 聞こえ て き て もう うんざり でし た 
",1
うかうか,"一泊 目 に 部屋 に 置い て いっ た タオル を 捨て られ 、 チェック アウト し た あと の 忘れ物 は ない と 言う 最低 な ホテル 現金 （ 金品 ） が 無くなっ て ない か 要 確認 し ない と うかうか 泊まれ ない ホテル 
",1
ちまちま,"最後 の 期待 を かけ た 食事 も … … なんと 最悪 に マズ い 、 ちまちま と 冷凍 食品 の 数々 って 感じ 
",1
びちゃびちゃ,"また 、 大 浴場 の 脱衣 所 の 床 が つねに びちゃびちゃ ', 
",1
びちゃびちゃ,"（ 良い 点 ） ・ 部屋 の 環境 は 問題 なし ・ アメニティ グッズ も そろっ て いる （ 悪い 点 ） ・ 脱衣 所 にて 、 排水 の 不備 で 足元 が びちゃびちゃ に なっ てる ', 
",1
びちゃびちゃ,"その せい で 洗面 台 が 一部 水 で びちゃびちゃ に なっ て しまい まし た 
",1
ばかばか,"後 から 気づい た の です が 、 こちら から もらっ て ない と 主張 する の も ばかばかしく 、 そのまま に し て しまい まし た 
",0
べちゃべちゃ,"そこ まで は 良かっ た の です が 、 湯船 から あがっ て 栓 を 抜く と 、 その お湯 が トイレ 側 の 床 に 溢れ て き て べ ちゃ べ ちゃ に なり まし た ', 
",0
べちゃべちゃ,"ご飯 も べ ちゃ べ ちゃ で 水っぽかっ た ので 美味しく あり ませ ん でし た ', 
",0
べちゃべちゃ,"② アパ ホテル 共通 の 事 な ん です が 、 なぜ 洗面 所 に 手 を 洗う 為 の 石鹸 が ない の でしょ う か ？ バス ルーム に 備え てる ボディー シャンプー （ ソープ ） を 使え と 言う 事 でしょ う か ？ スタッフ の 方 は ボディー シャンプー で 手 や 顔 を 洗っ た こと が あり ます か ？③ それ から シャワーカーテン・・・バスタブ の 形 が 卵 の 様 に 丸み 帯び て いる の に シャワー カーテン は 一直線 の 棒 から 垂らす タイプ です よ ね ？ シャワー カーテン を バス タブ の 内側 に 垂らし 使う も カーテン の 端 から しぶき が 飛び 毎回 床 に 敷い た バス マット は べ ちゃ べ ちゃ です 
",0
うようよ,"思っ た より 駅 から 遠かっ た うえ 、 夜 だ から か マナー の 悪い 中国人 の 客引き が 道中 に うようよ し て い て 非常 に 歩き にくかっ た です 
",1
いそいそ,"朝食 バイキング も お客 さん が 少な すぎ た せい か 、 店員 さん に ずっと ガン 見 さ れ て いそいそ と 部屋 に 帰り まし た 
",1
ぞろぞろ,"11 日 の 火事 騒動 の 前後 に 数 名 で 連 泊 し て い まし た 館内 放送 も あり まし た が 切迫 感 は なく 、 従業 員 の 誘導 も あり ませ ん でし た 避難 は し た ものの 、 雨 の 中 近隣 の 軒 に 雨宿り し まし た が 、 それ 以後 の アナウンス も 全く なし 戻っ て も よい みたい だ よ という 、 誰 か の 声 に ぞろぞろ 戻っ た 次第 です 戻っ て も お詫び の 言葉 も なし ', 
",1
ぞろぞろ,"１ . チェックイン 後 の カード キー で 使う エレベーター に なっ て い ます が 、 部外 者 が 宿泊 者 の 後 を つい て いけ ば 容易 に 紛れこむ こと が 可能 、 実際 に 部屋 に 行こ う と カード キー で エレベーター に 入っ たら 後 から 他人 が ぞろぞろ 入っ て き て 何事 か と びっくり し た 
",1
ごわごわ,"タオル 類 も 硬く て ごわごわ 
",1
べちょべちょ,"特に 白米 が べ ち ょべちょしていて 不満 が 残り まし た 
",0
ふわふわ,"ふわふわ し すぎ て 腰 や 上半身 が 沈み 込み 過ぎる から 足 が 上がっ て しまい 、 全く 寝 られ ない ', 
",1
ふわふわ,"ベッド は 賛否 両論 ある と 思い ます が 、 ふわふわ 過ぎ て 私 は 寝不足 に なり まし た ', 
",1
ふわふわ,"すると 綿 埃 の 固まり が ふわふわ と 漂う で は あり ませ ん か ！ ！ びっくり し て 食事 に すぐ ふた を し まし た が 、 ほこり の 固まり が 食事 の 中 に 落ち て いく ところ でし た ', 
",1
ふわふわ,"‘ 雲の上 に いる よう な 寝心地 ふわふわ ’ を 期待 し て い た だけ に 残念 な 印象 でし た ', 
",1
ふわふわ,"69 歳 の 母 と 10 歳 の 子 は 「 ベッド が ふわふわ で 寝 やすい ！ 」 と 言っ て い まし た が 、 私 と 5 歳 の 子 は ふわふわ し 過ぎ て 眠れ ず 、 明け方 に 敷き パッド を 床 に 敷き 、 床 で 一 時間 ほど 寝 まし た ', 
",1
ふわふわ,"69 歳 の 母 と 10 歳 の 子 は 「 ベッド が ふわふわ で 寝 やすい ！ 」 と 言っ て い まし た が 、 私 と 5 歳 の 子 は ふわふわ し 過ぎ て 眠れ ず 、 明け方 に 敷き パッド を 床 に 敷き 、 床 で 一 時間 ほど 寝 まし た ', 
",1
ふわふわ,"ベット は ふわふわ し て 、 掛け布団 も なかなか 良い 物 でし た 
",1
ことこと,"値段 の 割 に 不快 に 思う こと が 多く 二度と 利用 する こと こと は あり ませ ん 
",0
ゆらゆら,"ベッド 脇 の ライト の 傘 に は 
",0
ゆらゆら,"ホコリ が ゆらゆら し て い まし た 
",1
ゆるゆる,"古い 部屋 は 設備 が お粗末 （ ベッド 照明 、 ハンガー かけ が ゆるゆる など ） で 同 金額 で 宿泊 する に は あまりに も 部屋 の クオリティー に ばらつき が あり すぎ ます ', 
",1
ゆるゆる,"ベッド ゆるゆる ', 
",1
ゆるゆる,"あと 、 建物 自体 が 結構 古い の は 気 に し ない の です が 、 鍵 が ネジ ゆるゆる で 取れ そう な の は いかが な もの です か ', 
",1
ゆるゆる,"ともかく 古い です ね 金額 が 安い から 文句 言え ない ・ ・ ・ ？ ？ けど エアコン ・ 換気扇 が 音 が うるさい し 配線 が タコ 足 で コンセント が 古く て ゆるゆる 接触 不良 で 火 が です か と 心配 でし た バス ルーム も すえ た 匂い で ドア ノブ は 、 ガタガタ 早く 設備 の 入れ替え を 行っ て 貰い たい です よ ね 残念 でし た 
",1
ばさばさ,"お 風呂 の シャンプー・リンス で リンス を 使用 し た 所 、 リンス じゃ ない の が 入っ て い て 、 髪の毛 が ばさばさ に なり まし た 
",1
ふにゃふにゃ,"また 、 ベッド の マットレス が 非常 に ふにゃふにゃ 柔らかく 、 座る と 沈み 込み 、 あまり 良い 心地 で は なかっ た です ', 
",1
ふにゃふにゃ,"最近 、 フロント の 人 が 冷たく 感じる ！ 部屋 は 、 ベット が ふにゃふにゃ だし ね … 
",1
だぶだぶ,"服装 も だらし なく 、 ジャケット は だぶだぶ で 皺 が めだつ し 、 シャツ の 袖 ボタン も 留め て い ない 
",1
むんむん,"大 浴場 の 更衣 室 は むんむん し て おり 、 また 床 が 湿っ て い て 快適 で は あり ませ ん 
",1
ほかほか,"部屋 は 、 ベッド は 綺麗 でし た が 、 疲れ て い た ので バス に 入っ て と 思っ た の です が 、 湯 が ちょろちょろ と しか 出 ず 溜まる の に 相当 な 時間 が 掛かっ て しまっ た こと 、 それ に 加え て 湯 温 が 低く て 溜め て いる うち に 冷め て いく の で は と 思う ほど 、 しばらく つかっ て い て も 体 が ほか ほか する と 言っ た こと も なく 、 更に 加え て 部屋 の 温度 も 最高 が 26 度 と 低く 設定 さ れ て い て 、 その 上 ドライヤー の 温度 も 低く 髪 を 乾かし たい の だ が 風邪 を ひく の で は ない か と 心配 する ほど でし た 
",0
ごてごて,"フロント の サービス も すべて が ごてごて で 、 なんとなく よそよそしい し 、 ホテル に 帰っ て き て フロント の 前 を 通る の が 一番 いや だっ た 
",1
ぷつぷつ,"機械 アナウンス も 音 が ぷつぷつ 切れ て 、 誰か が 押し 間違え て 、 必死 に 止めよ う と し て いる よう に 聞こえ まし た 
",1
じめじめ,"これ は ホテル の 方 が 予約 時 の プラン 通り に 変更 し て くださっ た ので 問題 あり ませ ん が 、 用意 さ れ た お 部屋 は 普段 使っ て い ない の か 、 じめじめ し て カビ だらけ でし た 
",1
