,アップアップ,イチャイチャ,イライラ,ウキウキ,ウハウハ,ウロウロ,オイオイ,オロオロ,カサカサ,カタカタ,カチカチ,カラカラ,カリカリ,カンカン,ガクガク,ガタガタ,ガタンガタン,ガチガチ,ガチャガチャ,ガツガツ,ガバガバ,ガラガラ,ガリガリ,ガンガン,ガーガー,キョロキョロ,キラキラ,キリキリ,キンキン,キーキー,ギザギザ,ギシギシ,ギスギス,ギトギト,ギャーギャー,ギリギリ,クスクス,クドクド,クニャクニャ,クラクラ,クルクル,グイグイ,グズグズ,グダグダ,グラグラ,グルグル,ケチョンケチョン,ケロケロ,ゲラゲラ,コソコソ,コツコツ,コテコテ,コトコト,コロコロ,ゴシゴシ,ゴタゴタ,ゴテゴテ,ゴリゴリ,ゴロゴロ,サクサク,サバサバ,サラサラ,ザラザラ,シャリシャリ,ジャンジャン,ジャーンジャーン,ジワジワ,スカスカ,スゴスゴ,スタスタ,スラスラ,スレスレ,スースー,ズタズタ,ズブズブ,ズラズラ,セカセカ,タッタッ,タラタラ,ダラダラ,チカチカ,チマチマ,チョコチョコ,チラチラ,ツヤツヤ,ツンツン,テクテク,デカデカ,デンデン,トゲトゲ,トコトコ,トボトボ,トントン,ドキドキ,ドタドタ,ドロドロ,ドンドン,ニコニコ,ニャーニャー,ニヤニヤ,ハキハキ,ハッハッ,ハラハラ,バカバカ,バシバシ,バタバタ,バチバチ,バッサバッサ,バッタバッタ,バラバラ,バリバリ,バンバン,パカパカ,パクパク,パチパチ,パラパラ,パンパン,ヒシヒシ,ヒソヒソ,ヒヤヒヤ,ヒョロヒョロ,ビュービュー,ビリビリ,ビンビン,ピカピカ,ピョコピョコ,ピンピン,フガフガ,フラフラ,フワフワ,ブツブツ,ブラブラ,ブルブル,ブンブン,ブーブー,プルプル,プンプン,ヘラヘラ,ベタベタ,ペコペコ,ペタペタ,ペラペラ,ホイホイ,ボコボコ,ボサボサ,ボリボリ,ボロボロ,ボンボン,ボーボー,ポチポチ,ポツポツ,ポンポン,ムクムク,モヤモヤ,モリモリ,ユルユル,ヨボヨボ,ヨレヨレ,ワクワク,ワーワー
N7749ENline_info_n_k,,,,,,,,,,,,,,,,,,,,,,,,,,,,,,,,,,,,,,,,,,,,,,,,,,,,,,,,,,,,,,,,,,,,,,,,,,,,,,,,,,,,,,,,,,,,,,,,,,,,,,,,,,,,,,,,,,,,,,,,,,,,,,,,,['男「ほら、そんなにフラフラしてから……」'],,,,,,,,,,,,,,,,,,,,,,,,,,,,,,,
N5675EGline_info_n_k,,,,,,,,,,,,,,,,,,,,,,,,,,,,,,,,,,,,,,,,,,,,,,,,,,,,,,,,,,,,,,,,,,,,,,,,,,,,,,,,,,,,,,,,,,,,,,,,,,,,,['\u3000努力型は自分の外見や体型の維持に余年がなくハキハキ喋りよほどひどい客でなければ感情を律することができてお客さんのデータを細かく手帳にメモを取って覚えておきお客さんに対してほぼ完璧な接客をできるタイプ、このタイプは多少年をとってもコンスタントに稼げるので強い。\n'],,,,,,,,,,['偉くなってバリバリ稼ぎたいとか考えないほうが気楽なのです。\n'],,,,,,,,,,,,,,,,,,,,,,,,,,,,,,,,,,,,,,,,,,,,,,,,,
N5092BYline_info_n_k,,,,,,,,,,,,,,,,,,,,,,,,,['トリガーガード （用心金）\n'],,,,,,,,,,,,,,,,,,,,,,,,,,,,,,,,['\u3000もしくは、ゴテゴテに装備つけるのが好きな人で、オプションパーツを買い漁ってそれを一つの銃に付けるのを趣味としている人もいるかもしれません。おふざけ込みで。\n'],,,,,,,,,,,,,,,,,,,,,,,,,,,,,,,,,,,,,,,,,,,,,,,,,,,,,,,,,,,,,,,,,,,,['\u3000そんな感じで、やっべぇかっこいいこれにしよう！なんて銀色ピカピカの銃を買っちゃう人だっているかもしれません。\n'],,,,,,,,,,,,,,,,,,['\u3000詳しい安全管理の話は別に記事で書きますが、基本的に撃ってはいけないものや人に銃口をホイホイと向けていいものではありません。もちろん弾が装填されていなかろうとです。\n'],,,,,,,,,,,,,,,,,
N2671EMline_info_n_k,,,,,,,,,,,,,,,,,,,,,,,,,,,"['\u3000さらに、名字だけならまだしも名前がキラキラネームだったりすると。もう読んでいるだけでパニック状態になってしまう。', '\u3000『良一』の読みも、[りょういち][よしかず]と定番の読み方に加え、キラキラネームだったりすると、[らひと][あきひと][よしいち]など無限の読み方があるため、作者の思っている読み方をされる可能性はかなり低くなる。']",,,,,,,,,,,,,,,,,,,,,,,,,,,,,,,,,,,,,,,,,,,,,,,,,,,,,,,,,,,,,,,,,,,,,,,,,,,,,,,,,,,,,,,,,,,,,,,,,,,,,,,,,,,,,,,,,,,,,,,,,,,,,,,,,,,,,
N2468CHline_info_n_k,,,,,,,,,,,,,,,,,,,,,,,,,,,,,,,,,,,,,,,,,,,,,,,,,,,,,,,,,,,,,,,,,,,,,,,,,,,,,,,,['\u3000となると、文庫本のように読むわけにもいかなくなってきます。結論として、長すぎると読みにくいのです。ダラダラ続けるより、区切りのいい場所を見つけて分けるのも、読者が増える秘訣です。'],,,,,,,,,,,,,,,,,,,,,,,,,,,,,,,,,,,,,,,,,,,,,,,,,,,,,,,,,,,,,,,,,,,,,,,,,,,,,,,,
N4357CWline_info_n_k,['そもそも普段の生活もアップアップな低所得者が、過度な税負担に耐えられる理由が無いよな？（消費性向が高い）\n'],,,,"['確かに今の団塊世代（65〜70歳位）の方々は、戦前世代が『高度経済成長期』や『戦後復興期』に頑張って作ったインフラ（高速道路・鉄道・上下水道・国道や橋等）や、戦後復興した企業に就職して美味しい所を経験し、あまつさえ働き盛りの時期に『バブル景気で、それなりにウハウハを味わった』世代だよな？\n', '輸出企業にして見れば、日本国内が『デフレのママ』の方が、儲かる上に、日本ブランドの信頼性も高いから【ウハウハ】だ\n']",,"['正に『オイオイ！！』と突っ込みを入れたい状況だが、韓国もご多分に漏れず『平和ボケ』なのと、『北朝鮮の韓国民分断工作』が成功している照査だろうな？\n', 'オイオイ！何を勝手な事を｜吐《ぬ》かしてるんだと小一時間！！\n', 'オイオイ！30万人も大虐殺した南京に自治政府何て作る必要有るか？\n']",,,,,,,,,"['別に正しく左翼思想を啓蒙するだけなら、おじちゃんもガタガタ騒がない\n', 'この様に、政治的プレゼンスを国際政治の場で発揮するには、経済力と軍事力が不可欠な訳だが、『自民党の長年のデフレ永続』と『アメリカ軍のバックアップ用でしかない海上自衛隊』のおかげで、日本の国際的プレゼンスは今やガタガタ（泣）\n']",,"['こっちは、証拠もガチガチに存在する本当の『虐殺事件』だからな！！\n', '文化大革命においては、共産主義思想教育をガチガチに信じ込んだ若者が、大勢この『大虐殺』に加担している\n']",,,,,,"['これには多少異論が有る、景気浮揚の為には国が公共投資して、オリンピックの為にガンガンインフラ整備を行うべきだから、コンパクト五輪にこだわるのはいかがなものかとおじちゃんは思わざるを得ない\n', '抗議出来る人は、自民党や総理官邸にガンガン【抗議】のメールを送ってくれるとありがたいぞ！！\n', 'こんな馬鹿な政策を実行して、地方からガンガン外国人に乗っ取られて、終いには『外国人単純労働者受け入れ』で入って来た外国人まで、これ等の政治活動に同調したら？\n', 'さっきも書いた通り、君達皆が大企業に就職したり、ガンガン出世出来る訳では無いのに、競争に負けた大部分の人達の方に、より厳しい政治を行って来ているんだな\n', 'だから、日本にもガンガン旅行に来るし、在日韓国人や在日朝鮮人の様に表立って騒がないんだな\n', '先に交戦相手が『原油輸出の差し止め』や『鉄鉱石やくず鉄の輸出全面禁止』や停戦交渉無視して中国軍にガンガン榴弾砲打ち込まれたら、反撃したり『宣戦布告』と判断するのはやむを得無いし、国防や国益の為には当たり前だよな？\n', '日本もガンガン、『オーストラリアのアボリジニ大虐殺が〜！！』と、南京大虐殺やら従軍慰安婦問題で難癖つけて来るなら、言い返せば良いのだ！！\n', '外務省と首相官邸にガンガン抗議メールを出してくれ\n', '何せ『先にグローバリズムを徹底的に行った、EUが瓦解に向かいつつ有る』中で、何も好き好んで自由貿易協定をやる意味は無いし、何より『外需に頼った経済』は、本文の通りに非常に脆弱で有り、支那が何とか景気減速を抑えられているのも、『公共投資』を国内でガンガン行い、金融等で無理矢理中間層を創り出した結果だ！\n', 'だから君たちのお爺さんが若かった頃の高度成長期には、ガンガンインフラ整備をして公共投資を増やした\n', '別に無理無理運用しなくても、ガンガン資産が増えて行く訳だよ！\n', '出来高制と言う事は、成績の悪い人は、ガンガン収入が減る訳だ！！\n', '日本がいくら『戦争反対！！』と叫んでも、中国もロシアも北朝鮮もガンガン日本へ圧力を掛けたり、領海侵犯や領空侵犯をくりかえすんだぞ？\n']",,,,,,,,,"['国民感情がお互いに良いから、そんなにギスギスして無いだけでな\n', '君達はそんなギスギスした競争社会と、『年功序列』『終身雇用』の安定した社会とどちらが良いのかな？\n']",,"['さて毎年8月になると、お隣の某韓○や某中○から政治家や総理大臣の靖国神社参拝が批難されているけど、まず基本的に他所の国の戦没者慰霊の行事を他国が『ギャーギャー』騒ぐのは非礼だし『内政干渉』だよな？\n', '日本には有りもしない犯罪をでっち上げてギャーギャー世界中で喚き散らす癖に、自分達はベトナムに謝罪も賠償も一度もしていないんだぞ？\n']","['おじちゃんもご多分に漏れず生活がギリギリだから、大した事は出来ていないけれど、4/16土曜日現在でM県S市に立ち退き済仮設住宅の熊本県への貸出依頼メールを出しておいた\n', '何故なら、【駆け込み需要】をギリギリまでもたせる事で、消費が上向く時期が伸びるからだ！！\n', 'つまり、『アメリカは自国の国益の為に、世界的な平和を望んでは居ないけど、世界大戦が起こるギリギリでコントロールしている』と言う話に成る？\n', '今回も文字制限ギリギリ位長いので、後書きは省略するけど、この尖閣問題でもアメリカが色々と悪さをしている上に、一度は中国に売り渡そうとしていた事がわかったよな？\n']",,"['何せ【消費税】は、それこそクドクド解説した通り、『極めて逆累進性が高い、非常に不公平な税制』だからだな\n', '前回の後書きに、大体の主張は盛り込んで有るので、クドクド後書きは書かないが、今回の具体的政策案で、おじちゃんが【全世代の幸福を望んでいる】事を理解して貰えればありがたい！\n']",,,,,,,,,,,,,,,,"['政治家は、一度口に出した事を【非難された】からと言って、コロコロ変える様な奴では駄目だと、おじちゃんは思うけどな？\n', '戦車段列から処刑を見たと吹聴していたが、場所と時間がコロコロ変わったので嘘がばれた。\n']",,['だが残念な事に、日本が戦後ゴタゴタしてたり外交でまごついている間に、最初に触れた様に中国が接近してしまった\n'],,,,"['しかし、逆に言えば、大阪市の『外国人労働者受け入れ特区』や『加計学園問題』の様に、サクサク政策決定が進むのも事実だ（全然良くは無いが）\n', '独裁（共産主義含む）の良い所は、『良くも悪くも、国民を無視して政策決定がサクサク進む事』だ！！\n']",,"['ましてや、しつこくて申し訳無いが、【朝鮮総連の家宅捜索】とか【朝鮮銀行の業務停止命令】とか【北朝鮮籍の強制送還】もデキてないのに、テロに使われる可能性大の『高速道路使い放題』や『中国と韓国へのVISA発給緩和』をやめて無い時点で、安倍内閣や自民党が本気で『日本国民を守る気がサラサラ無い』と批判されても当たり前だろ？\n', 'おじちゃん、言論の自由を重視するから、いわゆる『左翼』系の人達の言論を妨害する気はサラサラ無いんだ\n']",,['ドンシャリとは、高音がシャリシャリ鳴り、低音がズンドコ響く音質の事を言う\n'],,,['これが【モンゴル人による相撲乗っ取り】がジワジワ進んでいる実態だな\n'],,,,['戦中に子供だった台湾のご老人達は、未だにこの『教育勅語』をスラスラ語る事が出きる\n'],,,['次々にツルハシが和夫さんの後頭部に振り下ろされ、それと同時にたくさんのシャベルとカマが体をズタズタに引き裂き始めた。\n'],"['もっとも、インドネシア政府もアフリカ諸国政府も、ワイロやハニトラで中国ズブズブだけどな？\n', 'と言う様に、今で言うならズブズブの親中派だ！\n']",,,,['しかも、大型輸送艦『いずも』などにも左巻きは文句タラタラだが、こう言った大災害に対応する目的でも建造された船なのは言うまでも無い\n'],,,,,,,,,,,,,,,['\u3000「わくわく、ドキドキし、とってもうれしく思っています」。東京・大手町の人材派遣パソナ本社で３月２１日、南部靖之パソナグループ代表が新入社員２５人を前に興奮気味に切り出した。「４０年前、女性の社会進出の場を作ろうと起業した。みなさんが私の夢を実現させてくれます」\n'],,['国際社会はドロドロの淀んだ世界だ\n'],"['しかもグレンデール市からは、日本人移民や帰化人がドンドン流出し始めている\n', '音はドンシャリ(高音がシャリ付き、低音がドンドン鳴る)だが、それなりにバランスは取れており、108円と考えればコストパフォーマンスは高い\n', '因みに消費税開始以降、所得税の累進課税率がドンドン下がって行った事もここに書き加えておこう\n', 'そんな事をしている間に、日本はドンドン破滅の道へ進んで行くぞ？\n', '結局中国包囲網どころか、日本はドンドン追い詰められた結果に成ってしまったんだよ？\n']","['(ニコニコ大百科から引用)\n', '(ニコニコ大百科より引用)\n', '(ニコニコ大百科より引用)\n']",,,,,,"['集団的自衛権に「自衛隊員の命が危ないから反対」だの「戦争を出来る国になる」だの「徴兵制に成る」だの、おじちゃんが前に否定した、バカバカしい事を言ってるからな\n', 'な？バカバカしいだろ？\n']",,,,,,"['しかも元『民進党』とか各政党を辞めて来た寄せ集めの政党で、政策理念もバラバラなのに、『しがらみが無い』訳無いよな（笑）\n', '処刑後はバラバラに解体され、販売された。漢方の妙薬とされていた新鮮な\n', '関東と関西以南で周波数が違うのも、この『明治期のバラバラな発電規格』の名残りなんだよ\n']","['おじちゃんの頃なら『違和感バリバリ』だったぞ！！\n', 'おじちゃんもバリバリの『自虐史観』を教えられたんだよ\n']",,,,"['パチパチパチパチ！！\n', 'パチパチパチパチ！！\n']",,"['＞日本の運動側には「醜業婦」観があり、たとえばYWCAの植村環は『婦人公論』(1952年5月号)で「アメリカの寛大な統治を悦び、感謝しており」とする一方で慰安婦たち「卑しい業を廃めさせ」るよう要求したり、「パンパン」を「大方は積極的に外人を追いかけて歩き、ダニのように食いついて離れぬ種類の婦人」と述べたり、「あんなに悪性のパンパンに対しては、白人の方だって、あの位の乱暴は働きたくなりますさ」などと語るなど、売春問題を買う男ではなく売る女性の方を問題としていた\n', '＞日本の運動側には「醜業婦」観があり、たとえばYWCAの植村環は『婦人公論』(1952年5月号)で「アメリカの寛大な統治を悦び、感謝しており」とする一方で慰安婦たち「卑しい業を廃めさせ」るよう要求したり、「パンパン」を「大方は積極的に外人を追いかけて歩き、ダニのように食いついて離れぬ種類の婦人」と述べたり、「あんなに悪性のパンパンに対しては、白人の方だって、あの位の乱暴は働きたくなりますさ」などと語るなど、売春問題を買う男ではなく売る女性の方を問題としていた\n']",,,,,,,,,,,,,,,,,,,,['おじちゃんは『激おこプンプン丸』だ！！\n'],"['数十年後には、外国人移民が好き放題やっているのを文句も言わずにヘラヘラ笑っている気持ちの悪い日本人が大多数に成るだろうな？\n', '目の前で友達や家族や彼氏・彼女が殺されても、ヘラヘラ敵に降伏するのかな？\n', '先に書いて置くけど、日本人の外国人に対する不平不満を法律で規制し、あまつさえ教育に盛り込む何てやらかしたら、以前にも書いたが、不満を解消する為に｜実力行使《テロ》をする奴らや、数十年後には、外国人が日本人を差し置いてやりたい放題しているのをヘラヘラ黙って見ている気持ちの悪い日本人が大多数に成るだろうな！！\n', '外国人に何を言われてもヘラヘラ笑っている気味悪い日本人と、怒りに任せて『ヘイトクライム(テロ行為)』をする日本人が間違いなく増えるだろう！！\n']","['何せ『二階俊博』等と言う、ベタベタな親韓国・親中国の議員が、『自民党の幹事長』何だからね？\n', '本文でも書いたように、今の価値基準なら完全に親中派左翼と言わる様な、ベタベタな親中派の松井石根大将が、あの様な残虐事件を起こしたとは到底考え難い\n']",,,,"['結局【小泉進次郎】氏の様に、財務省の言う事を何の疑いも無く『ホイホイ』国会に上程する様な政治家や学者を【御用政治家】とか【御用学者】と言う\n', '日本が独自の核武装や敵基地攻撃能力を保有していたら、北朝鮮がホイホイミサイルを打って来れる訳が無いし、中国が尖閣諸島や沖縄への領海侵犯をおいそれと繰り返せる訳が無いよな？\n']",,,,,['実際政治家の大半は二世・三世議員だし（安倍晋三氏も三世議員）他の議員も大概お金持ちだの、金持ちのボンボンだよな？\n'],,,,,,,,,,,,
N7805ERline_info_n_k,,,,,,,,,,,,,,,,,,,,,,,,,,,,,,,,,,,,,,,,,,,,,,,,,,,,,,,,,,,,,,,,,,,,,,,,,,,,,,,,,,,,,,,,,,,,,,,,,,,,,,,,,,,,,,,,,,,,,,,,,,,,,,,,,,,,,,,['漫画村で無料で漫画を読んでいた連中はブーブー言ってるようだけど、実際は取り締まるのが難しいとは言えほぼ違法だったわけで読んでいた人たちにはマイニングされて寿命が短くなったパソコンなどが残っただけだろうね。'],,,,,,,,,,,,,,,,,,,,,,,,,
N2644EGline_info_n_k,,,[' そんなイライラで頭ん中ぐるぐるカーテンになってるアホな乃木坂オタのストレスを倍増させるべく、ツイートを投稿した。\n'],,,['\u3000まだ奴botがフォロワー十万人前後をウロウロしていた頃。\n'],,,,,,,,,,,,,,,,,,,,,,,,,,,,,,,['\u3000相手を小馬鹿にするためのスタンプ。ドラえもんの「プークスクス」並に汎用性の高いスタンプ。\n'],,,,,,,,,,,['\u3000当時大人気だった(今もか)SEKAI NO OWARI(以下セカオワと表記します)は、小池徹平を一発ブン殴ったようなツラした変な赤い髪のやたらケロケロした声で歌いたがるボーカルと、病み垢三つくらい持ってそうなメンヘラくさいピアノの女と、学生時代組体操のピラミッドで絶対一番下の土台役だっただろってくらいデカい図体してるくせに後ろでDJ頑張ってるわけわからんピエロと、特筆すべきこともないギターの人からなる四人組のJ-POPバンドで「虹色の戦争」とかいう「お前が殺した命の歌が俺の頭にめっちゃ響いてくるんですけど」的なとんでもない被害妄想を投げかけてくる楽曲や、「幻の命」とかいう途中で仮眠がとれるくらい間奏が長くて反吐が出るほどメンがヘラってるイカれた歌詞の楽曲が話題を呼び、若者から絶大な人気を博していたグループだった(メンバーや楽曲に対する感想は全てこちらの主観です)。\n'],,,,,['\u3000ご飯食べてて手が離せない時に送るスタンプ。でも食事中はなるべくスマホをいじらないようにしよう、行儀が悪いぞ。ちなみに奴botが食べている料理は、第一弾の「コトコトうるせぇよ」のスタンプで煮込んでいたシチューです。美味しく出来て良かったね。\n'],[' まずグロ画像をあっちこっちで貼っつけてる犯人、名前はコロコロ変えてるっぽいけど一番有名な通称は「靴屋」。この靴屋って名前も他人を騙ってるだけみたい。\n'],,,,,,,,,,,,,,['\u3000こうして奴botのこれまでを思い出しながら文章に起こすのはとても楽しい。あんな中身カラッポのスカスカカスアカウントにも、思い出に残っている出来事がいくつかある。そしてその思い出の全てが、今思い返せば余りにくだらなくて笑えるし、時折頭を抱える。\n'],,,,,,,,,,,,,,,,,,,,,,,,,,,,,,['\u3000なんかニコニコ動画の手描きMADの前書きみたいになった(キャラ崩壊注意！\u3000みたいな)、サムいかな。まぁ良いか。\n'],,,,,,"['\u3000奴botにとって、アカウントの永久凍結はすなわち「死」を意味する。あくまでツイッター上でのキャラクターとして動いている以上、一度永久凍結を食らったらそれまでだ。新しくアカウントを作り直す気はしない。偽物は出てくるかもしれないが、多分三日も経てばバカバカしくなって辞めるだろう。\n', '\u3000こうして改めて書くとめちゃくちゃバカバカしいが、割と本気で悔しかった。\n', '\u3000この一文に果汁の如くギュッと濃縮されたバカバカしさとアホさ加減。自分でも呆れる。\n']",,,,,,,,['\u3000そして買ってくださった方は「奴botの全てが嫌い」という方にスタンプをバンバン送ってください。その嫌がらせを奴bot直々に許可します。\n'],,,,,,,,,,,,,,,,,['\u3000遡ること二〇〇四年。自分探しの旅と称して海外をフラフラしていた日本人の｜青年《アホ》が、イラクのアルカイダ組織を名乗るグループに人質として拘束され、日本政府の必死の説得も虚しく、彼は首を切断され殺害された。\n'],,,,,['\u3000とかなんとかブンブン喚いてくるハエ共に対し「元々嫌いだったくせに何言ってんだこいつら、奴botはテメーらの元カレじゃねーんじゃ●すぞ」と心の中で悪態をつきつつ、仕事は早いが性格の悪いフォロワーがDMで送ってきてくださった｜件《くだん》の漫画のトレース画像(作中に登場する女が「メンヘラを恨むくらいなら社会を恨め」という迷ゼリフを吐いているコマを奴botに改変したもの)をファンアートと称してアイコンに設定し、更なる煽りツイートを重ねて応戦した。もうめちゃくちゃである。\n'],,,,"['\u3000一年間、三百六十五日を通して、地球が突発的に世界各地で(特に日本で)行うゲリラライブが地震である。小さな規模なら「おっ、やってるやってる笑」的な軽いノリでツイッターを覗く程度だが、大規模となると途端に現地会場の余裕はなくなり、オーディエンスの熱狂も凄まじいものとなる。ウェーブが起きたり、余震という名のアンコールに心まで震えたり、なにより常にモッシュをし続けているような状態になるので、建物が壊れたりするし、死人も出たりする。そんな時でも恒例の流れを敢行すべく例のツイートを投稿すると、小規模な地震の時には一緒にヘラヘラしてたくせに、なぜか突然「不謹慎ですよ」とか言ってくる奴が出てきたりする。これは偏見だが、そういう奴に限ってツイッター上では「◯◯住みの皆さんの無事を祈って～」とかのたまうくせに、募金したり物資を送ったりといった具体的な支援は一切しない。震度で態度を変えるなよ。こっちにあーだこーだ言う前に被災地の方々を心配したら良いんじゃないの。奴botは奴botで、しょーもないツイートをする役目があるんですけど。大丈夫？\u3000怖くないよ？\u3000心配のツイートするだけならタダだからね？\u3000そんな気持ちになる。\n', '\u3000とかいうお言葉を頂いた。うるせぇよ。それ言ってくる奴スマホで画面上からゆっくり降りてくる広告より嫌いだわ。自分の好きなもの以外のコンテンツがネタにされてたらヘラヘラしてるくせに。そういうファンの方々への考えは前回の十一話で書いたので、暇だったらそれを読んで下さい。\n']",,,,,['\u3000例え犠牲者が、自分の人生の終わらせ方まで他人任せにするような出来損ないのクソメンヘラ共であったとしても、死者を愚弄したらいけないってことが今回の一件でよ～くわかりました。勉強になりました。ロックマンのコラ画像を作ったせいでアカウントロックマンにならないようにこれからは細心の注意を払ってツイートしていきたいと思いました。ツイートしてしまった事については深く反省してます。しかし座間市の犠牲者の方々が吊り士に釣られてホイホイついてって解体されたクソアホメンヘラだという考えについては間違っていないと自負しております。ただその考えをツイートという「形」にしてしまった事がいけなかったという事です、たぶん。\n'],,,,,,,,,,,,,,,,,
N3592EIline_info_n_k,,,,,,,,,,,,,,,,['（この硬くて捩れないというのは衝撃をモロに伝えるために乗り心地が悪くなるのだが、一番いい例だと「新型ゆりかもめが凄く振動してガタガタしてなんかおかしい」なんて話題があったけど、これの原因も新型ゆりかもめの車両がアルミ合金になっちまったからだよ）'],,,,,,,,,,,,,,,,,,,,,,,,,,,,,,,,,,,,,,,,,,,,,,,,,,,,,,,,,,,,,,,,,,,,,,,,,,,,,,,,,,,,,,,,,,,,,,,,,,,,,,,,,,,,,,,,,,,,,,,,,,,,,,,,,,,,,,,,,,,,,,,,
N4830EUline_info_n_k,,,,,,,,,,,,,,,,,,,,,,,,,,,,,,,,,,,,,,,,,,,,,,,,,,,,,,,,,,,,,,,,,,,,,,,,,,,,,,,,,,,,,,,,,,,,,,,,,,,,,,,,,['\u3000まあ、組織犯罪処罰法が去年成立した。だから、組織の目的として、在日韓国朝鮮人の虐殺が含まれるなら、組織犯罪処罰法の適応対象になるのだろう。仮に、マジで虐殺計画を練る集団が生まれたら、警察にはバシバシ取り締まって貰いたいとは思う。'],,,,,,,,,,,,,,,,,,,,,,,,,,,,,,,,,,,,,,,,,,,,,,,,,,,,,,,
N4080EIline_info_n_k,,,,,,,,,,,,,,,,['モノコックなんざ30年も経過したらよほどの設計の車でない限りガタガタになってしまうが、こういった点を考慮せず、かつ「フレームを交換、修理することで以前の乗り味を復活させられる」という利点もある。'],,,,,,,,,,,,,,,,,,,,,,,,,,,,,,,,,,,,,,,,,,,,,,,,,,,,,,,,,,,,,,,,,,,,,,,,,,,,,,,,,,,,,,,,,,,,,,,,,,,,,,,,,,,"['ぶつけてもないのにボディのどこかが共振して走行中にビリビリビリビリうざったい音が出るようになる。', 'ぶつけてもないのにボディのどこかが共振して走行中にビリビリビリビリうざったい音が出るようになる。']",,,,,,,,,,,,,,,,,,,,,,,,,,,,,,,,,,,,,
N8501EEline_info_n_k,,,,,,,,,,,,,,,,,,,,,,,,,,,,,,,,,,,,,,,,,,,,,,,,,,,,,,,,,,,,,,,,,,,,,,,,,,,,,,,,,,,,,,,,,,,,,,['バレない程度に、でも自分だけが知っている……そんなドキドキに浸れますよ。\n'],,,,,,,,,,,,,,,,,,,,,,,,,,,,,,,,,,,,,,,,,,,,,,,,,,,,,,,,,,,,,,,,,,
N2037EOline_info_n_k,,,,,,,,,,,,,,,,,,,,,,,,,,,,,,,,,,,,['\u3000というのも今年は１月にも白大福に近い状態になる程度に雪は降っており、その時は掘り起こし、通り道を雪かきすれば遅刻ギリギリで会社に間にあったのだ。だから今回もまた同じ程度か、多くてももうちょっとヤバイ程度だろうと高をくくっていたのだ。'],,,,,,,,,,,,,,,,,,,,,,,,,,,,,,,,,,,,,,,,,,,,,,,,,,,,,,,,,,,,,,,,,,,,,,,,,,,,,,,,,,,,,,,,,,,,,,,,,,,,,,,,,,,,,,,,,,,,,,,,,,,,
N0934ECline_info_n_k,,,,,,,,,,['有名人が「１日１０分◯◯すれば人生が変わる！」と書くのが「自己啓発系」、「１０分でわかる◯◯知識」というのが「専門分野入門系」、「◯◯◯（難しげなカタカタ）」で著者が外国人なのが「海外知識輸入系」、表紙に女の子が出ているのが「エンタメ系」です。\n'],,,,,,,,,,,,,,,,,,,,,,,,,,,,,,['なるほど、これがキャラを立てるということか。などと納得したつもりでいたのですが、聞いている内に何だか頭がクラクラしてきたのです。\n'],,,,,,,,,,,,,,,,,,,,['これが原稿用紙を見ながらだと「えー！！あんなに書いたのを削るの！！」とか「あれを前にしたらこれと辻褄を合わせるのが大変だよな・・・」などと防衛本能が働いてしまいますが、カードであればサクサクと議論が勧められますよね。（もちろん、後で書き直しに苦しむ現実は変わりませんが）\n'],,,,,,,,,,,,,,,,,['会議室に通されると、編集の方は資料を抱えてセカセカと早足で入ってこられました。\n'],,,,,,,,,,,,,,,,,,,,,,,,,,,,,,,,,,['大きな企業でバリバリと働く人間というのは、業界は違えども何となく似通った行動や雰囲気を持つようになるのかもしれません。\n'],,,,,['パラパラと捲ってみれば、中の挿絵もキャラクター中心でイメージを補完できるようになっています。\n'],,,,,,,,,,,,,,,,,,,,,,,,,,,,,,,,,,,,,,,,,,,,
N4053EHline_info_n_k,,,,,,,,,,,,,,,,,,,,,,,,"['\u3000もう、どんどん、ガンガンしてもらったら。……なんて。\n', '\u3000初心者の主人公に対してガンガン無茶ぶりしてきます！\n']",,,,,,,,,,,,"['\u3000頭の悪い人の発言はギリギリまで漢字を減らす。\n', '\u3000さらに、底辺の定義が甘い。０ｐｔ作品の多さを考えれば０ｐｔ、ギリギリ一桁ｐｔが妥当である。\n', '\u3000でもきっと着ているシャツはギリギリお尻が隠れるくらいの長さのはず。\n', '\u3000一応ストックは各作品最低二週分を確保してあるものの、何かあったら一気に使い尽くすギリギリの範囲。\n', '\u3000全てを諦めて日がな一日中、空いた時間は何か書いているので、字数的にはギリギリながら意外にも余裕はあります。\n']",,,,,,,"['\u3000ちなみに豆腐メンタリストを自認するどこかの人のメンタルは、去年の時点で既にグズグズ。挽肉と混ざって餡までかかり、今やレトルトパックの麻婆豆腐です。\n', '\u3000豆腐メンタル、ここまでコケにコケまくってすでに麻婆豆腐もかくや、と言うほどにグズグズになってしまったわけですが。\n']",,,,,,,,,,,,,['私事でゴタゴタしておりまして、ご報告とお礼が遅れました。\n'],,['\u3000内容はＲ１８の為割愛しますが、表現的にはムーンライトにおいても結構きつめ。なのでノクターンでは違和感なしで、ハードにゴリゴリ魅せます。\n'],,,,,,,,,,,,,,,,,,,,,,['\u3000だから二月中旬くらいに繁忙期のさなか、数字をまとめつつダラダラ書けるかな、と。\n'],,,,,,,,,,,,,,"['\u3000青山 つばささんからは『読み始めました^^どきどき。』とだけ頂きましたが、こっちがドキドキものです。ゼロてくなんかドキドキして読んでも良いことないので、流し読みするくらいで良いですよ。ホント。\n', '\u3000青山 つばささんからは『読み始めました^^どきどき。』とだけ頂きましたが、こっちがドキドキものです。ゼロてくなんかドキドキして読んでも良いことないので、流し読みするくらいで良いですよ。ホント。\n', '\u3000そのほか、完結しばらく立ってから感想が付くとドキドキ感が半端ない。\n', '\u3000読み終わってしばらくドキドキしてました。\n', '\u3000未だに活動報告にコメントが、の赤い文字でもドキドキするわけです。\n', '\u3000まるで、机の中に手紙を見つけてドキドキする少女漫画の主人公のごとく。なわけです。\n', '\u3000感想、コメント。毎回ドキドキしております、これは真面目に。\n']",,,,,,"['\u3000ブクマ、評価をもらえると更新速度は変わりませんが作者がニヤニヤします！\n', '\u3000忘れちゃったかも知れないけれど、あのとき。そう思ってアクセス解析をニヤニヤしながら眺めてましたよね？\n']",,,,,,['\u3000結局、年末に私事がバタバタしたため非公式の方は断念。\n'],,,,"['\u3000PVが絡むとすぐこうなる。書いてることがバラバラだ、落ち着け自分。\n', '\u3000しかも中身はローファンタジー、ハイファンタジー、ヒューマンドラマでバラバラ。\n']",['\u3000感想はバリバリ書きます、と言うのは\u3000水源\u3000さんです。思い付いたことを\n'],['\u3000他人様の名前と作品名はバンバン書いているくせに、です。\n'],,,,['\u3000でも本屋さんに並ぶわけです、これらは。そしてあらすじを見てパラパラとめくる。\n'],,,,,,,,,,['\u3000本日（１／２０）現在になってもまだ青いグラフはピョコピョコと生えてきます。\n'],,['\u3000コケようが、倒れようが、顔面強打しようが、鼻血出してフガフガしてようが。\n'],,,"['\u3000前書きにブツブツ言うほどに、自分の器量が狭いことを知ることができました。\n', '\u3000このエッセイ。自分がブツブツ言うのであって失敗談を語る場ではありません。\n', '\u3000そしてその下。以前からブツブツ言っているアクセス解析のリンクがあります。\n']",,,,,,,,,,,,,,,,,,,,,,,,,,,,,
N0858EJline_info_n_k,,,,,,,,,,,,,,,,,,,,,,,,,,,,,,,,,,,,,,,,,,,,,,,,,,,,,,,,,,,,,,,,,,,,,,,,,,,,,,,,,,,,,,,,,,,,,,,,,,,,,,,,,,,,,,,,,,,,,,,['ようは音楽系のアニメだとヒロインが高確率で身につけるヘッドフォンになってしまい、「AKGが好きだ」ということを矢面で言えば陰でヒソヒソとアニメオタク扱いされるのは嫌になったのでソニーに鞍替えしたわけだ。'],,,,,,,,,,,,,,,,,,,,,,,,,,,,,,,,,,,,,,,,,
N1031ESline_info_n_k,,,,,,,,,,,,,['\u3000授業中にカリカリとノートに書きました。\n'],,,,,,,,,,,,,,,,,,,,,,,,,,,,,,,,['\u3000書きかけを投下してるので、気持ちはグラグラ揺れて不安定。目に見えるモチベーションを求めます。書き終わってから投下しろやい。\n'],,,,,,,,,,,,,,,,,,,,,,,,,,,,,,,,,,,,,,,,,,,,,,,,,,,,,,,,,,,,,,,,,,,,,,,,,,,,,,,,,,,,,,,,,,,,,,,,,,,,,,['\u3000はーい、『Arcadia』などのくそめたにぶった切られても一次小説を連載していたいう方々の存在が説明できませんね。片手落ちのエッセイで大変申し訳なす。いや、もう他にもいろいろボロボロこぼしてますけど……すべてを網羅したエッセイを書くなど、にわかには不可能です。\n'],,,,,,,,,,,,,
N9259EPline_info_n_k,,,,,,,,,,,,,,,,,,,,,,,,,,,,['\u3000銀河連合日本でも書きましたが、日本って切羽詰まってキリキリにならないと、本格的に動きませんからね。今の森友でもそうですしｗ\n'],,,,,,,,,,,,,,,,,,,,,,,,,,,,,,,,,,,,,,,,,,,,,,,,,,,,,,,,,,,,,,,,,,,,,,,,,,,,,,,,,,,,,,,,,,,,,,,,,,,,,,,,,,,,,,,,,,,,,,,,,,,,,,,,,,,,
N6356EUline_info_n_k,,,,,,,,,,,,,,,,,,,,,,,,,,,,,,,,,,,,,,,,,,,,,,,,,,,,,,,,,,,,,,,,,,,,,,,,,,,,,,,,,,,,,,,,,,,,,,,,,,,,,,,,"['そして何よりもバカバカしいのは、HJ文庫より出版される作品のアニメ化や生存権そのものが「中国の大衆（・・・・・）」に握られたことである。', '\u3000バカバカしいと思うだろう？私もそう思う。', 'だが、そのバカバカしい主張が今回通ってしまった（・・・・・・・）のだ！！']",,,,,,,,,,,,,,,,,,,,,,,,,,,,,,,,,,,,,,,,,,,,,,,,,,,,,,,,
N0458EWline_info_n_k,,,,,,,,,,,,,,,,,,,,,,,,,,,,,,,,,,,,,,,,,,,,,,,,,,,,,,,,,,,,,,,,,,,,,,,,,,,,,,,,,,,,,,,,,,,,,,,,,,,,['\u3000それで、しばらく新着レビュー欄と作品のPV欄をニヤニヤして見ていたら、一つのことに気が付いたんです。'],,,,,,,,,,,,,,,,,,,,,,,,,,,,,,,,,,,,,,,,,,,,,,,,,,,,,,,,,,,,
N4434EJline_info_n_k,,,,,,,,,,,,,,,,,,,,,,,,,,,,,,,,,,,,,,,,,,,,,,,,,,,,,,,,,,,,['\u3000ポイントに直結するものですね。私も最近は気に入った作品に出会ったら積極的にするようになりました。お手軽ですしサクサクとやりましょう！\n'],,,,,,,,,,,,,,,,,,,,,,,,,,,,,,,,,,['\u3000内心ドキドキしながら作者様にメールを送ります。\n'],,['血縁問題のドロドロが強めで読者を選ぶかもしれませんが、\n'],,,,,,,,,,,,['\u3000早速、手持ちの画像ソフトに放り込み、バッサバッサと切り抜いてからサイズを合わせます。\n'],,,,,,,,,,,,,,,,,,,,,,,,,,,,,,,,,,,,,,,,,,,,,,,,,,,,
N5751EJline_info_n_k,,,,,,,,,,,,,,,,,,,,,,,,,,,,,,,,,,,,,,,,,,,,,,,,,,,,,,['\u3000ＷＥＢ小説で挿絵もついてないのに、同じ人間を指す呼び名が史実通りコロコロ変わっては話にならないです。\n'],,,,,,,,,,,,,,,,,,,,,,,,,,,,,,,,,,,,,,,,,,,['攻め太鼓。よせ太鼓とも。ドンドンドンと早く叩きます。攻める感じですね。\n'],,,,,,,,,,,,,,,,,,,,,,,,,,,,['\u3000何が言いたいかというと、主人公がチート商品つくって商人とやりあうにあたって、いきなり貰える報酬がピカピカの永楽銭だったら違和感があるってことです。やりての商人だったらまず支払いはどれだけ鐚銭を混ぜるかが勝負ですから、新規の取引相手には鐚銭中心で払うでしょう。\n'],,,,,,,,,,,,,,,,,,,,,,,,,,,,,,,,,,,
N4000DIline_info_n_k,,,"['\u3000いい加減コミュニケーションが取れずにイライラしてきたので、私は赤羽くんをスルーして近くにいたＳさんに声をかけました。\n', '\u3000私がかつてないほどイライラしていると、廊下から声が聞こえました。\n', '\u3000他人様を毎日殴りながらイライラしている。\n', '\u3000だけど努力をするのがもっと嫌いなので非生産的な方法でイライラや不安を解消しようとします。\n', '\u3000四六時中イライラしてます。\n']",,,['\u3000一階をウロウロしていると有名なお相撲さんに遭遇する病院です。\n'],,,['\u3000その有様だったので、ご飯も食べず肌がカサカサになっていたと思います。\n'],,['\u3000奥歯からカチカチと音がしてきました。\n'],,,,"['\u3000さすがにまずいことをしたと思ってるのか鈴木くん（笑）はガクガク震えています。\n', '\u3000ですがオークさんたちはまるで小動物のようにガクガクブルブルしてます。\n']",,['\u3000すぐにドアが閉まり電車がガタンガタンと揺れました。\n'],"['\u3000手は震えガチガチと上下の歯がぶつかって音を出してました。\n', '\u3000私は青い顔でガチガチと歯を鳴らしてました。\n']",,['\u3000ガツガツしてないからのびのびできるのです。\n'],['\u3000設定がガバガバすぎだろ！\n'],['\u3000ガラガラどごーん。\n'],"['\u3000ここの説明は藤原のＳＡＮ値がガリガリ削れるので適当でいいですか？\n', '\u3000ＳＡＮ値がガリガリ削れます。\n', '\u3000誰にも悪意をぶつけられてないのにＳＡＮ値がガリガリ削れるので自分で勉強することにしました。\n']",['\u3000暴力が身近にあるとＩＱがガンガン下がるのがよくわかります。\n'],,,['\u3000なんかキラキラしてるの。\n'],,,,,,,,,"['\u3000ですがギリギリすぎて断言ができません。\n', '\u3000でも両親は宗教のことで毎日喧嘩していて……離婚ギリギリの緊張感のある生活でしたので私の十二指腸潰瘍にかまけている暇などありませんでした。\n', '\u3000※正確には犯罪者をギリギリのラインでカタギとして社会に出す学校です。\n', '\u3000この辺の行動を考えると私はギリギリ正気だったのかもしれません。\n']","['\u3000周りからクスクスとオークさんたちの笑い声が聞こえました。\n', '\u3000Ｓさんの叫びはクスクスという笑いでごまかされました。\n']",,,,,,,,,,,,"['\u3000足が遅くて逃げ遅れた赤羽とＹ岸が警察に連れて行かれたのを私は２階からゲラゲラ笑いながら見てました。\n', '\u3000貴方を踏みにじった彼らは来年には貴方のことを若い頃のヤンチャだとゲラゲラ笑っています。\n', '\u3000それを見てＫ田とＷ辺がゲラゲラ笑ってます。\n', '\u3000クラスメイトを争わせてゲラゲラ笑っているのです。\n', '\u3000いつもなら指さしてゲラゲラ笑うところですが、今回は逃げるのが優先です。\u3000さっさと逃げましょう。\n', '\u3000ゲラゲラゲラゲラゲラゲラゲラ！\n', '\u3000ゲラゲラゲラゲラゲラゲラゲラ！\n', '\u3000ゲラゲラゲラゲラゲラゲラゲラ！\n', '「ゲラゲラゲラゲラ！」\n', '「ゲラゲラゲラゲラ！」\n']",['\u3000教室の隅で迷惑かけないようにコソコソ生きていくべきなのはＤＱＮのはずです。\n'],,,,,,,,,"['\u3000Ｏ倉くんがはねられてゴロゴロ転がっていきます。\n', '\u3000Ｋ室くんはわざとらしいくらいにゴロゴロ転がります。\n', '\u3000私はゴロゴロと転がって逃げます。\n', '\u3000顔面を押さえてゴロゴロ転がってます。\n']",['\u3000さてさてそんな事で違法スレスレの運用でサクサクッと単位を取得すると私の卒業が決まっていったのです。\n'],,,,,,,,,['\u3000こうしてオークさんは私にあしらわれてスゴスゴと席に戻っていきます。\n'],['\u3000そのままスタスタと試合でると見せかけて……\n'],,"['\u3000さてさてそんな事で違法スレスレの運用でサクサクッと単位を取得すると私の卒業が決まっていったのです。\n', '\u3000Ａ．\u3000あります。例えば修学旅行で同級生が捕まったのですが伝聞、それも事実があったことしか知らなかったので書きませんでした。あと私自身による犯罪スレスレの行動のいくつかはわざと書きませんでした。実際は喧嘩もしてますし意味もなくリンチも受けました。ただ圧倒的に面白くありませんので省略しました。仕返しもしましたが自分で書くと青春ものっぽくなるので表現は抑えました。あとなるべく陰惨な話は省いてます。Ａ地くんが虫を食べさせられたとかですね。あとＳさんが赤羽を金槌で殴ってあやうく殺しかけた話とか。\n']",,,,,,,,['\u3000相手も急所は狙ってませんし、私も腕と腹に小さな穴が空いてダラダラと血が出た程度です。\n'],,,['\u3000その関係で前にチョコチョコ冤罪事件の署名活動を手伝ったりとかで知り合いだったのです。\n'],,['\u3000もう顔がツヤツヤです。\n'],,,,,,['\u3000二人のダッシュに置いて行かれながら私もトコトコと後を追いました。\n'],"['\u3000Ｓさんはおしっこをするとトボトボとトイレを出ました。\n', '\u3000急に冷静になったオークさんはトボトボと家に帰ります。\n', '\u3000私はトボトボと露骨にやる気なく出てきます。\n']",,,,,,"['\u3000先生はニコニコしながら授業予定を話します。\n', '\u3000サ○エさんをエクストリームにしたようなアヴァンギャルドそのものの髪型をしたＡ地くんがニコニコしてました。\n']",,"['\u3000私はＫ平の横っ面を引っ叩く姿を想像してニヤニヤとしました。\n', '\u3000私はニヤニヤしてました。\n', '\u3000ずうっとニヤニヤしているといつの間にか卒業式が終わってました。\n', '\u3000ニヤニヤしながら。\n']",,,,,,,,,,['\u3000かと言ってＹ岸をバラバラにして海に捨てるだけの知恵も無く……って死んでないわ！\n'],,,,,,,,,,,,,,['\u3000ツッコんだらダメな感じがビンビンしたからです。\n'],,,,,"['\u3000フラフラする赤羽に本気のドロップキック。\n', '\u3000私も電気科目に関して愛を持ってなかったので、電気に関しては１０段階表で６程度をフラフラしてました。\n']",,"['「で、でもナイフで刺したらニュースに出ちゃうし……ブツブツ……」\n', '\u3000一方、情報技術科は死んだ魚の目をしてブツブツつぶやきながらどこでナイフを手に入れるか相談中です。\n', '\u3000Ｋ室くんがブツブツと言いました。\n']",,['\u3000ですがオークさんたちはまるで小動物のようにガクガクブルブルしてます。\n'],['\u3000アメリカのレスリングチームやアメフトの強豪校になるとブンブン振り回して使う。\n'],,,,,,,,,,"['\u3000Ｗ辺くんにバットでボコボコにされたＡ地くんは電気科の奴隷になりました。\n', '\u3000ある日なんの罪もないのにラーメンにボコボコにされました。\n', '\u3000オークさんは遠慮なくボコボコにしちゃってください。\n', '\u3000Ｙ岸がボコボコにされてます。\n', '\u3000Ｓさんにボコボコにされたのが原因ではなく、ジョイスティック周りの病気が発覚しての欠席です。\n']",,,"['\u3000私も内臓がボロボロです。\n', '\u3000さらには外側を鍛えまくった体も中身はボロボロです。\n', '\u3000二年くらい後にシャレにならないほど肝臓が悪くなるほどボロボロでした。\n', '\u3000ボロボロというよりズタボロでした。\n', '\u3000内臓もボロボロです。\n']",,,,,,,,['\u3000この日から私はモリモリと元気になっていきました。\n'],,,['\u3000読み込まれているのかヨレヨレです。\n'],,
N8465EHline_info_n_k,,,,,,,,,,,,,,,,,,,,,,,,,,,,,,,,,,,,,,,,,,,,,,,,,,,,,,,,,,,,,,,,,,,,,,,,,,,,,,,,,,,,,,,,,,,,,,,,,,,,,,,,,,,,,,,,,,,,,,,,,,,,,,,,,,,,,,,,,,,"['\u3000またまた今回も、レビュー用にベタベタのテンプレ置いておきますね。\n', '\u3000ここに、レビュー用にベタベタのテンプレ置いておきますね。\n']",,,,,,,,,,,,,,,,,,,,,
N2432BKline_info_n_k,,,,,,,,,,,,,,,,,,,,,,,,['\u3000これは、モルトケを調べている内に、モルトケやビスマルクに関してはガンガン調べられるのに、その彼らが関連したドイツ統一の過程、特に普墺戦争に関する資料が少なかったことで、調べている内に深みにはまってしまい……つまりは面白くなっちゃったんですよね、書くのが。どちらかと言うと自分は「戦史オタ」なのだと思います。\n'],,,,,,,['\u3000この５メートル前後の長い槍は、先端の刃がノコギリ状にギザギザになっており、これを前方斜め上に構えて集団となった歩兵が前進すると、まるで針を逆立てたハリネズミのような槍衾（やりぶすま）となり、突進して来る騎士たちやその乗馬を傷つけ、その衝撃突破力を削減することが出来ました。\n'],,,,,"['\u3000では逆にＢ軍がＡ軍を全滅させるにはＥがどれだけあればよいのか？Ｂ軍が１名だけ生き残り、Ａ軍を全滅させるという「ギリギリＢ軍勝利」で計算してみると……\n', '\u3000彼らは日本の領海や領空ギリギリまでやって来ては暫く居座って帰って行く。今の尖閣周辺海域さながらです。\n']",,,,,,,['\u3000その際、隣の師団に用意された架橋資材を勝手に使い、終いにはその師団の一部部隊まで自分の指揮下に加えてしまう。もちろん隣の師団長は激怒して上に訴えるが、彼は涼しい顔をして「隣がグズグズしているから」と取り合わない。\n'],,,,,,,,,,,,,,,,,,,,,,['\u3000もし軍隊が占領地でお金を使うとなると、これは国家財政にとり相当な支払い量増加となります。当然、国内流通分のお札では間にあわず、お札をジャンジャン刷らなくてはなりません。\n'],,['\u3000この状況を満州軍側は時間稼ぎに使い、ジワジワと弾薬を集積しますが、この時、後に昭和の日本軍にも度々現れる悪い癖、「自分たちが考えられることは相手も考えているとは思わない」「自分に都合の良いことを相手がすると思いこむ」が発生します。\n'],,,,,,,,,,,,,,,,,,,,,,,,,,,,,,,,,,,,,,,,,,['\u3000幻の巨砲搭載の戦艦や、超重ジェット爆撃機、殺人レーザー光線など当時の技術では完成するはずのない新兵器の数々が続々登場、敵をバッタバッタとなぎ倒す。兵器オタさんの夢実現ですが、この手の小説は色々な部分を省略して矛盾が生じていたり、金銭や諸材料や加工技術などが「オオバケ」していたりする場合が多く、軍事的にはＯＵＴ。\n'],,,"['\u3000そうなってしまうと、今度はお金がバンバン消えてしまいますから、政府は困ってしまいます。彼の「大陸さん」にすれば、政府＝党は戦争をしたいのではなく、現状維持が出来ればいいので現状を何とかコントロールしたいところでしょう。軍の上層部も党の上層部ですから考えは一緒のはずですが、困ったことに軍の下部は国民と一緒にプロパガンダを信じ切っているので少しずつ過激になっている、とまあ、そんな絵が南の海で描かれているのです。\n', '\u3000これがひどかったのは日本の例で、第二次大戦中、じゃんじゃん軍票を発行しバンバン使い、特にフィリピンや香港では現地通貨を禁止して軍票を通貨として使うよう軍令を行ったほど。で、日本が敗戦となるとこれが全てただの紙切れとなってしまったのです。お陰でタバコの巻紙に使われた軍票もあったとか。\n', '\u3000また、占領地とは言え敵地に自国通貨がバンバン投下されてしまうと、このお金を敵が密かに回収し、よからぬこと（例えば占領軍の反政府勢力に渡す資金とか）に使うかもしれません。\n', '\u3000第二法則では「敵の位置は分かっているし、一度ぶつかった後で残った敵の位置も分かっている」と、情報が正確になっています。つまり第一法則ではムダ弾の多かった射撃（分からないから大体の方向にバンバン撃つ）が第二法則では正確でムダのない射撃が出来るような条件に変わっている。ここ、重要です！\n']",,,,,,,,,,,,,,,,,,,,,,,,,,,,,,,,,,,,['［＃中見出し］貴族のボンボンが国民軍の指揮をする？［＃中見出し終わり］\n'],,,,,,,,,,,['\u3000やっぱりミリオタさんにとって「マウス」が動き「富嶽」が飛び戦艦「紀伊」「尾張」の５１ｃｍ砲が火を噴く光景はワクワクするものなのですから。\n'],
N6796EPline_info_n_k,,,,,,,,,,,,,,,,,,,,,,,,,,,,,,,,,,,,['「更新通知」は上限４００だから、そろそろギリギリになってきたんで、完結済み作品とか、他のカテゴリでも完結済みでもう更新されてないヤツと、あと作者を「お気に入り」に入れてるんで完結済みでも更新されたら表示されるやつを中心に３０ばかり「更新通知」を外して余裕を持たせました。'],,,,,,,,,,,,,,,,,,,,,,,,,,,,,,,,,,,,,,,,,,,,,,,,,,,,,,,,,,,,,,,,,,,,,,,,,,,,,,,,,,,,,,,,,,,,,,,,,,,,,,,,,,,,,,,,,,,,,,,,,,,,
N4623BKline_info_n_k,,,,,,,,,,,,,,,,,,,,,,,,,,,,,,,,,,,,,,,,,,,,,,,,,,,,,,['\u3000一人称や三人称単視点に満足できず、登場人物の視点をコロコロ変えて同じ内容を書く……いわゆる「side使い」になりたいという欲望も出てくるかもしれません。\n'],,,,,,"['\u3000最初に裏向きに敷き詰めた5×7＝35枚のカードを、マイン○○フトっぽい感じでサクサク掘っていき、最終的にダイヤの数が多かった（同数の場合は数の合計が大きかった）プレイヤーの勝ちです。\n', '\u3000踏襲すべきものは踏襲し、新しい設定は新しく書き起こす。これらの作業をサクサク進められる方は、素直に尊敬に値します。その能力を少しでいいから分けてもらいたいくらいです。\n']",,,,,,,,['\u3000これは私の信条ですが、書き上げたものは公開しなくてはなりません。いつまでも手元に置いておいても、腐ってしまうだけです。新鮮なうちに公開し、しかるべき処遇を受ける必要があります。あなたの文章はおかしいといわれるかもしれません。人称が狂っている、読むに耐えない、ギャグが滑っている、内容がスカスカ、描写が圧倒的に足りない、この人たちはどこに居るのか、いまは何時何分何秒なのか、設定が矛盾している。様々な酷評を受けるでしょう。\n'],,,,,,,,,,,,,,,,,,,,,,,,,,,,,,,['\u3000今日、芥川全集を読み終えた。それでも私は夏目漱石のほうが好きだ。『吾輩は猫である』の第一節は丸暗記している。吾輩は猫である。名前はまだ無い。どこで生れたかとんと見当がつかぬ。何でも薄暗いじめじめした所でニャーニャー泣いていた事だけは記憶している。吾輩はここで始めて人間というものを見た。しかもあとで聞くとそれは書生という人間中で一番｜獰悪《どうあく》な種族であったそうだ。\n'],,,,,,,,,,,,,,,,,,,,,,,,,,,,,,,,,,,,,,,,,,,,,,,,,,,,,,,,,,,,,
N7093EUline_info_n_k,,,,,,,,,,['\u3000カタカタとキーボードを打ちながら、推敲を執念深く続けていく。『俺と柊は』という箇所を読み上げて、『柊と俺は』の方が良いな、など、細かな文章の前後の入れ替えまで、入念に。\n'],,,,,,,,,,,,['\u3000１９時だったが、店内はガラガラだった。\n'],,,,,,,,,,,,,,"['\u3000凄まじいカット量である。しかも、今回は他の賞のために文字数ギリギリを狙っていたから、スリム化したところからのさらにカットというとになる。各種マイナーチェンジを行いながら、大胆に削っていくことが要求されるだろう。\n', '\u3000それが良いことなのか悪いことなのかはわからないが、出版事情の裏話を限りなくギリギリまで、詳細に描いた作品にはなったと思っている。\n', '\u3000以前の作品、「あなたの未練、お聴きします」は、〆切りギリギリまで引っ張った結果、誤植が多く生まれる結果となってしまった。\n', '\u3000間に合った！\u3000……次こそ、〆切りギリギリにならないように気をつけよう！\n']",,,,,,,,,,,,,,,,,,,,,,,,,,,,,,,,,,,,,,,,,,,,,,,,,,,,,,,,,['\u3000そこからは、トントン拍子に、イラストレーターは決定した。\n'],,,,,,,,,,,,,,,,,,['\u3000いじめについては、現在の高校生には少ないと聞いていたが、「スクールカースト」も無くなっている？\u3000私が高校生の時は、両者ともバリバリにあって、社会問題にすらなっていた。\n'],,,,,,,,,,,,,,,,,,,,,,,,,,,,,,,,,,,,,,,"['\u3000作品名をＴｗｉｔｔｅｒに入れてポチポチ。\n', '\u3000作家名をＴｗｉｔｔｅｒに入れてポチポチ。\n']",['\u3000しかし、定期連絡はポツポツあるものの、肝心のＧＯサインはなかなか出ない。\n'],,,,,,,,,
N4786EKline_info_n_k,,,,,,,,,,,,,,,,,,,,,,,,,,,,,,,,,,,,,,,,,,,,,,,,,,['私はそれを見たとき「本当にそれがメッキじゃないならいいんじゃない？」と思ったけど、あえて表で主張できるほどの立場でもないし、コソコソ裏で真実を探求しようとしては、様々な人間と出会ってきただけの社会的弱者に過ぎない。'],,,,,,,,,,,,,,,,,,,,,,,,,,,,,,,,,,,,,,,,,,,,,,,,"['・例の●流出で問題が暴露され、筆者を含めた者達が「こいつらが元凶」と騒ぐようになって隠れるのをやめてから鎮火、その後、間をおかずにニコニコ動画が角川傘下へ入り、その流出前あたりにニコニコと２ちゃんねるから件の管理人は距離を取るようになっていった。', '・例の●流出で問題が暴露され、筆者を含めた者達が「こいつらが元凶」と騒ぐようになって隠れるのをやめてから鎮火、その後、間をおかずにニコニコ動画が角川傘下へ入り、その流出前あたりにニコニコと２ちゃんねるから件の管理人は距離を取るようになっていった。', 'そして出来たのが「ニコニコ動画」', 'さらにユーザーが己自身を曝け出すことで様々な人間が世にいるということを知ることが出来る上、ある程度匿名性が確保された公共の場というのは初期から彼が離れ始める前までのニコニコでは実現できていたと思う。', 'このニコニコ動画ではBio100%の集団が全面的に関わり、所期の開発者にはBio100%の者達が名を連ねていた。', 'ジムなんたらとかいう人物よりも露骨に２ちゃんねるの管理人はニコニコを乗っ取られたが、その件について怒りを見せないのはそれだけ強い影響力があるのか、彼の理を筆者なりに理解しようとして展開してみると「用済みなのでくれてやった」と考えるべきか。', 'まぁ、ニコニコ動画が完全に風前の灯なのは理解している。', 'ただしニコニコはよくやったと私は思ってる。', '角川関係のライトノベルのアニメのコメント削除騒動などを含めて、表側に引っ張り出す流れを作ったのは、ニコニコを愛していた利用者達だ。（今にして思えば即効削除された角川系アニメのランキング偽装問題などもすごかったね）', '採算が取れるはずがないぐらいの人数で動画やネット上の監視をやっていたことを2006年の時点で表に公表してたけど、これはニコニコでの工作活動を探る者達が燃料というか糧としていた事はあんま知られていないかな。', '2つ目、Bio100%という存在が２ちゃんねるにも関わったというのを彼ら自身と２ちゃんねるの管理人がニコニコにおける対談などで暴露してくれたこと。', 'その流れはそのまま最終的に公でのニコニコの公開生放送での議題にもなったが、その頃にはもう畳むという方向性で動いていたようだし、振り回される前に店じまいしてしまおうという流れがあったのだろう。', 'ただ、彼からはジブリ愛とかニコニコ動画などのコンテンツ愛だとか、享受できたことが1度もない。', 'しかしまさしくそう主張しているとしか思えないのが川上なんたらさんであり、今回のニコニコについての発表だってまさしく「もうブランド価値ないのでたたみまーす」というような主張を言い訳を繰り返しながらやっていた。', 'それとももうニコニコ自体を「用済み」だと本人以外も思っているのだろうか。']",,,,,,,,,,,,,,,,,,,,,,,,,['筆者からすると「中国のパクリ品といわれるが明らかに機能も能力も上」のビリビリ動画が全ての面で上回っていて、そっちが収益性確保しているのを見るとまだ未来があると思うのだが。'],,,,,,,,,,,,,,,,,,,['庵野監督周辺にそんな話をペラペラ喋るような人間いないでしょう。'],,,,,,,,,,,,,,,,,,
N5978EIline_info_n_k,,,['人の悪口、作品の悪口、不満などのイライラを吐き出し続けてませんか？\n'],,,,,,,,,,,,,,,,,,,,,,,,['ＤＱＮネーム（キラキラネーム）と同じですね、役割を果たしていないのです。\n'],,,,,,,,,"['元々の使い方ならいいと思いますよ？規約的にギリギリ感はありますけどね。\n', 'で、先程僕が「規約的にギリギリ感はありますけど」と書いたのはこれが理由です。\n', 'ですが、限りなくグレーです……という訳でギリギリ感って事です。\n', '何とかギリギリ立て直す事が出来ました。\n']",,,,,,,,,,,,,,,,,,,,,,,,['ちょっと長くなってきたので、ここからはサクサク行きます。\n'],,,,,,,,,,,,,,,,,,,,,,,,,,,,,,,,,,,,,,,,,,,,,,,,,,,,,,,,,,,,,,,,,,,,,,,,,,,,,,,,,,,,,,,,,,,,,,,,,,,,
N9726EVline_info_n_k,,,,,,,,,,,,,,,,,,,,,,,,,,,,,,,,,,,,,,,,,,,,,,,,,,,,,,,,,,,,,,,,,,,,"['スカスカだと何書いていいか分かんないので、間を埋めていきます。さっきのだと無双する前後がスカスカしてますね。何かイベント欲しい所。', 'スカスカだと何書いていいか分かんないので、間を埋めていきます。さっきのだと無双する前後がスカスカしてますね。何かイベント欲しい所。']",,,,,,,,,,,,,,,,,,,,,,,,,,,,,,,,,,,,,,,,,,,,,,,,,,,,,,,,,,,,,,,,,,,,,,,,,,,,,,,,,,,,,,,,,,,,
N1334ELline_info_n_k,,,,,,,,,,,,,,,,,,,,,,,,,,,,,,,"['\u3000ブラシのほうは境界がボケてなめらかな感じ。対して鉛筆はピクセル（ドット）毎に白黒がハッキリ区別されていて、拡大するとギザギザな印象になります。\n', '\u3000地図作りで多用するのはブラシのほうです。ギザギザが目立たなければそれで良いのでペンキのにじみ具合は最小値にして、ブラシで描く線の太さは１〜３。これで「なろう」の地図で使うほとんどの線を描くことができます。ちなみに前話の地図で海岸の線の太さが３、木の線の太さが２、川の太さが５。これ以上の太さのブラシは「線を引く」より「塗る」ときに使います。\n', '\u3000消しゴムにも「ブラシ消しゴム」と「鉛筆（またはブロック）消しゴム」があって普通はブラシ消しゴムを使います。消した後にギザギザが残ったら嫌なので。\n', '\u3000以前、ブラシの線はなめらかで、鉛筆の線はギザギザしている、という話をしました。なぜそうなるのでしょうか？\n']",,,,,,,,,,,,,,,,,,,,,,,,,,,['\u3000次に森と山の色を変えます。これらは境界線を隠し、かつ、周辺をぼかしたいのですが、羊皮紙模様を保ったまま行うにはどうすればよいでしょうか。例えば指先ツールでゴリゴリしたら模様が破壊されてしまいますね。\n'],,['\u3000さて、では「１色１レイヤー」原則を守って、サクサクと塗ってみましょう。……塗りました。\n'],,,['\u3000今回はこれを地図の「基本色」として使用します。少し古い雰囲気のザラザラ感がファンタジー物語にはよく似合います。\n'],,,,,,,,,,,,,,,,,,,['\u3000全部をチマチマと手描きでやるなど冗談ではありません。手間を省くのが主眼ですから。いくつかのお役立ち道具を使いこなす、これが大事になります。\n'],,,,,,,,,,,,,,,,,,,,,,,,,,,,,,,,,,,,,,,,,,,,,,,['\u3000そしてその上にもうひとつレイヤーを作り、太さ１の黒ブラシで「わざとフラフラよろめきながら」外枠の線を引きます。\n'],,,,,,,,,,,,"['\u3000地図本体に「森レイヤー」を作り、同じように貼り付けていきます。コピースタンプ、という便利なものもあるので使ってみましょうか。ハンコを押す感覚でペタペタ。\n', '\u3000さらにペタペタ、ペタペタ……「森」ができました。\n', '\u3000さらにペタペタ、ペタペタ……「森」ができました。\n']",,,,,,,,,,,,,,,,,,,
N4396EFline_info_n_k,,,,,,,,,,,,,,,,,,,,,,,,,,,,,,,,,,,,,,,,,,,,,,,,,,,,,,,,,,,,,,,,,,,,,,,,,,,,,,,,,['\u3000彼からすれば、チカチカ光る信号の集合体が精神医学的な高揚感をもたらすとかいうわけのわからないオカルトな存在よりも、猪を捕獲するためのアナログ的な構造の集合体の方が発明として劣っていると感じたらしい。'],,,,,,,,,,,,,,,,,,,,,,,,,,,,,,,,,,,,,,,,,,,,,,,,,,,,,,,,,,,,,,,,,,,,,,,,,,,,,,,
N8761CPline_info_n_k,,,['「でさ、今回のタイトルなんだけど『書き手は必見\u3000高ポイントの取り方』ってあるよね。期待して見ている書き手の人は、そろそろイライラしてないかな」\n'],,,,,,,,,,,,,,,,,,,,['\u3000俺は頭をガリガリボリボリボリと掻いてぼーっと天聖子さんを眺める。\n'],,,['\u3000キョロキョロと辺りを見回してみると、ファンタジーのラノベやゲームにありがちな町並みは、定番中の定番である中世ヨーロッパ風だ。\n'],,,"['「ではこれを擬音語で表現すると――ざっざっ！\u3000ビュン、ガキン！\u3000キンキンキンキン！\u3000シュッ！\u3000シュッ！\u3000キンキンッ！――こんな感じでしょうか」\n', '「ではこれを擬音語で表現すると――ざっざっ！\u3000ビュン、ガキン！\u3000キンキンキンキン！\u3000シュッ！\u3000シュッ！\u3000キンキンッ！――こんな感じでしょうか」\n', '「ではこれを擬音語で表現すると――ざっざっ！\u3000ビュン、ガキン！\u3000キンキンキンキン！\u3000シュッ！\u3000シュッ！\u3000キンキンッ！――こんな感じでしょうか」\n']",,,['\u3000何だろう。そう説明されると、心がギシギシ痛む。\n'],,['\u3000何気にもう一袋食べ終わったのか。口の周り油でギトギトなのは忠告した方がいいのか。\n'],,"['\u3000累計ランキング８００位以内に入ってはいるがギリギリのラインだ。熱心なファンの方もいるが、それ以外の人は俺の作者名を覚えている人もいない筈。だというのに……これは、回収されない伏線臭がするな。\n', '「まあ、そうですね。終盤ギリギリでやめる人の方が少ないですよ。飽きた理由としては、書きたいことを書き終えたからというのがあります。そういう人はパッと面白いネタが思いついて書き始めるのですけど、それだけなんですよ。ストーリーも考えずに、今までにない面白い能力を思いついた！\u3000こんな主人公なら受ける！\u3000人気のある作品を俺ならもっと面白くアレンジできる！\u3000という理由で書き始めた人が陥りやすいです」\n', '「これはどんな仕事でもそうですが、不満があったとしても限界ギリギリまで堪える人っていますよね。かなり理不尽な要求や罵倒を受けても我慢して、ストレスをためて」\n']",,,,,,,,,,['\u3000居間に座り込んでいる俺の周りをグルグル回りながら、粘り気のある口調で俺を褒めているというよりは、煽っているようにしか聞こえない。\n'],,,,,,,,,,,,,,,,,,,,,,,,,,,,,,,,"['\u3000タッタッタッタッタ。\n', '\u3000タッタッタッタッタ。\n']",,['「それもね、生きる為に足掻いて努力するならまだいいんだけど……一部の人間は、そりゃもう酷いもんよ。引きこもりの人間を放り込もうものなら、危険地帯なら怯えるだけで戦おうともせずに餓死か、魔物を前にビビって無抵抗で殺される。転生も貴族や地位のあるところにいったら、ダラダラ何もせずに我儘し放題。そして、自分を磨かないから逆境に遭遇してジエンド」\n'],,,,['「なんで、チラチラあらぬ方向を見ながら話しているの？」\n'],,,,,,,,,,['「ほら、吊り橋効果とかあるじゃないですか。窮地で動揺して心臓の鼓動が早くなっているのと、恋愛でドキドキする感覚が似ていて恋と脳が錯覚すると聞いたことがありますよ。それに命を助けてもらえば、頼りがいのある男性だと思われ好感度は高くなるでしょうし」\n'],"['\u3000ドタドタドンッ！\n', '「擬音というのは簡単に言えば、小説や漫画等で音を文字化したようなものですね。風がビュービューと吹く。ドタドタと走る。ぼうぼうと火が燃える等です。本来は映画やドラマで使われる、実際にある音を道具で作り出すことを指すようですが、小説で擬音と言うと前述の方となりますね。正確には擬音語ですが」\n']",,['\u3000扉をドンドンと叩くと、向こうから微かに声がする。\n'],,,"['\u3000いつもの我が家のこたつに潜り込んでいた天聖子さんが、ニヤニヤと笑いながら呆然していた俺の顔を、下からのぞき込んでいる。\n', '\u3000あっ、動揺している俺を見てニヤニヤしてやがる。\n']",,"['「ハッハッハッハッハッハッハッハッハッハッハッハッハッハッハッハッハッハッハッハッ」\n', '「ハッハッハッハッハッハッハッハッハッハッハッハッハッハッハッハッハッハッハッハッ」\n', '「ハッハッハッハッハッハッハッハッハッハッハッハッハッハッハッハッハッハッハッハッ」\n', '「ハッハッハッハッハッハッハッハッハッハッハッハッハッハッハッハッハッハッハッハッ」\n', '「ハッハッハッハッハッハッハッハッハッハッハッハッハッハッハッハッハッハッハッハッ」\n', '「ハッハッハッハッハッハッハッハッハッハッハッハッハッハッハッハッハッハッハッハッ」\n', '「ハッハッハッハッハッハッハッハッハッハッハッハッハッハッハッハッハッハッハッハッ」\n', '「ハッハッハッハッハッハッハッハッハッハッハッハッハッハッハッハッハッハッハッハッ」\n', '「ハッハッハッハッハッハッハッハッハッハッハッハッハッハッハッハッハッハッハッハッ」\n', '「ハッハッハッハッハッハッハッハッハッハッハッハッハッハッハッハッハッハッハッハッ」\n', '「ハッハッハッハッハッハッハッハッハッハッハッハッハッハッハッハッハッハッハッハッ」\n', '「ハッハッハッハッハッハッハッハッハッハッハッハッハッハッハッハッハッハッハッハッ」\n', '「ハッハッハッハッハッハッハッハッハッハッハッハッハッハッハッハッハッハッハッハッ」\n', '「ハッハッハッハッハッハッハッハッハッハッハッハッハッハッハッハッハッハッハッハッ」\n', '「ハッハッハッハッハッハッハッハッハッハッハッハッハッハッハッハッハッハッハッハッ」\n', '「ハッハッハッハッハッハッハッハッハッハッハッハッハッハッハッハッハッハッハッハッ」\n', '「ハッハッハッハッハッハッハッハッハッハッハッハッハッハッハッハッハッハッハッハッ」\n', '「ハッハッハッハッハッハッハッハッハッハッハッハッハッハッハッハッハッハッハッハッ」\n', '「ハッハッハッハッハッハッハッハッハッハッハッハッハッハッハッハッハッハッハッハッ」\n', '「ハッハッハッハッハッハッハッハッハッハッハッハッハッハッハッハッハッハッハッハッ」\n']",,,,,,,,,,,['\u3000一見、タコのように見える大きな頭はひび割れていて、時折、パカパカと開いたり閉じたりを繰り返している。そこから細長く紫色の舌みたいなのが伸びている。\n'],,,,['\u3000パンパンッと手にしたクラッカーが立て続けに鳴り響く。顔は満面の笑みだ。\n'],,,,,['「擬音というのは簡単に言えば、小説や漫画等で音を文字化したようなものですね。風がビュービューと吹く。ドタドタと走る。ぼうぼうと火が燃える等です。本来は映画やドラマで使われる、実際にある音を道具で作り出すことを指すようですが、小説で擬音と言うと前述の方となりますね。正確には擬音語ですが」\n'],['\u3000如何にも高そうなパッケージをビリビリに破いて、天聖子さんが頬を押さえて満面の笑みを浮かべている。そこまで喜んでもらえるなら、まあ、いっか。\n'],,,,,,,,,,,,,,['「ただし、私自身は疑っていますけどね。家族は兎も角親戚にポイント入れてと頼む勇気が、普通の人にあるのかと。あと、学友に頼むのもそうですが。普通の硬派な作品ならまだましですが、ハーレム願望剥き出しで、中二病の香りがプンプンして、エロ盛りだくさんの作品を友人に見せられますか？」\n'],,,,,,,,,['\u3000俺は頭をガリガリボリボリボリと掻いてぼーっと天聖子さんを眺める。\n'],,,,,,,,,,,,,,
N5330EKline_info_n_k,,,,,,,,,,,,,,,,,,,,,,,,,,,,,,,,,,,,,,,,,,,,,,,,,,,,,,,,,,,,,,,,,,,,,,,,,,,,,,,,,,,,,,,,,,,,,,,,,,,,,,,,,,,,,,['事実筆者もバイクウェアに関しては「商品によって同じ表記でもサイズ感がバラバラ」のコミネではyoutuberによるレビューによってピッタリのものを安く手に入れていて、今後の小売流通業はさらに苦境に立たされるなと思っている。'],,,,,,,,,,,,,,,,,,,,,,,,,,,,,,,,,,,,,,,,,,,,,,,,,,
N5576EMline_info_n_k,,,,,,,,,,,,,,,,,,,,,,,,,,,,,,,,,,,,['\u3000その中に「ギリギリ間に合った排尿は時に失敗したときのオナニーよりも気持ちがいい」といった趣旨の回答があったと記憶しています。\n'],,,,,,,,,,,,,,,,,,,,,,,,,,,,,,,,,,,,,,,,,,,,,,,,,,,,,,,,,,,,,,,,,,,,,,,,,,,,['\u3000話題の性質上、直球ど真ん中の下ネタがバンバン飛び出します。\n'],,,,,,,,,,,,,,,"['\u3000ピンポーン、ピンピンピンピンポーンみたいなドアホンへの悪戯のような感じで性欲のボタンを連射でもしてるんですかね。\n', '\u3000ピンポーン、ピンピンピンピンポーンみたいなドアホンへの悪戯のような感じで性欲のボタンを連射でもしてるんですかね。\n']",,,,,,,,,,,,,,,,,,,,,,,,,,,,,,,,,
N6454ERline_info_n_k,,,,['当時の写真を見ても最初はウキウキなのが射撃するとドンドン気分がダウンしていく様子を連れてきてくれた知人が記録している。'],,,,,,,,,,,,,,,,,,,,,,,,,,,,,,,,,,,,,,,,,,,,,,,,,,,,,,,,,,,,,,,,,,,,,,,,,,,,,,,,,,,,,,,,,,,,,['当時の写真を見ても最初はウキウキなのが射撃するとドンドン気分がダウンしていく様子を連れてきてくれた知人が記録している。'],,,,,,,,,,,,,,,,,,,,['パンパンと、爆竹のような音より少し大きいやかましい音と共に、ちょっとした反動で飛んでいくだけ。'],,,,['ヒョロヒョロの人間でも反動制御できてしまう。'],,,,,,,,,,,['私が仕事しつつ1年～3年ぐらいブラブラしたいと思った時にはもうすでに遅く、今では「旅行者」は歓迎されても「放浪者」は歓迎されない状況となった。'],,,,,,,,,,['で、まず一番最初に恐怖を感じたのは、インストラクターが「日本語ペラペラ」'],,,,,,,,,,,,,,,,,,
N5017EJline_info_n_k,,,,,,,,,,,,,,,,,,,,,,,,,,,,,,,,,,,,,,,,,,,,,,,,,,,"['\u3000それはコツコツと小説を書き、投稿をつづけて、評価してくれる読者がたずねてくる機会を増やすことです。\n', '「毎日コツコツやっていけばいいんだ。それなら、毎日○ページずつ書いていこう！」\n', '\u3000時間がかかるからこそ、毎日コツコツという選択は利にかなっています。\n']",,,,,,,,,,,,,,,,,,,,"['\u3000・スラスラと読めてしまう、読むのが楽な小説。\n', '\u3000いざ自分で小説を書いてみたら、心理描写はスラスラと筆が進み。逆にアクションがうまく書けず、四苦八苦しながら絞り出すはめになりました。\n']",,,,,,,,,,,,,,,,,,,,,,,"['\u3000書きあげた小説を公開すると、とてもドキドキしますよね。\n', '\u3000小説を公表すると、思わぬ反響があってドキドキしたり。\n']",,,,,,,,,,,,,,,,,,,,,,['\u3000書籍ならば、目を閉じてパラパラとめくり、適当なページを開いてください。\n'],,,,,,,,,,,,,,,,,,,,,,,,,,,,,,,,,,,,,,,,,,,,
N5553DXline_info_n_k,,"['ヒロインとイチャイチャする部分も楽しかったのですけど、やはり最後のまとめ方が上手かったのが印象深い理由なのかなあという気がします。こういう作品で数年後の後日談的なのがあると言葉にしづらいですが、なんかほっこりして良いですよね 笑\n', '・最強カップルのイチャイチャＶＲＭＭＯライフ・・・106\n', '\u3000魔法使いと精霊がイチャイチャしたりしなかったりします。\n', '過去に戻った主人公が好きだった女の子とひたすらイチャイチャする、そんな物語を読みたい人は是非一度読んでみてください。\n', '［＃中見出し］106.最強カップルのイチャイチャＶＲＭＭＯライフ［＃中見出し終わり］\n', '自信を持ってオススメできるイチャイチャ度MAXの良作。この作品と関連してるのもあるんですけど、そっちもかなり良いです。\n']",,['私、分身とか圧倒的な物量作戦といったものが好きだったりするのでこの作品がめちゃくちゃ楽しめました。最終的に分身の数が1万とかになるんじゃないかとウキウキしています。初期の頃の分身との会話が面白くてやばい 笑\n'],,,,,,,,,,,,,,['ミステリー作品といっていますが、ガチガチの硬いものではなく比較的コメディーに比重を置いているのでそういうのが苦手な人もかなり読みやすいと思います。かくいう私も推理ものなどの硬い文章はあまり得意ではないのですが、この作品は非常に読みやすかったです。\n'],,,,,,"['最近主人公の能力をガンガン活用していっているので読んでいて楽しいですね。無双のようで無双ではない。いい塩梅です。\n', '王位を簒奪したあとはガンガン自分のやりたいことをいろいろとやっていきます。この頃からプラスチック爆弾もガンガン使っていくのでかなり派手ですね。どこぞの国の映画かよというくらい爆破していきます。\n', '王位を簒奪したあとはガンガン自分のやりたいことをいろいろとやっていきます。この頃からプラスチック爆弾もガンガン使っていくのでかなり派手ですね。どこぞの国の映画かよというくらい爆破していきます。\n']",,,,['基本的に主人公視点は不穏な事件を解決していくといった感じでそれほど重くないのですが、ヒロイン視点だと世界の秘密やら行動理由やらを知っているため重すぎてやばいです。事情を知っているので、大丈夫なのか、無事に終われるのかなどと胃がキリキリしてしまいました 笑\n'],,,,,"['私が気に入ったところは、まあ普通だったらありえないのですが、人間関係がそこまでギスギスしている話しがないところです。正確に言うと、悪人といえる人物がほぼいないということです。まあ住んでいる場所が場所ですし、必然的に皆仲良くしようとしますよね。もちろん完全なお人好しやなんでも無償でやるなどではなく、きちんと自分たちの利益は考えたりはします。ただ、そこまで嫌になるような悪徳さがないのが好きでした。たまにはそういう物語も良いものだと思います。\n', '最近主人公のハーレムが崩壊の危機ってるので、若干心配です。ハーレム好きじゃないですけど、するならするでギスギスしないでほしいです。\n']",,,"['この作品のイチオシは、どの章も事件が起きて捜査するまでの出題編、事件を解決していく解答編と別れているのですが、その間に読者への挑戦状というものがあり、事件を解決するための必要な情報が書いてあるので、それを使って自力で解いてみてくださいとの作者様からの問題があるのです。そこの書き方もカッコいいのですが、なかなか面白い試みですよね。悔しいことに私は5題中1つ完答と1つギリギリ当たってるかなというものだけでした。残り3つは全然解けなかったです。推理ものが好きな人にはたまらないのではないでしょうか。もちろん異世界要素があるので独特なひらめきなどもいろいろ必要です。\n', '\u3000買った奴隷少女ラティの助けによりギリギリ冒険者として生きていくが、ちょっかいを掛けてくる他の２０人の勇者達。\n', 'いや、単純に報われない系の主人公は他にも沢山いるのですが鬱にならないで読んでられるギリギリのラインはこれが丁度良かったです。\n', '主人公はそれなりに強者ですが、そういった理由からかなりギリギリの戦いをします。まあ主人公が積極的に解放を目指すのは2章以降なのですけどね。序盤は普通の異世界もので主人公が成長するまでの過程を描いています。\n', '主人公が転生したのはチートスペックなキャラなのですけど、立場上いろいろなしがらみがあったり、主人公以上の強キャラなどもいるため、俺Tueeeという感じはあまりしませんでした。そういったことから主人公は割とギリギリな状況が多いのですが、絶望的な状況でも諦めない姿がカッコ良かったです。\n', 'あと閑話であるショート・エールが結構エロい部分があるので純情でそういうのが苦手な人は気をつけてください。だいぶギリギリだと思われます。\n', '\u3000ギリギリで生き延び、自身のこれまでの行いが誤りだったと知った俺は、瀕死になった魔王の娘を発見する。彼女を助ける方法はたった一つ。\n']",,,,,['\u3000世界は俺中心に廻っている、そんなふうに考えてた時期が俺にもありました。えぇ、そんなことはないんです。世界は金で勝手にクルクルやってるみたいでして、それはもう俺の意思なんて関係なく、日々飽きもせず大回転ですよ。ふとそれに気づき始めたのは高2の夏でして、いくら待っても美少女は降ってこない、どこぞやの組織に拉致されない、授業中にテロリストやってこない、もう俺なんで生きてるんだろう、某涼宮さんじゃないんですけどね、自分の小ささというか現実とかいう糞みたいな物を受け止めざるを得ないなぁなんてそんな悟りを開き始めてた時期だったのですが、俺は勘違いしてたんですね。そういう何かしらのチャンスっていうかオポテュニティ？そういうものがあっちから訪れる訳がないということに気付くんです。ああ、なぜもっと早く気づかなかったんだろう、だけどそれに気づいた俺が歓喜してる暇なんてない。すぐさま行動に移しましたとも。そしたらね、死んじゃいました(笑)\n'],['年下のグイグイ系女子に陥落させられるのって良いですよね 笑\n'],,,,,,,,,"['(仲間が)チート作品です。あと(仲間が)無双したりします。主人公は本当にチートなしでコツコツと頑張っていきます。ただ、主人公だけ異世界転移前の記憶があるのでリーダー扱いです。なぜ主人公だけ記憶があるのかは理由があります。それのせいでチートがないのですが。読めばわかるのですけど、他の3名がリアルチート状態なのでもし普通に主人公がチートを持っていたとしてもあんまり関係なかったと思います 笑\n', '底辺から始まるコツコツとした英雄譚(未定)、そんな物語を読みたい人は是非一度読んでみてください。\n', 'この世界では既にダンジョンの存在は周知されています。冒険者という存在も数は少ないですが一定数いて、ダンジョンに潜りレベルアップをします。主人公は自宅の庭にできたダンジョンでペットたちと一緒にコツコツとレベルを上げて収入を得ていくのですが、いろいろと冒険者には旨味があり、主人公は運が良いほうで若干成り上がりというか地味に儲かったりして、読んでいて気持ち良かったです 笑\n']",,,"['一見して良い子かなあと思ったのがやばい子だったり、ヒロインの評価が割とコロコロ変わるのでそういった意味でも読んでいて楽しいです。\n', '主人公の強さに関してはコロコロ変わったりして、最強になった弱体化したりと割と忙しいです。だからこそ面白いと感じた部分もあったのかなあと思えます。また、弱体化しているときもあるので、サラッと流すのではなく工夫したりなど戦闘描写がしっかりと描かれている部分も結構ありました。\n']",,,,,,"['70話程度あるのに読了時間が5時間以内ということで、非常にサクサク読めます。胸糞展開もほぼないので完全に俺Tueeeeが好きな人のためのものですね。そういうのが苦手な人はきついかもしれません。俺Tueeeeが苦手な私は一周回って面白かったですけどね。\n', 'あと、基本的にコメディー要素が強いのでかなりサクサク読み進められる思います。早い人だと1時間程度で読めるかと。\n', '物語の流れとしては、厄介ごとというか面倒ごとに毎回主人公が巻き込まれ、その度に苦労したりピンチになりながらもなんとか問題を解決していきます。主人公は凄腕の人物に拾われて育てられるのですが、才能があったためかなり強いです。しかし、先にも書きましたが面倒ごとに巻き込まれてピンチになったりもするので、ひたすら無双してサクサク物語が進んでいくというものでもありませんし、話の流れや内容もしっかりと作られているので非常に楽しく読めました。\n', 'たった10万文字という中にそれだけの感動が詰まっている作品です。割とサクサク読もうと思えばできますが、多分ちゃんと読めば2時間くらいかかりますし、その分感動もひと際大きいと思います。\n', 'なんというかこれといって特筆すべき点がないのに普通に面白かったです。胸糞的な展開もありませんし、複雑な内容もないのでかなりサクサクと読めます。そして、ただただ馬鹿みたいにチートでひたすら俺Tueeeするだけの作品じゃないので読み応えも充分あります。\n', '簡単な内容の補足としては、たまたま夜学校にいた4人が謎の存在から謎解きデスゲームに参加させられます。生き残る方法はただ一つ。出されるミッションに正解すること。いろいろと問題を抱える初対面の4人がなんとか生き残るために頑張っていくお話です。展開がサクサク進みますし、問題も自分なりに考えたりするのが面白いのですぐ読み終わると思います。といっても私は最初の問題しか自力で解けなかったのですけどね 笑\n', 'この作品サクサク読めて気持ちいいです。\n', '内容的にあまり深く考えずサクサクと読める作品だと思うので、ちょっとでも気になったら手を出してみてほしいですわ。\n', 'ちなみに序盤の異世界生活が割とハードモードです。異世界系の知識がない状態で転移するとこうなるのかなあと思いました。なろうではよくテンプレとして主人公がいろいろと異世界のことを小説などの影響で受け入れた状態でサクサク進みますが、そういう系の知識がない高校生が異世界転移したら確かに生活するにしてもいろいろと戸惑いそうですよね 笑\n', '主人公が付いた職業は分身を1人だけ作るだけという不遇職なのですが、レベルが上がりにくかったりと使い物にならない職業にもめげずに冒険者として頑張っていくといった内容です。まあ良くある感じで、苦戦するのは本当の最初だけであとはレベルが上がり、能力も増えてサクサクと成長していくため読みやすいのかと。\n', '展開もサクサク進みますし、文字数もあまり多くないのですぐ読み終わると思います。\n', 'サクサク読めるので恋愛ものが好きな人には本当にオススメです。\n', '個人的にはサクサク読めるのが好きでした。あと主人公最強ものなのにあまり戦闘場面がないのがよかったです。比較的ほのぼのしてました。ただ不穏な要素がいくつかありましたしこれから先は変わるかもですけど。\n']","['とりあえずハルさんが可愛い。こういう子普通に好きです。結構サバサバしているんですけど男勝りとかじゃなくてちゃんと女の子って感じがあって良いですよねえ。\n', '主人公はサバサバした感じの女子が好きなので、最初ゆるふわ系女子であるヒロインへの印象がとある噂のせいもあり最悪です。しかし、そこから少しずつ変化していくのがとてもよかった。\n']",,,,,,,,,,"['描写などもきちんと書かれているほうだと思いますし、話の流れも読みやすくわかりやすいのでスラスラ読み進めていけます。\n', '1話あたりの文字数が結構多くて読み応えはあるのですけど、読むのが大変というのはなく、かなりスラスラと読めました。元となった短編もありますが、読んでみたら本編だけでも十分かなあという気がしました。\n', '真面目な感想としては物語の読み応えは十分あります。話の流れや戦闘描写、テンポなどもよく作られているのでスラスラ読めます。\n']",,,,,,,,,,,,,,,,,,,,,,,"['最後までどうなるかドキドキしてしまいましたわ 笑\n', 'この作品は、剣に転生した主人公がチートぎみな能力を活かしてヒロインである猫耳美少女と旅をする物語です。ただのお気楽ものかと思いきや、最近ヒロインの種族に関わる重要な秘密などが出てきてドキドキの展開となっております。\n']",,"['主人公は作中で何故か美少女たちからモテます。定期的に彼女ができるのですが、主人公のことが大好きな妹が影で彼女を脅して別れさせたりしています。そんな中、学園でも大きな影響力を持った厄介な3人の美少女と主人公を奪い合うドロドロとしたやりとりが繰り広げられるといった感じの内容です。\n', 'ちなみにドロドロとはしていますが、読みにくさとかはあんまりないです。各章ラストに向けて内容が重くなっていきますが、そこ以外は割と普通の恋愛モノって感じの作風です。\n']",,,,"['内容に関してですが、基本的にほぼあらすじ通りです。1章ではだいたい2人の生徒会活動をメインにしてほのぼのと進んでいく感じですね。2章は恋愛メインになります。というか1章の終盤からですね。ニヤニヤが止まりませんでした。\n', 'とにかく中盤以降のニヤニヤしてしまう感じがやばかったです。一応ヒロインのことでシリアスっぽい要素もあるのですけど、あんまり掘り下げていませんし、それほど読んでいてきついとは感じませんでした。\n', '基本的にはどの話も数話で完結します。章ごとに内容が続くこともほぼありません。また、この作品を読む人でここが好きという人が多いと思いますが、度々主人公以外の視点の別話が入ります。そこで主人公が関わったことが別視点でどう思われているかが書かれているので、ニヤニヤしたりおかしいだろと突っ込んだり人によっていろいろな楽しみ方ができると思います 笑\n', '主人公とヒロインはどちらも現実世界でいろいろと抱えているので、異世界では幸せに過ごしてほしいです。あと2人の距離感にニヤニヤしてしまうのでご注意を。\n', '\u3000純粋な二人の恋物語がゆっくり進んでいく模様を、理想と現実を織り交ぜながら赤裸々に描いていきます。社会に疲れたサラリーマンも、青春まっただ中の少年少女も、愛に飢えたみなさんも、二人の恋愛模様を覗いて一緒にニヤニヤしませんか？\n', 'ヒロインの口に出す言葉がかなりきついのでその分本音とのギャップが凄いこととなり、見事に惹き込まれる作品となっていますね。ヒロインの本音を読んでいるとニヤニヤが止まりません。多分この感想を読んで想像した数倍はギャップがあると思いますよ 笑\n', 'あと個人的にはヒロインだけでなく主人公の方にも注目しました。最初はヒロインに対して苦手意識が強かったのですが、本音を知ったことにより少しずつ絆されていくところが非常にニヤニヤしてしまいます。もうこいつ途中からヒロインのこと大好きすぎだろと脳内でツッコミまくっていました。\n', '今回、私ヒロインが可愛いということとニヤニヤしか言ってない気がしますが、まあこの作品はそこが重要だと思うので問題ないですよね。割と短いので内容についてはそこまで深くは触れませんでした。読んだあと感想で語ってくれればいくらでもネタバレ込みで語り返しますよ 笑\n']",,,"['個人的に良かったのは、敵キャラが充実していることですね。きちんと主人公以外に強者がいますし、言葉にし辛いですが、こう手強く倒すべき敵が多くいるのでなろうらしいものではないのですけど、ある意味で王道っぽい作品になっているんですよね。また、七器という強力な兵器を国家単位で奪い合う話もあるのですが、私的に先の展開がどうなっていくのかハラハラしつつ楽しめました。\n', '最後の方の展開も、推理などもありハラハラさせられる部分も楽しめるのではないでしょうか。\n', '主人公はチートは全くなく俺Tueeee要素は一切ありません。ただひたすら自分のできることをやっていき他の人たちから信頼を得ていく展開ですね。少々それが御都合主義に感じてしまう人もいるかもしれませんが私はそれほど感じませんでした。徐々に成り上がっていくのですが、その流れがしっかりとしていたのでとても面白かったです。終盤の戦争パートも現実的なやり方なのでなかなかハラハラさせられましたしね。\n', '\u3000才色兼備、容姿端麗、文武両道、聖人君子と言った褒め言葉をすべて兼ね備えている四條学園の生徒会長“藤堂綾乃”と、その生徒会長に振りまわされちゃう残念な、でもやればできる副会長“犬塚真也”が学園のために精一杯頑張る？\u3000ハラハラどきどきな学園ストーリー。\n', '基本的に、ヒロインに関して危機的状況になったりもするのですが、そういった一部を除いてハラハラする展開というのはあまり無いように感じました。むしろ主人公の商売関係のやることが大抵上手くいくので、ちょっと御都合主義に感じる人はいるかもです 笑\n']",,,,,,,['「戦場でもめったに見ない悲惨な状態」――そう称される程度にバラバラの轢死体となった体。\n'],,"['作品の内容としては、普通に暮らしていた主人公が突如見知らぬ場所でダンジョン攻略をさせられるという話です。なんでダンジョン攻略をさせられるのかの説明はちゃんとあります。一応異世界ものではないですし、複雑な内容ではないですが国家とか政治がバンバンでてきます。\n', 'とりあえずヒロインがツンっとした感じだったりガードが固かったり、私の好みにバンバン引っかかっていました。\n', '私もある意味で語ってるようなものだし他の人の感想とかもバンバン読んでみたいもの(*゜▽゜*)\n']",,,,,,,,['\u3000少し出しゃばりな妹にヒヤヒヤしつつも、その妹と同じぐらいに無茶をする宗谷は、混沌が渦巻く世界の中で自ら望んで戦いの中に身を投じていく。\n'],,,,['投稿したときから読んでいるのですが、とても面白い。あらすじを見たときに、読み専としての私のレーダーがビンビンに反応しました。案の定読んだら最初から惹きこまれました。設定が凄くいいですよね。\n'],,,,,,['\u3000好きだった人が結婚した。挙式当日藤堂が出会ったのは、仕事をしないと評判の何ともムカつく女。社内で遭遇する度苛立ちは増して行くが、ある日思いもよらない場所でその女を見かけた。噂に惑わされる捻くれた善人と、外側だけフワフワな女の子の優しい恋の話です。\n'],,,,,,,,,,,,,"['・羽柴さんの除霊は物理 〜霊ホイホイな俺とホラークラッシャーな羽柴の百物語〜・・・258\n', '［＃中見出し］258.羽柴さんの除霊は物理 〜霊ホイホイな俺とホラークラッシャーな羽柴の百物語〜［＃中見出し終わり］\n', '主人公強さは作中でも上位なんですけど、普通に同じくらいの強さのキャラがホイホイいるので割とボロボロになります。無双っぽいことをするときもあるのですけどね。\n']",['あらすじ、タイトルから結構シリアス系かと思いきやそんなことはありません。序盤の12話までかなりシリアス雰囲気ですが、それ以降はひたすらテンポの良さを重視とした主人公一行の旅がとても愉快で笑えてくる。まあ基本的に主人公とヒロインと主人公に挑発されてボコボコにされる勇者一行(主人公の下僕)が登場人物です。主人公も痛い目をみることがありますがね 笑\n'],,,['主人公強さは作中でも上位なんですけど、普通に同じくらいの強さのキャラがホイホイいるので割とボロボロになります。無双っぽいことをするときもあるのですけどね。\n'],,,['気が向いたり紹介している作品を他の人にももっと広めたいという方は評価とかブクマをポチポチしてあげてくださいヽ(*´∀｀)\n'],,"['というかあれですよね、伝わるかわかりませんけど、敵が途中途中でポンポン出てくるよりも、最初から「十人衆」みたいな感じでなんか強そうな雰囲気の敵がいたほうが先の展開を想像して胸が熱くなりますよね 笑\n', 'ハーレムに関しては悩むところなのですけど、すぐにポンポン増える感じでもありませんし割とちゃんと紆余曲折を経て結ばれるので控えめにしました。今の所人数も少ないですしね。\n']",,"['内容としては、あらすじで感じる以上に人種差別が激しいです。基本的にはその差別を無くそうとする革命軍と、目の前の争いを止めようとする主人公たちという構図になると思います。正直、最後まで革命軍のやり方にはモヤモヤしていたのですが、そこまでしても為さなくてはならないという強い想いも感じたのでずっとスッキリしませんでした。多くの人が死にますし、ベストというよりもベターという結末だったかなあという気がしますけど、そこら辺をどう判断するかは人それぞれでしょう。\n', '正直これから更に面白くなるってところでダイジェスト風に完結したのでモヤモヤ感がやばいですけど、まあ作者さんの都合もありますし仕方がないですかねえ(￣▽￣;)\n']",,,,,,
N7056EMline_info_n_k,,,,,,,,,,,,,,,,,,,,,,,,['\u3000また、場合によっては数十年お金を預けることになるため、軽視できないのがインフレです。掛金を運用してくれているので多少のインフレは吸収してくれるはずですが、今後数十年でガンガンインフレしていくことになれば目減りは避けられないと思います。ただまあそれを言えば定期預金だって（以下略）\n'],,,,,,,,,,,,,,,,,,,,,,,,,,,,,,,,,,,,,,,,,,,,,,,,,,,,,,,,,,,,,,,,,,,,,,,,,,,,,,,,,,,,,,['\u3000納付するタイミングがバラバラだからです。\n'],,,,,,,,,,,,,,,,,,,,,,,,,,,,,,,,,,,,,,,,,,,,,,,,,,
N3654CMline_info_n_k,,,,,,,,,,['自室のデスクトップパソコンでカタカタ書いてます。\n'],,['\u3000ある意味で退屈な話なのですが、ハムスターがカラカラ回しているのを眺めているのが好きな人は面白いと思える話だと思います。\n'],,,,,,,,,,,['\u3000ストックがガリガリ死んでいくから、死ぬ気で書き溜めする癖を付けろ。\n'],['進め!たかめ少女高雄ソライロデイズ。 - ガンガンONLINE（2016年5月19日 - 連載中）\n'],,,,,,,,,,,,,,,,['\u3000帰り道で頭がクラクラしてもうこのままわたしは死んでしまうのではないかと思いながらも、車に非常に気をつけて帰りましたね。\n'],,,,,,,,,,,['コツコツ書いていたら、お声をかけていただいてＨＪノベルスからデビューできました。\n'],,,,,,,,['基本的にベッドでゴロゴロしながら携帯で書いてます。\n'],,,,,,,,,,,,,,,,,,,,,['ダラダラしないように描写は必要最低限に削りましょう。\n'],,"['\u3000ノートパソコンを使っています。ワードとメモ張でチマチマと書き進めております。\n', '\u3000\u3000→職につきつつチマチマ書いて、新人賞とかでデビューし、埋め草作家からスタート。小ヒットを重ねて職業作家になる。何か人類共通の悩みにとことん焦げ付けばヒット作をバンバン生み出せるようになる？\n']",,,,,['具体的に言うと、テクテクとお店に歩いていく夜食散歩の最中にふと思いついたり、\n'],,,,,,,,,,['\u3000とりあえず生き残れるし何とかなるからいけいけードンドンぱふぱふー。\n'],['ニコニコ\n'],,,,,,,['それが分かったら誰にも言わずにバシバシヒット飛ばしてアニメ化とかむっちゃしてもらうんじゃチクショウ\n'],,,['作中で主要人物やヒロインがバッサバッサと死んでいく、なろうで書いている作品とは違ってかなりシビアで殺伐とした小説ばかりでした。\n'],,['でも持っている本を延々読み直したりもするので月に何冊とは言えない感じでバラバラ。\n'],,['\u3000\u3000→職につきつつチマチマ書いて、新人賞とかでデビューし、埋め草作家からスタート。小ヒットを重ねて職業作家になる。何か人類共通の悩みにとことん焦げ付けばヒット作をバンバン生み出せるようになる？\n'],,,,,,,,,,,,,['色んなところがピカピカ光ったり、ド派手なアクションシーンをこれでもかと詰め込んでいるのはそのせいです。\n'],,,,,,,,,,,,,,,,,,,,,,,,,,,['\u3000デスクトップにファイル作って書き始めればポンポン浮かんでくるので、それをただひたすらキーボードで打つ作業を淡々と。\n'],,,,,,,,
N0042ESline_info_n_k,,,,,,,,,,,,,,,,,,,,,,,,,,,,,,,,,,,,,,,,,,,,,,,,,,,,,,,,,,,,,,,,,,,,,,,,,,,,,,,,,,,,,,,,,,,,,,,,,,"['\u3000あの時代のニコニコ動画はかなり創作史に影響を与えていると思う。\n', '\u3000最後に少し話をそらすが、ゲームであるがゆえにニコニコ動画との相性がよく、アイマスや東方作品での架空戦記がブームになった時期があった。\n']",,,,,,,,,,,,,,,,,,,,,,,,,,,,,,,,,,,,,,,,,,,,,,,,,,,,,,,,,,,,,,
N0177ESline_info_n_k,,,,,,,,,,,,,,,,,,,,,,,,,,,,,,,,,,,,,,,,,,,,,,,,,,,,,,,,,,,,,,,,,,,,,,,,,,,,,,,,,,,,,,,,,,,,,,,,,,['\u3000根本的な対応としては、ニコニコ動画みたいに完全会員制にすりゃ良いんですけどね。'],,,,,,,,,,,,,,,,,,,,,,,,,,,,,,,,,,,,,,,,,,,,,,,,,,,,,,,,,,,,,,
N8696DXline_info_n_k,,,,,,,,,,,,,,,,,,,,,,,,,,,,,,,,,,,,,,,,,,,,,,,,,,,,,,,,,,,,,,,,,,,,,,,,,,,,,,,,,,,,,,,,,,,,,,,,,,,,,,,,,,,,,,,,,,,,,,,,,,,,,,,,,,,,,,,,,,,,,,,,,,,,,,,,,['\u3000で、今回のお話を書いた訳ですが、書いているうちに疑問がムクムクと……。舞台設定上、植物性油脂が手に入らないことになっています。動物性油脂は常温での喫食には向かないのであんまりおいしくはできないはず。という目論見はあったのですが、本当にそうなのか、と。'],,,['\u3000オリーブオイルマヨが悔しかったので、ルールに反しますがネットでレシピ見て作り直しました。油は少しずつ入れるのが良いみたいです。それから攪拌も足りなかったと思われます。ちょっとまだユルユルですが、もっとマシなものが出来ました。以上。'],,,,
N1003EMline_info_n_k,,,,,,,"['\u3000では、それに対する「新型艦」はというと、ザンジバル級機動巡洋艦になります。宇宙艦艇はいろいろありますが「機動巡洋艦」を名乗っているのは本級だけのオンリーワン艦種です。これはランバ・ラル隊が乗って地上に降りてきたときが初登場で、意外に出番は早いんです。このときは、まだメガ粒子砲を積んでなくてサーチライトで幻惑したという。オイオイ、いくら輸送任務だからって｜艤装《ぎそう》がまだの艦を実戦投入するなよ！(笑)\u3000……とツッコんでいた自分が自作では同じ事をやってしまったり(笑)。\n', '\u3000あと、こいつだけ複座機だったんですけど、リュウ・ホセイの戦死後に単座に改造されました。ところが、そのとき残されたコクピットがコアブロックじゃなくて頭部のガラスキャノピーの方だという。オイオイ、どうして生存性が低い方のコクピットを残す!?(笑)\u3000ミノフスキー粒子下での視界確保とかの問題もあるかもしれないんですがガンダムとかみたいにカメラ積んで何とかしろよと。メインパイロットはハヤトなんですが、実は嫌われてるんじゃないかと(笑)。\n', '\u3000それで、主人公たち大した怪我も負わずにあっさり生還してます。オイオイ、お前らこれで生還できるんだったら、プロトゲッターで戦死した正規パイロットたちの立場はどうなる!?\n']",['\u3000劇場版補正効果が強かったのか、リュウって頼りになる兄貴分だと思ってたんですが、後年になってＤＶＤで見返してみると、結構頼りない。第３話でアムロに「軍人のくせに」とかディスられるくらいオロオロしてましたし。序盤のブライトが不安定な部分のフォローに回る事が多かったんで人格者扱いされてますが、ハヤトやカイがエセ脱走騒ぎ（他の連邦軍の所に行って戦うと言ってるので除隊ではない）を起こしたときには遠慮無く殴ってます。\n'],,,,['\u3000まずは、コードネーム「０３」にあたるヘビーアームズから。これは名前の通り重武装タイプのガンダムで、腕のビームガトリングガンと胸に内蔵されたガトリング砲が特徴です。このせいで、やたらとガトリングなイメージがあります。それで、弾切れを起こしてカラカラ空回りしている印象もあるという(笑)。バルカンやマシンキャノンも積んでおり、とにかく弾をバラ撒くのが得意です。\n'],,['\u3000このタイヤ部分がビームコートされてるのかＩフィールドでもついてるのか、ビームをカンカンはじきかえします。とにかく頑丈で、実体弾が当たっても簡単にこわれません。\n'],,['\u3000ガンダム語り１２回目です。絶賛インフルエンザ中で、熱は下がったものの軽い頭痛が引かないわ体の節々が痛いわ状態ですので、今回は内容ガタガタになるかも(爆)。\n'],,['\u3000この頃の私は、かなり寛容になっていたんですよ。ＣＳで古いアニメとか見て、結構粗の目立つ演出とかされてても「昔のだからしょうがない」とか思って許容してた。また、リアルタイムの頃にガチガチにリアルロボにはまって、スーパー系をバカにしてた頃と違って、むしろ古式ゆかしいスーパーロボの味わいも再評価していたんです。\n'],['\u3000そういや、こいつは弟がプラモも持ってたなあ。少しデカいサイズで、完全変形でした。あと、ガチャガチャ系で小さなプラモもありました。変形時に頭部を収納するために胸の凹みがあるやつ。こっちはライタン軍団も出てたような記憶が。\n'],,,,,"['\u3000ただ、それだけで終わらず、ＨＭのパイロットとしての実力もあるため、前作ダンバインのバーンと真逆で、アホっぽいくせに敵軍の中ではガンガン出世して、最後は十三人衆にまで上り詰めるという。最初からマヌケ役なので、失敗してもあんまり落ちないんです。タイムボカンシリーズの三バカトリオと一緒という。\n', '\u3000設定上は「マジンガーではベガ星の円盤獣には歯が立たない」ということになってるようなのですが、映画版でグレートマジンガーと競演してガンガン戦ってるんで説得力が無いという(笑)。\n', '\u3000おまけに、ただの金持ちのお嬢様で戦闘訓練なんか受けたこともないような人だったはずなのに、ＭＳパイロットになったあとはクロノクルなんかよりも、よっぽど強敵になっているという(笑)。リガ・ミリティア側のＭＳをガンガン叩き落として、大勢のパイロットを戦死させているんですよ。ただ、これは敵になったのなら当然のことなので、これを悪女としての罪状に数えるのはお門違いです。\n', '\u3000ただ、後付設定でも武器の面がネックになって、空間戦闘能力は低めだから競争試作に敗れたという設定になっている場合があります。もっとも、これも後付設定の解釈によって違っていて、量産性の問題で競争試作に敗れたので空間戦闘能力もゲルググ並みに高いという設定になっていることもあります。このあたりの不統一性が、二次創作で設定がガンガン膨らんでいったガンダムの面白さですね。\n']",['\u3000この人は有名拳銃「ワルサーＰ－３８」から変形します。ルパン三世の愛銃として日本でも知られていますね。かなり複雑な変形をするので、アニメでは玩具通りの変形はあまりせず、どちらかというとクニャクニャ変形ですね。あと、ロボ形態だと銃口が腹の脇に出たり、股間のトリガーガードが結構前方に張り出してたりするんですが、アニメだとそこらはリファインされています。その一方で玩具の銃形態は非常にリアルだったり。\n'],,,,,"['\u3000実は、私はその１９８９年のチャリティー上映を見に行ってるんですよ！\u3000これ、ちょっと自慢です。弟がＳ．Ｔ．Ａ．Ｒ．Ｓ会員だったんで、それで東京・虎ノ門の方の上映会に応募できて、当選したんですよ。上映されたのは、字幕付き英語版の方でした。ここで、英語版だとスタースクリームがキーキー声だというのを知って衝撃を受けたという。また、トークショーのゲストとしてコンボイ司令官役の玄田哲章さんが来場して、大きなお友達（私含む）を狂喜乱舞させていました。トークショーの最後に、高校生くらいの男子が「コンボイ司令官がんばってー！」と叫んだのに、コンボイ声で「ありがとーう！」って答えてくれてたのが印象に残ってます。\n', '\u3000実は『ザ・ムービー』は英語字幕版を最初に見たんですが、スタースクリームが甲高いキーキー声だったので、ちょっと愕然としたという(笑)。確かにスタースクリームの性格だとキーキー声の方が似合ってるとは思うんですけど、鈴置版を聞き慣れていると、どうしても違和感があるという。\n', '\u3000実は『ザ・ムービー』は英語字幕版を最初に見たんですが、スタースクリームが甲高いキーキー声だったので、ちょっと愕然としたという(笑)。確かにスタースクリームの性格だとキーキー声の方が似合ってるとは思うんですけど、鈴置版を聞き慣れていると、どうしても違和感があるという。\n']",['\u3000マジンガーシリーズなので手も飛ぶのですが、腕部のギザギザが前を向いて刃のようになって回転しながら飛ぶスクリュークラッシャーパンチというもので、破壊力はありそうです。ただ、玩具で再現されていなかったのが残念なところ。超合金魂でも差し替えなんですよね。\n'],,,,,"['\u3000長い黒髪とナイスバディを持つ美女ではあるのですが、年齢が二十九歳。リアルタイム当時では結婚適齢期ギリギリの微妙なお年頃という。このボーダーライン、どんどん上に上がってるんですよね。私が幼少期には「クリスマスケーキ」なんて呼び方があって二十五歳だったのが、この二十世紀末頃には三十歳がボーダーラインになっていて、今じゃあもう少しあがっているという。閑話休題。\n', '\u3000それでいて、金髪の美女で、これまたナイスバディ。目の下の泣きぼくろがチャームポイントです。こちらは、ギリギリで三十歳を超えているというところがミサトとの対比で面白いところですね。\n', '\u3000これだけスペック高いのに、設定年齢二十一歳ですよ！\u3000ガンダム世界は総じてキャラクターの年齢が低いんですが、初代ガンダムのときのシャアが二十歳でブライトが十九歳、ハマーン様もＺガンダムからＺＺにかけて二十一歳（死亡時はギリギリ二十二歳）って若すぎでしょう(笑)。シロッコも二十歳そこそこだった気がしたのですが、Ｗｉｋｉ見てみたら二十六歳でした。いやまあ、ギレン三十五歳、キシリア二十四歳なんてのもありましたが(笑)。\n', '\u3000この新幹線は、いずれもリアルタイム当時の最新車両です。４００系の営業運転開始が１９９２年７月で２０１０年４月に廃車されています。３００系の営業運転開始が１９９２年３月で２０１２年１０月に廃車されています。前年の『ダ・ガーン』放送開始時（１９９２年２月８日）にはギリギリで３００系は営業運転を開始していません。このためか、ダ・ガーンＸの脚部に変形する新幹線は３００系の先行試作車両（１９９０年製造）ですから。\n']",,,"['\u3000トランスフォーマーの変形は、むしろゲッターロボも真っ青なクニャクニャ変形描写が数多く見られます(笑)。このあたりは作画担当によって相当に違っていて、玩具の変形を結構忠実にトレースしている場合もあれば、グニャグニャと真四角になってから、またグニャグニャとロボやメカに変形するというパターンもあります。このあたり、作画はかなりいい加減です(笑)。また、作画ミスも多発しており、同じキャラが二人いたり、色指定が間違ってることなんてザラです(笑)。\n', '\u3000この人は有名拳銃「ワルサーＰ－３８」から変形します。ルパン三世の愛銃として日本でも知られていますね。かなり複雑な変形をするので、アニメでは玩具通りの変形はあまりせず、どちらかというとクニャクニャ変形ですね。あと、ロボ形態だと銃口が腹の脇に出たり、股間のトリガーガードが結構前方に張り出してたりするんですが、アニメだとそこらはリファインされています。その一方で玩具の銃形態は非常にリアルだったり。\n', '\u3000元祖変形合体ロボということになりますが、元祖だけあって玩具での再現性などまったく考えられていないクニャクニャ変形(笑)。後世、これを「完全変形」で玩具化した同人メーカーがあったことに驚愕したものです。さすが二十一世紀(笑)。\n', '\u3000設定的にもツッコみどころ満載で、一番大きいのは同じマシンが順番を組み替えて合体するだけなのに、ゲッター１とゲッター２は体重が二百トンなのに対してゲッター３のみ二百五十トンと、なぜかゲッター３だけ体重が五十トン重いという所でしょうか……と記憶してたんですが、Ｗｉｋｉだとゲッター１が二百二十トン、ゲッター２が二百トン、ゲッター３が二百五十トンと全部重量が違っていました。どこかで記憶違いしたか、誤記した資料を読んだかしたんでしょうね。とはいえ、同じマシンの合体で重量が違っているということに変わりはありません。さすがクニャクニャ変形のゲッターロボ。質量保存の法則なんか軽く踏み越えてます(笑)。\n', '\u3000本作は、前二作を受けた続編ながらも、制作は東映動画となった国産巨大ロボットアニメになります。そのため、前作までのアメリカンテイストは無くなります。作画ミスは格段に減り、クニャクニャ変形はなくなりましたが、その一方でバンク変形合体は登場します。また、シナリオ的にもアメリカンな緩さやいい加減さがなくなり、死者も出るようになります。\n']",,,,,['\u3000その一方で、ストーリー面では前半からガトーが核を撃つところまでは、非常に良いんですよ。ところが、後半は連邦の内紛とニナの裏切りのせいでグダグダになって、非常に後味が悪いという。私は「前半の面白さはガンダム、後半のつまらなさはＺガンダム」と評したことがあります(爆)。\n'],,,['\u3000宮崎駿監督については、その長年の相棒であるスタジオジブリの鈴木敏夫プロデューサーが「まったく後継者を育てることができない」「誰が相手でもケチョンケチョンにけなしてしまう」みたいなことをインタビューで言っていたのを最近読みました。だから誰もジブリには来てくれないのだそうで。なお、そのジブリには来ない後継者候補メンバーの中に庵野監督の名前もありました。そういった宮崎駿監督の態度に耐えられるのは、実の息子である宮崎吾朗監督だけなんだとか。\n'],,"['\u3000ところで、キャラ造形的に特徴的なのが、二クール目と三クール目の間に三年間の時間経過があるということです。このため三クール登場のル・カインや前半で退場するゲイル先輩以外は性格や外見などがだいぶ変わっています。特に、三クール目の外見は、当時大人気だった『北斗の拳』の影響が非常に強く出ており、このあたり好みが分かれるところです。私はゲラゲラ笑って受け入れてましたけど(笑)。なお、その直後に今度は『北斗の拳』でもラオウ打倒後に数年ほど作中時間が飛んだ（アニメでは『北斗の拳Ⅱ』に移行）ため、アニメ誌の読者投稿ページで「今度は北斗がレイズナー」なんて書かれていました(爆)。\n', '\u3000逆に、前回書いた「波動砲」なんかは、ダイレクト直撃世代なので、すぐにわかってゲラゲラ笑ってましたけど。ただ、こちらも当時は高校生や大学生だった世代にはわかるネタなので「子供向け」ではない。\n']",['\u3000父親ハンゲルグ・エヴィンの方は、実はリガ・ミリティアのリーダー「ジン・ジャハナム」の正体だったりします。当初は影武者を立てて隠れていたのですが、終盤に登場します。そのまま味方の総司令官として行動していたのですが、最後にリーンホースＪｒがアドラステアに特攻をかけようという流れになったときに「ちょっと待て」みたいな表情をして、実際に特攻する前にコソコソと逃げ出しています。\n'],['\u3000そのＭＡ－０６ヴァル・ヴァロですが、ジオン軍の未完成ＭＡという扱いで月面都市フォン・ブラウンのジャンク屋であるケリィ・レズナー（声優はあの玄田哲章！）がコツコツと自前で修復して完成させようとしています。彼は元ジオンの優秀なパイロットでしたが、戦争で片腕を失っています。それでも、ヴァル・ヴァロを片腕でも操縦できるように修復して再び戦場に立ちたいと考えていました。その修復をコウが手助けして完成させるという。また、ガトーとも親友と呼べる関係のようでした。\n'],"['\u3000あと、西部劇の保安官を意識してか二丁拳銃の武装があります。とまあ、コテコテにアメリカンな感じのロボです(笑)。ここまできたらテンガロンハットもかぶれよと思っていたのですが、Ｗｉｋｉ読んだところによると後年書かれた島本和彦の漫画版ではそういう後継機が出てるようです(笑)。\n', '\u3000前にも書きましたが、声優の演技は感情をそのままぶつければいい主人公みたいな役の方が簡単なのですよ。そこを渋くサポートする役とかの方が難しい。悪役については、主人公のライバル系とか、コテコテの悪役の方が簡単で、このウルベ少佐みたいな「一見善人だけど本当は悪い奴」とか、裏のあるヤツみたいなのが一番難しいという。閑話休題。\n']",,"['\u3000このバンブルたち小型でデフォルメされた車に変形する連中の自動車状態のモチーフって、明らかに「チョロＱ」だと思います。チョロＱというのは８０年代初頭に大ヒットしたタカラ製のプルバップゼンマイ動力（後ろに引いてゼンマイを巻いて走らせる）のミニカーです。『コロコロコミック』で連載されていた漫画『ゼロヨンＱ太』とか好きだったなあ。主人公Ｑ太が使うチョロＱ「マグナム号」が欲しくて、それが付いてくるサーキットセットを買って遊んでいたおぼえがあります。あと、ダグラム、ボトムズ、ゴーグはチョロＱ版が出てましたし、ダグラムに至っては『チョロＱダグラム』なんて映画まで作られていましたね。思えば、今で言う「｜Ｓ《スーパー》｜Ｄ《ディフォルメ》をバンダイの「ＳＤガンダム」より先行してやってたんですよね。「Ｑロボ\u3000ゴーグ」なんてのもあったな。このタカラの二頭身系統は、やがて『魔神英雄伝ワタル』という名作に行き着き、そして現在までも続いているビーダマンシリーズなどにつながっていくわけですが。閑話休題。\n', '\u3000このＭＳＶについては、雑誌媒体などの影響も大きいのですが、残念ながら当時はコロコロ派だったので、あまり見ていない。\n']",,,"['\u3000ところが、追加装備だから、これ付けてる方が強いはずなんですよ。遠距離砲撃用装備とか、電子装備とかが追加されてるから。ただ、ゴテゴテしてて重くなるので、白兵戦はできないと。\n', '\u3000ニュータイプ専用機としては、ゲーマルクだとかクイン・マンサだとか大型機も結構居たりして、ドーベンウルフに至っては量産されてたりします。ただ、こいつらデカくてゴテゴテしてて確かに強そうではあるんですけど、あんまり好きなデザインではないですね。ジャムル・フィンとかは多少ジオン獣的な味わいがありますけど(笑)。\n']",['\u3000肩に麗々しく描かれた「百」の漢字が素敵です。今なら、ＣＧにレンダリングすれば、どんな模様のロボだってゴリゴリ動かせるんでしょうが、セル画でやってた頃に漢字の模様とか、アニメーター泣かせだったんだろうなあとか思ったり。\n'],,,,,,,,['\u3000あと、これも主題歌がカッコ良い燃える歌なんですよ。オープニング映像も良くて、飛行形態のザブングルがジロンの上を飛び越えてくシーンとか、歌い出しの後の間奏部の「ジャーンジャーンジャーンジャン！」×２の部分でアイアンギアーが変形するシーンがカッコ良かったなあ。\n'],,,,,,,,,,,,,,,,,,,,['［＃中見出し］第87話\u3000超力ロボ\u3000ガラット\u3000その５\u3000ツンツンしよう！博士のオシリ編［＃中見出し終わり］\n'],,,['\u3000名作アニメとして今も名高い『まんが日本昔ばなし』のオープニングのモチーフは「｜竜《たつ》の子太郎」で、デンデン太鼓をもって腹掛けをした竜の子太郎が竜に乗って雲がたなびく空を飛ぶシーンをおぼえている人（＝当時少年だった……以下略）は多いはずです。\n'],['\u3000このデザインがまた素晴らしい。通常の「ザク」を象徴する「動力パイプ」「右肩の盾」「左肩のスパイク（トゲトゲ）」を「引いた」上に、モノアイ（赤いひとつ目）のゲージの中心に支え棒を追加するという演出によって、「旧型」感を出しています。見た目から、ザクと同一系統でありながら「古い」ということが分かる。\n'],,,,['\u3000とにかく、作画が良い上にストーリーは単純明快でわかりやすく、それでいてハラハラドキドキのハイスピードな展開の中に、トランスフォーマーらしいユルさもあり、非常に面白い作品なんですよ。\n'],,['\u3000ＴＶアニメ版では、コマンドマシンというサポートメカに乗って特攻するのですが（劇場版『グレートマジンガー対ゲッターロボG\u3000空中大激突』だとベアー号が撃墜されて戦死というあっさり展開）、漫画版ではゲッター１にひとり乗り込んで敵のメカザウルスの大軍に単機突入して大暴れ、ボロボロになりながらも最後は腹部のゲッター炉を自ら引っ張り出して自爆するという激アツ展開！\u3000しかもこの自爆の際に、ゲッター線の輻射熱だか放射線だかで体がドロドロに溶け崩れながら目だけ光らせて「おさらば」と言いながら自爆するという壮絶描写!!\u3000これは確かにトラウマになるという、少年漫画の限界に挑戦するかのような描き方でした。\n'],,"['\u3000これ、リアルタイムでは実に７３話やってるんです。ニコニコ大百科によると、当初２クール全２６話予定を延長しての６クール一年半。それだけ当時は人気があったはずなのに、なぜか二次資料で語られることが非常に少ないという。\n', '\u3000監督の安彦良和が全二十六話中二十三話の作画監督を務めてるんです。残り三話も実力者の土器手司がやってる。これ、「ニコニコ大百科」だと二十四話って書いてありましたが、Ｗｉｋｉによると二十三話ですね。\n', '\u3000んで、Ｗｉｋｉでは「売れるコンセプトが見つからないから時間が欲しい、とスポンサーに言われた」とか書いてあり、ニコニコ大百科では「玩具を売るためのロボットアニメ的要素がまったく無い」とまで書かれている作品だったりするんですが、その割には関連玩具が結構出てたことが記憶にあったり。\n']",,,,,['\u3000とにかく、作画が良い上にストーリーは単純明快でわかりやすく、それでいてハラハラドキドキのハイスピードな展開の中に、トランスフォーマーらしいユルさもあり、非常に面白い作品なんですよ。\n'],,,['\u3000これが、巨大ロボアニメ史において｜燦然《さんぜん》と輝くのは、「量産型」という概念を｜ア《・》｜ニ《・》｜メ《・》｜に《・》導入したことによるものです。それまでも、敵軍の雑魚戦闘機などはワラワラ出てきては、防衛軍の戦闘機部隊を圧倒するものの、主人公ロボが出撃すると今度は逆にバタバタ叩き落とされるというのが一種様式美のようになってはいました。\n'],['\u3000このとき、アムロの操作にガンダムが追いつかないというシーン（計器の上をバチバチと電撃が走ってショートするという分かりやすい演出）を挟みながら、結局はガンダムによって撃破されてしまいます。この戦いがきっかけで、ガンダムの反応速度を上げるマグネット・コーティングという地味なパワーアップ(笑)がされることになります。\n'],,"['\u3000主役ロボ三機が、バッタバッタと無双しまくって敵メカをフルボッコにしてました。なんじゃこりゃあ？\n', '\u3000しかし、同じ型のロボが大量に出てきて、主人公ロボにバッタバッタとやられまくる、というのはありませんでした。この点だけをもってしても、ザクというのがいかに革新的だったか、ということが分かります。\n']","['\u3000ここで、ＴＶ版では何度撃たれようがバラバラにされようが死ななかったトランスフォーマーたちが、お互いの武器の一撃であっさり死亡します。劇場映画なんでアメリカのＴＶコードに縛られていないからキャラ殺してもいいんですね。というわけで、ＴＶ版では不死身だったトランスフォーマーたちが、あっさり死にまくります(爆)。\n', '\u3000そのウルトラマグナスですが、瀕死のコンボイ司令官から、サイバトロンのリーダーの｜証《あかし》である「マトリクス」を託されます。このマトリクスがユニクロンの狙いでした。マトリクスをウルトラマグナスに託したコンボイ司令官は死亡し、その意志を継いだウルトラマグナスはマトリクスを奪われないように宇宙へ逃げますが、ガルバトロンたちに追い詰められて、やむなくマトリクスの力を解放しようとするものの、真の後継者ではなかったので解放できず、バラバラにされてマトリクスを奪われてしまいます。\n', '\u3000さて、ロボとしてのジーグの魅力は、何と言っても磁石による合体。全身バラバラのパーツがサポートメカのビッグシューターから撃ち出されて合体する。そして、それをほぼ完全再現した玩具のできが非常に良かったんですよ。\n', '\u3000また、初の本格的変形合体ロボでもあります。ジーグはバラバラになったパーツが撃ち出されて合体する、ガイキングが胸以外は腕と頭部パーツ、脚部パーツが撃ち出されて合体するだけなのに対して、コンＶは五機の独立したメカが変形しながら合体することで完成するロボなのです。しかも、それが玩具でほぼ完全再現されたという点において、非常に画期的なロボで、まさにエポックメイキングと言うのにふさわしい存在でした。\n', '\u3000……こいつ、弟が持ってたはずなのに、あまりデバスターで遊んでる印象が残ってないんですよね。むしろバラバラのビルドロン部隊で遊んでた印象の方が強いという。合体パーツ無くしちゃって合体できなくなってたんじゃないだろうな？(笑)\n', '\u3000しかし、そこで第１話のみは巨大ロボはガイヤーに倒されますが、第２話以降はガイヤーと戦ってる間は善戦できるものの、そこで六神合体されてゴッドマーズが出てくると、即必殺技バンクシーンになって瞬殺されるという(笑)。ちなみに、ゴッドマーズと違ってガイヤーは結構動けますし、六神ロボもバラバラ状態だと結構動きます。ストーリー面の尺に余裕があってロボ戦闘シーンが長いときは、たいてい分離状態での戦闘が長くなります(笑)。\n', '\u3000まず、主人公ロボのゴーグですが、プラ製で関節だけ金属化してる玩具が出てまして、弟が買って持ってました。全身バラバラ状態で箱に入っていて、それ関節ジョイントで結合して作るという感じの半完成品みたいなのでしたね。大きなサイズの完成品も出てたみたいですが、そっちは印象に残っていません。\n']","['\u3000いや、レギュラーの老兵チャーや気弱な早口ブラーとかの変形する未来カーもかなり変なんですけど、ロディマスコンボイの牽引トラックが流線型で、トレーラー部と一体化したようなデザインは、特に違和感バリバリです。Ｗｉｋｉ読んだら「キャンピングカー」説もあるようで(笑)。\n', '\u3000確かに若い役を演じるのは得意かなという気もするのですが、既にバリバリのベテラン声優なんで「若くて未熟な新司令官」という役にふさわしかったのかなあというのは、ちょっとあります。まあ、ずっと若手っぽい役を演じてるベテラン声優さんも居るんですけどね(笑)。\n']","['\u3000ドラマ重視のストーリーは、非常にハードな展開で、味方の重要キャラがバンバン死にます。第２話でボルテスの開発者のひとりでもある主人公たち｜剛《ごう》三兄弟の母親が死亡。同じく開発者のひとりで、初期の司令官役の博士も途中で戦死。さらにヒロインの父親である地球防衛軍長官まで戦死と、主人公たちの肉親やら親代わりの人が死にまくります。\n', '\u3000バンバンとビームを撃ったりするものの、まったく当たらなかったりして全然活躍できずパティのフラストレーションはたまるばかり……といったストーリーでした。\n']",,,,['\u3000んで、リアルタイム当時、ちょうど本屋で原作漫画を見つけてパラパラと立ち読みしてみて「全然違うじゃん！」と思って、最後の方を読んで見て大衝撃を受けたのですよ。何しろ、マーズが四苦八苦しながらも何とかガイアーを爆発させないように最後の敵を破壊せずに内部から機能停止させたら、守ってもらったはずの人類が「人類が滅ぶのは嘘だったのか」ってマーズを襲おうとするんですよ。それで人類に失望したマーズが「こんなやつらを守るために戦っていたのか」みたいなことを言って、ガイアーの爆弾を起爆して地球が破壊され、人類が絶滅するという。\n'],['\u3000こいつはとにかく、デカい、強い、の印象しかありません。ジムとか文字通り鎧袖一触。しかも宇宙に飛びだしたあとは戦艦のビーム砲をパンパンはじいていきます。後付設定では「｜Ｉ《アイ》フィールド」ってミノフスキー物理学を応用した対ビームバリアーってことになってますが、ＴＶ版では「強力な磁界」としか言われていません。磁気バリアだったんですね。\n'],,,,,,['\u3000おっそろしく凶暴になっているんですよ。前作のメガトロン様の懐の深さはどこに行ったって感じで、すぐブチ切れるという。これ、頭脳回路に異常をきたしているという設定なんですね。作中でも、頭部にビリビリと稲妻みたいなのが走ってる演出がときどきありました。お前はニュータイプかという(笑)。\n'],,,,['\u3000最初に遭遇する敵艦隊司令官のブリタイですけど、かなり有能な軍人だったりします。理性的で指揮能力や判断力に優れているという。その一方で、バトロイドと殴り合って殴り勝ったり、宇宙に生身で吸い出されたのにピンピンしていて艦内に戻ってくるとか、化け物じみたところもあったりします。このあたりは、さすが巨人といったところでしょうか。\n'],,['\u3000それなのに、とにかくフラフラしてて優柔不断な印象があるのは、実は第二部のせいなのかなと思ったり。第一部だとミンメイに告白してフラれてるし、そもそも未沙のことを完全に意識するのって、そのあとのことだし。\n'],,,,,,,"['［＃中見出し］第133話\u3000機動戦士ガンダムＺＺ\u3000その４\u3000プルプルプルプルプル～！編［＃中見出し終わり］\n', '［＃中見出し］第133話\u3000機動戦士ガンダムＺＺ\u3000その４\u3000プルプルプルプルプル～！編［＃中見出し終わり］\n']",,,,,,"['\u3000にしても、ＴＶ版だと新任ペラペラの新米中尉が艦長やってる艦に中尉の階級を持つベテラン軍人を配属してくるとか、何の嫌がらせかと(笑)。\n', '\u3000さらに、戦車として考えると装甲はどうなっているのかと。敵戦車の上面装甲が脆弱であるとかいう以前に、マゼラ・トップってガラスキャノピー付いてますよ(笑)。脆弱どころの騒ぎじゃない。さらに言えば、飛行機ってのは空飛ぶために軽量化する必要があって、戦車みたいな装甲を付けるのは無理なんです。つまり、ガラスキャノピー部以外もペラペラの紙装甲であるはず。\n']",['\u3000騙されてたとはいえ、ホイホイとこんなのを発動する中心人物になってしまうからシャクティは死神とか言われるんですよ(笑)。もっとも、最後はそのシャクティの祈りで自壊しながら宇宙へ昇天していきましたけど。\n'],"['\u3000ただ、クルットに巨大化しても全然強くないという(笑)。一応剣は持ってますが、それこそボスボロット並みの戦闘力しかありません。それで敵ロボにボコボコにやられて「博士、話が違うじゃない！」とマイケルが叫んだところで、キウイ博士がおもむろに「ガラット変身するのじゃ！」と叫ぶという。なお、このとき一瞬だけキウイ博士もシリアス顔になります(笑)。\n', '\u3000また、一応セイラさんが「さすが新型」とか感心してたりしましたが、その割にはボコボコ落とされてて、キシリアのセリフでも「動きが目立たない」「学徒動員のパイロットが」みたいな会話があったりして、そんなに「強い」感が無い。\n', '\u3000Ｚガンダムではカミーユにハンブラビを破壊されますが、脱出に成功し、ＺＺにも登場します。ただ、ＺＺでは完全にギャグキャラ落ちしており、ハンドメイドのＭＳでＺＺに挑んだりして、結局ボコボコにされてフェードアウトしていますが、死んではいないようです。\n', '\u3000シミュレーションゲームなので、ユニットの駒はＭＳの顔を模しているのですが、当然ながらジムとジムⅡはそっくりです。なので「何だジムか」と思って攻撃をしかけてみたら、全然こちらのＭＳの攻撃が効かず、逆にボコボコにされて「何事!?」と愕然としたという(笑)。\n', '\u3000実のところ、現在の後付設定でいうと、性能面で言えば装甲が劣化してるのとメイン動力炉の出力が僅かに落ちてる以外のカタログスペックはガンダムと同等なはずなんですよね。現在では作中でボコボコやられてるのはパイロットの練度が低かったとか、初期量産型は不具合が多かったせいとか解説されてますが。\n', '\u3000前にバルディオスの回で書いたように、私の処女作のヒロインにはアフロディアが投影されてるんですが、それ以上にロゼの影響の方が大きかったりします。そのため、最初は敵として出てきた上に主人公にボコボコに叩きのめされる――もちろん、生身じゃなくて乗ってるロボがですよ(笑)――という。\n', '\u3000ソロモン戦の前にブライトと再会したら「いっぱしの指揮官面になってたきたかな」などと褒めてたのはまあいいとして、テキサスコロニーのところではシャアのザンジバルと火力では上のはずのマゼラン級で一騎打ちしたのに惨敗（シャアのザンジバルは大して損傷してないのにマゼランはボコボコにされて撃沈）して戦死。相手が悪かったと言えなくもないですが、ＭＳ無しの状況で戦艦が巡洋艦に撃ち負けるって……やっぱり無能だった。\n']",,,"['\u3000敵司令官のシャーキンを倒したあと、巨烈兄弟が現れて、それまでの化石獣からパワーアップした巨烈獣でライディーンを襲い、ライディーンは大苦戦をしいられてボロボロにされます。そして、何とか巨烈獣を倒すものの、相打ち状態でライディーンは大破し、主人公も死亡（仲間の超能力者が「命が感じられない」というようなセリフを言う）してしまいます。\n', '\u3000そして、三クール目から登場なものの、忘れちゃいけないのが正当派美形悪役ライバルであるル・カイン。グラドスの地球侵攻軍の司令官であるグレスコの実の息子です。黄金色の専用ＳＰＴザカールを駆って一度はエイジとレイズナーをボロボロにします。このザカールが、レイズナーより強力な赤色のＶ－ＭＡＸを使えるんですね。デザイン的にもレイズナーと同じようなヒーロー系の造形で、ライバル機としての風格充分でした。\n', '\u3000その一方で、そのカッコ良いシュタイナー隊長たち、サイクロプス隊の仲間たちはバーニィの目の前でボロボロと死んでいくという。\n', '\u3000マクロスは出てくるものの、すっかりボロボロになってた上に、最後には敵の攻撃で崩壊してしまいます。\n', '\u3000でも、プラモが売れなかったんです。結果として四クール予定が三クールでの打ち切り。このため、最終回直前で主人公エイジと主人公機レイズナーがライバルのル・カイン操るザカールによってボロボロにされたシーンから、最終回で突然話が飛んで最終決戦になるという超展開になってしまいます。\n', '\u3000じゃあ、憧れのお姉さんポジションかと言われると、断じて違うと断言できるくらい、プライベートでの生活態度がボロボロです(笑)。だらしがなく、酒飲みで、汚部屋で、料理が壊滅的に下手。自分の家にシンジとアスカを同居させますが家事は全部シンジに押しつけていました(笑)。\n', '\u3000このチャップマンは過去に三大会制覇を成し遂げた実力者なのですが、年齢による衰えや病気のために既にボロボロの状態でも、なお戦士として正々堂々と戦おうとした歴戦の勇士でした。ただ、それを案じた妻が影で援護していたので結果的に卑怯な戦法になってしまっていたという。ドモンとのガンダムファイトに敗れたあと、病死しました。\n', '\u3000また、こいつ重装甲なんですね。第５話で、陸上戦装備のまま宇宙に出撃してしまい、シーマ・ガラハウ中佐率いるゲルググ｜Ｍ《マリーネ》部隊に一方的にボコられるんですが、撃たれまくってボロボロになりながらも、結局破壊はされなかったという。その際にシーマ様（こう呼びたくなる人なんですよ）が「何て頑丈さだい!?」とあきれかえったという。このあたり、確かにガンダムの伝統を引き継いでいます。\n', '\u3000劇場版では復活したアスカが操縦して、九体の量産型エヴァを相手に、最初こそ大暴れしていたものの、最後は多勢に無勢で押し込まれてボロボロに破壊されました。\n', '\u3000ＴＶアニメ版では、コマンドマシンというサポートメカに乗って特攻するのですが（劇場版『グレートマジンガー対ゲッターロボG\u3000空中大激突』だとベアー号が撃墜されて戦死というあっさり展開）、漫画版ではゲッター１にひとり乗り込んで敵のメカザウルスの大軍に単機突入して大暴れ、ボロボロになりながらも最後は腹部のゲッター炉を自ら引っ張り出して自爆するという激アツ展開！\u3000しかもこの自爆の際に、ゲッター線の輻射熱だか放射線だかで体がドロドロに溶け崩れながら目だけ光らせて「おさらば」と言いながら自爆するという壮絶描写!!\u3000これは確かにトラウマになるという、少年漫画の限界に挑戦するかのような描き方でした。\n', '\u3000その動きをイブの願いで阻止しようとガーランドで戦うことにした主人公｜矢作《やはぎ》｜省吾《しょうご》は、結局はライバルであるＢ・Ｄの駆るハーガンに敗れてボロボロにされ、命だけは助けられるものの、すべてを失ってしまった……という衝撃のエンディングで本作は終わります。\n']","['\u3000「パーフェクトガンダム」というのもありますが、これはコミックボンボンの人気漫画『プラモ狂四郎』のアイテムと見るべきでしょう。\n', '\u3000しかしながら、私個人にとっては、非常に思い出深い作品だったりするのです。これは、私がアニメ誌を読んだ情報から「これが見たい」と思って見ることを決めた初めての作品だからです。そして何より、この作品が始まる前に、我が家に初めてビデオデッキが導入されました。この頃、まだ高かったビデオテープを使って、ほぼ全話を録画して長期間にわたって保存しました。だから、何度も見返しています。さらに、大人になってＣＳ放送で再放送があったときも、全話録画してＤＶＤ化しました。そしてボンボンで連載されていたコミカライズ版がコミックスで出たときも買いました。それだけ、ハマっていた作品だったのです。\n', '\u3000このあたり、ノベライズ版や後発の漫画版では少し設定を変えたり、ニナの心情を追加したりしてフォローしてるとＷｉｋｉには書いてあったんですが、それにしたってワケがわからないことに変わりはないです。むしろ、この設定をサッパリとオミットしたという『コミックボンボン』連載の幼児向け漫画版の判断の方が適切でしょう。\n', '\u3000ちなみに、講談社ボンボンKCから出ていたコミックス版だと、最後はグラッシュとガラットが戦って、何とグラッシュが勝利してジャンブーたちが破壊されてしまうという衝撃的な展開に！\u3000ところが、その戦いで力を使い果たしたグラッシュは急速に老化してヨボヨボの老人と化してしまったという(笑)。それで世界は平和になり、マイケルたちはキウイ博士に修理してもらったジャンブーたちと一緒に平和な日常に戻った、というのがオチでした。\n', '\u3000さて、ガラット三号のカミーグですが、こいつはカミルがキウイ博士に無理矢理改造させています。というのも、カミルは元は大富豪のボンボンだったんですが、キウイ博士の口車に乗せられて無一文になってしまったという(笑)。その貸しがあるので強引に改造させたんですね。\n']",,,,,['\u3000何より、実際の画面を見てみると、合体したあとで主人公の肉体がロボ内でムクムクと巨大化してロボと一体化するという不思議な現象が起きます。操縦じゃなくてロボと一体化しているんです。実は巨大ロボと巨大ヒーローの折衷型なんですね。だから、のちにアニパロ雑誌『ＯＵＴ』あたりでは「中味が空洞」とか｜揶揄《やゆ》されたりしてます。\n'],"['\u3000名作だと認めつつも、そこはどうしてもモヤモヤする部分なんですよねえ。\n', '\u3000そういえば、ジロンの宿敵ティンプすら死んでないんですよね。普通ならこれはモヤモヤした気分を抱かせる要因になるはずなんですが、大して気にならないという。まあ、当のジロンが途中からあまり復讐にこだわらなくなってはいましたんで。\n']",,,['\u3000ちなみに、講談社ボンボンKCから出ていたコミックス版だと、最後はグラッシュとガラットが戦って、何とグラッシュが勝利してジャンブーたちが破壊されてしまうという衝撃的な展開に！\u3000ところが、その戦いで力を使い果たしたグラッシュは急速に老化してヨボヨボの老人と化してしまったという(笑)。それで世界は平和になり、マイケルたちはキウイ博士に修理してもらったジャンブーたちと一緒に平和な日常に戻った、というのがオチでした。\n'],,"['\u3000なので、私も遊んだことがあります。これ、既にロボの玩具で遊ぶような年じゃなくなってた私でもワクワクしましたよ。デカいというのは、それだけで魅力があるということなんですね。\n', '\u3000私はワクワクしながら再放送を待ちました。今度こそ全話ＤＶＤに高画質で録画しようと。\n']","['\u3000……てか、チョロインとか義妹萌えとか、結構最近のＷｅｂ小説のパワーワード……というかテンプレ入ってねえか？\u3000前作ダンバインに続いて、かなり時代を先取りしてたのか、それともこのあたりがチョロインだの義妹萌えだのの元になっているのか？\n', '\u3000……てか、敵のこともよくおぼえてません。ゴブリン一族なんて名前の地底人のようです。何か、転生ネタといい、今のＷｅｂ小説におけるパワーワードが微妙に出てくるんですけど(笑)。\n', '\u3000特に、この８３年という時代でありながら、「異世界召喚」「ファンタジー」を組み合わせた富野監督のセンスには脱帽します。Ｗｉｋｉだと「ナウシカ」を意識したとか書いてありましたが、あれは未来の地球を描いたＳＦですから。ダンバインだと今日のＷｅｂ小説のパワーワード「異世界召喚俺Ｔｕｅｅｅ！」をやってるんですよ。\u3000『ドラゴンクエスト』（１９８６年）どころか『ドルアーガの塔』（１９８４年）すらまだ存在していない、この時代にやってる先見性はさすがとしか言いようがありません。\n']"
N5084EJline_info_n_k,,,,,,,,,,,,,,,['ゆ「ダメです、それは聞いてはいけない質問ですよ。私たちの存在意義に関わります((((；゜Д゜))))ガクガクブルブル 」\n'],,,,,,,,,,,,,,,,,,,,,,,,,,,,,,,,,,,,,,,,['ゆ「(つд⊂)ゴシゴシ 」\n'],,,,,,,,,,,,,,,,,,,,,,,,,,,,,,,,,,,,,,,,,,,"['\u3000ちなみにWebAPIを公開するかはそのサイトの任意です。すべてのサイトで利用できるわけではありません。WebAPIを公開している有名なサイトだと、Wikipediaがありますね。記事の内容、リンク、カテゴリなんかを取得できます。それ以外にも、NHKや国会図書館、気象庁、NTTドコモ、YouTube、ニコニコ動画、Instragram、Twitterなどなど多くのサイトで利用できます。小説家になろうも公開しています。\n', 'ゆう（以下ゆ）「こんにちは。いつもニコニコあなたのマイページに這いよる本好きの、ゆうです！\u3000今回のスコッパー番外編は会話調で進めていきます。お相手は友人Ａさんでーす」\n', 'ゆ「どうなんでしょうね。あまりいないのかもしれませんね。ニコニコ動画にいた時はいっぱいそういう人いたんですけど」\n']",,['\u3000さて、これを｜自《・》｜分《・》｜の《・》｜作《・》｜品《・》｜名《・》｜や《・》｜名《・》｜前《・》にすれば何がわかるんでしょうね？\u3000（・∀・）ニヤニヤ\n'],,,,,,,,,,,,,,,,,,,,,,,,,,,,,,,,,['ゆ「ダメです、それは聞いてはいけない質問ですよ。私たちの存在意義に関わります((((；゜Д゜))))ガクガクブルブル 」\n'],,,,,,,,,,,,,,,,,,,,,,,,,,,
N8271ETline_info_n_k,,,,,,,,,,,,,,,,,,,,,,,,,,,,,,,,,,,,,,,,,,,,,,,,,,,,,,,,,,,,,,,,,,,,,,,,,,,,,,,,,,,,,,,,,,,,,,,,,,,,,,,,,,,,,,,,,,,,,,,,,,,,,,,,,,,,,,,,,,,,,,,,,,,,,['\u3000近所の空き地は草ボーボーです、いい感じです。虫取りは何十年ぶりですが腕が鈍っていないといいな、と思いながら網を振ります。お天気もじりじりと暑いです。'],,,,,,,,,,,
N7174EUline_info_n_k,,,,,,,,,,,,,,,,,,,,,,,,,,,,,,,,,,,,,,,,,,,,,,,,,,,,,,,,,,,,,,,,,,,,,,,,,,,,,,,,,,,,,,,,,,,,,,,,,,,,,,,,['\u3000こうして、まともな立証ができない特定野党が、新に考え付いたことが『忖度』である。何も言われ無くても、官僚は違法行為でも何でもして、トップのご機嫌伺いをするに決まっているという理屈だ。これなら首相に動きが無くても責任追及ができるなどと考えた。しかし、何も言われていないのに、そんなことをするのはいくら何でもバカバカすぎるし、その責任を問うなど不可能だ。そのために思い付いた小理屈が「『安倍晋三記念小学校』と小学校設置趣意書に書かれていた。だから職員は忖度を強制されたんだ」とする新たなストーリーである。'],,,,,,,,,,,,,,,,,,,,,,,,,,,,,,,,,,,,,,,,,,,,,,,,,,,,,,,,
N3791DGline_info_n_k,,,,,,,,,,,,,,,,,,,,,,,,,,,,,,,,,,,,,,,,,,,,,,,,,,,,,,,,,,,,,,,,,,,,,,,,,['\u3000中でも強力だったのはソソ族（またはスースー族）だったのですが、それをマンディンカ族が滅ぼし、マリ帝国を建国します。\n'],,,,,,,,,,,,,,,,,,,,,,,,,,,,,,,,,,,,,['\u3000約一千年間(500〜1500年程度)という広大な期間の中の限定的な時代の形態である、という点を特にご注意ください。フン族がぶいぶい言わしていたのが西暦500年前後、バイキングが文字通り波に乗っていたのが800年、ヨーロッパ各国が力を持ち始めたのが1000年、モンゴル帝国が暴れていたのは1200年という具合に、存在していた時期も場所もバラバラです。\n'],,,,['\u3000己が力によってのみ生き残ることができ、水準は二の次。中世ヨーロッパの様相を呈しています。必死に口をパクパクさせるだけで物も満足に言えぬ芸術家にとって、現代はまさに暗黒時代といえる世の中なのかもしれません。\n'],,,,,,,,,,,,,,,,,,,,,,,,,,['\u3000宗教が拝金主義、権力主義で汚職にまみれているという描写は、おそらく免罪符や寺社勢力のイメージが強いのでしょう。筆者も別の体験によるものですが、そうしたイメージは持っています。カトリック系の学校に遊びにいった際、権力者と思われる人にペコペコしている教師らしき人たちを見て、そしてふんぞり返る偉い人を見て、幻滅した覚えがあります。権力に弱いのは組織の常でしょう（それにしても偉ぶる聖職者は許せませんが）。\n'],,,,,,,,,,['\u3000数個のキーワードをポチポチと検索しただけでもこれだけの情報は得ることができるし、そもそもだからどうしたという話です。\n'],,['\u3000例えるなら小さな火の玉をポンポン飛ばすか、巨大な火の玉を一発撃つかということでしょうか。\n'],,,,,,,,
N2186EPline_info_n_k,,,,,,,,,,,,,,,,,,,,,,,,,,,,,,,,,,,,,,,,,,,,,,,,,,,['そもそも、小説投稿サイトでは一部を除いてアマチュアの作家が、それこそあなた自身の周りにいるような人が小説を夜な夜なコツコツ書いて投稿しているサイトであって、読者は実際にお金を払っているわけでもなくタダで小説を読ませてもらっているのである。'],,,,,,,,,,,,,,,,,,,,,,,,,,,,,,,,,,,,,,,,,,,,,,,,,,,,,,,,,,,,,,,,,,,,,,,,,,,,,,,,,,,,,,,,,,,,,,,,,,,,,,,,,,,,,
N5147EJline_info_n_k,,,,,,,,,,,,,,,,,,,,,,,,,,,,,,,,,,,,,,,,,,,,,,,,,,,,,,,,,,,,,,,,,,,,,,,,,,,,,,,,['\u3000ダラダラ長い話にお付き合い下さり、ありがとうございました！\n'],,,,,,,,,,,,,,,,,,,,,,,,,,,,,,,,,,,,,,,,,,,,,,,,,,,,,,,,,,,,,,,,,,,,,,,,,,,,,,,,
N1787EIline_info_n_k,,,,,,,,,,,,,,,,,,,,,,,,['読者の方は誰も指摘しないので『もしかしてちゃんと理解していない方は多いのか？』と思い、他にもあった色々な箇所と纏めて間違いを指摘するべきかと思ったのですが、作品のファンですら無い私が考証をしてダメ出しを大量に送る事って、普段私が言っている正論だけをガンガン言う駄目なアンチになるのではないか？'],,,,,,,,,,,,,,,,,,,,,,,,,,,,,,,,,,,,,,,,,,,,,,,,,,,,,,,,,,,,,,,,,,,,,,,,,,,,,,,,,,,,,,,,,,,,,,,,,,,,,,,,,,,,,,,,,,,,,,,,,,,,,,,,,,,,,,,,
N0005ETline_info_n_k,,,,,,,,,,,,,,,,,,,,,,,,,,,,,,,,,,,,,,,,,,,,,,,,,,,,,,,,['\u3000ちょうどその頃、家の引っ越しなどで家庭内がゴタゴタし始めたこともあり、漫画を描ける環境がなくなってしまった。\n'],,,,,,,,,,,,,,,,,,,,,,,,,,,,,,,,,,,,,['\u3000トントンと原稿の端を机で整えながら、ようやく長谷川さんの口が開いた。\n'],,,,,,,,,,,,,,,,,,,,,,,['\u3000パラパラと雑にページをめくり続けた友人が、ノートを自分に戻した。\n'],,,,,,,,,,,,,,,,,,,,,,,,,,,,['\u3000主人公にいつもボコボコにされるメガネ参謀キャラの名前は「メガネ」。\n'],['\u3000スネ夫みたいな尖った前頭部に、ボサボサの後ろ髪。常に釘が刺さったバットを振り回す危ない男。そして被った帽子には「ヤンマー」の文字。\n'],,,,,,,,,,,,,,,
N8051EIline_info_n_k,,,,,,,,,,,,,,,,,,,,,,,,,,,,,,,,,,,,,,,,,,,,,,,,,,,,,,,,,,,,,,,,,,,,,,,,,,,,['面白いのはこの学校の理事と教授たちだ。文部省事務次官とマスコミ関係者がズラズラと名を連ねる。医者はブルジョワジ～と診療報酬削減に医局潰しをやり地方の医者不足を生み出した大マスゴミさまが、無資格無責任の権化たるメディア様が医者の卵たちに医療の何たるかを教えて進ぜようと言う訳だ。なんだこれは？\u3000ここは北京大学か？\u3000文科省の役人とマスゴミから医者が何を学ぶんだ？\u3000'],,,,,,,,,,,,['それで国連特別報告者なる、消防署の方角《ほう》から来ましたみたいなの呼び出して何を言わしたかというと、『秘密保護法を改正せよ』『放送法４条を廃止せよ』『教科書に慰安婦問題載せろ』『沖縄反基地運動を規制させるな』である。国連報告者ってどんな人という記事では『無視できない』と大文字でデカデカと小見出しを強調しておいて、その一方「報告書は国連の立場を表明するものではない」と小さな小さな文字でちょこっと書いている訳である。なんとも政治的公平感を考えたレイアウトだな。'],,,,,,,,,,,,,,,,,,,,,,,,,,,,,,[' ちなみにこの『報道の自由度ランキング』でイタリアは２５位も改善して５２位だが、彼らナンタラの記事を見ると６人の記者がマフィアや原理主義者から命を狙われているので警察に２４時間保護されているそうだ。首都やイタリア南部では何か書くたびにマフィアや地元ギャングの圧力がヒシヒシと伝わるとある。なんとも順位付けの適当さ加減が伝わる内容だな。『国境なき医師団』に迷惑だからさっさと看板を降ろせという気分だ。'],,,,,,,,,,,,,,,,,,,,,,,,,,,,,,,,,,,,,,,,,,
N9649ERline_info_n_k,,,,,,,,,,,,,,,,,,,,,,,,,,,,,,,,,,,,,,,,,,,,,,,,,,,,,,,,,,,,"['\u3000サクサク食べた。', '\u3000サクサクおいち～。と食べた。']",,,,,,,,,,,,,,,,,,,,,,,,,,,,,,,,,,,,,,,,,,,,,,,,,,,,,,,,,,,,,,,,,,,,,,,,,,,,,,,,,,,,,,,['\u3000ただ混ぜていて、元々料理が好きな方なので『いやこれ、つなぎになんか入れないとボロボロになってクッキーは無理じゃね？』という思いに駆られ卵を２個追加した。'],,,,,,,,,,,,,
