,いらいら,うきうき,うじゃうじゃ,うとうと,おいおい,おろおろ,かたかた,からから,かりかり,きらきら,ぎこぎこ,ぎりぎり,くしゃくしゃ,くすくす,くよくよ,くるくる,くんくん,ぐずぐず,ぐちゃぐちゃ,ぐらぐら,ぐりぐり,ぐるぐる,げらげら,こつこつ,こてこて,ころころ,こんこん,ごつごつ,さやさや,さらさら,さわさわ,ざらざら,しとしと,じくじく,じりじり,じわじわ,すくすく,すらすら,するする,すれすれ,ずきずき,せかせか,そよそよ,そろそろ,だらだら,ちゅんちゅん,ちらちら,つんつん,てくてく,でんでん,とげとげ,とことこ,とろとろ,とんとん,どきどき,どろどろ,どんどん,にこにこ,にやにや,ぬくぬく,のそのそ,はらはら,ばかばか,ばたばた,ばらばら,ぱくぱく,ぱたぱた,ぱちぱち,ぱらぱら,ひしひし,ひゅるひゅる,ひょろひょろ,ひらひら,びくびく,びしょびしょ,びりびり,ぴーぴー,ふかふか,ふらふら,ふわふわ,ふわりふわり,ぶすぶす,ぶらぶら,ぶるぶる,ぶんぶん,ぷんぷん,へらへら,ぺんぺん,ぼやぼや,ぼりぼり,ぼろぼろ,ぽかぽか,ぽこぽこ,ぽたぽた,ぽつぽつ,ぽつんぽつん,ぽろぽろ,ぽんぽん,めらめら,もぐもぐ,もじもじ,もぞもぞ,もやもや,ゆらゆら,よちよち,よぼよぼ,よれよれ,りーんりーん,わくわく,わさわさ,わんわん
N4180EYline_info_n,,,,,,,,,,,,,,,,,,,,,,,,,,"['ころころころ', 'ころころ', 'ころころころ']",,,,,,,,,,,,,,,,,,,,,,,,,,,,,,,,,,,,,,,,,,,,,,,,,,,,,,,,,,,,,,,,,,,,,,,,,,,,,,,,,,"['りーんりーん', 'りーんりーん', 'りーんりーん']",,,
N5058EJline_info_n,,,['\u3000だってほら、くりすますといえば、無駄に明るいいるみねーしょん、かっぷるでうじゃうじゃ歩き回わる、頭の緩いりあ充（偏見）、そして、大抵の過程で食べるであろう一年に一度の七面鳥。――ほら、完全に『くりすますに付け込んで儲けてる方々』のにやにや顔が浮かんでくるじゃないですか。どうせ、そこら中ひしめくかっぷる達も、舞い散る雪を見ながら「俺達も、べっとに真っ白なげれんでつくろうな」とかほざいているのでしょうし……あ、自分が非りあだからといってこじらせてる訳じゃないですよ。どうせ、今、りあ充を目の敵にしても、将来自分がその立場になったら、道行く人に『死ね！』と呟かれるのでしょうから、妬んでも仕方ないです。\n'],,,,"['\u3000かたかたかた……。\n', '\u3000かたかたかた……。\n']",,,,,,,,,,,,,,,,,,,,,,,,,,,,,,,['\u3000案外すらすら書けました。\n'],,,,,,,['\u3000だらだらして、\n'],,,,,,,,,,,['\u3000どろどろになって、混じり合って楽になった。それでも頭痛は消えないままだ。二日酔いか。\n'],['\u3000どんどんあるいた。\n'],,['\u3000だってほら、くりすますといえば、無駄に明るいいるみねーしょん、かっぷるでうじゃうじゃ歩き回わる、頭の緩いりあ充（偏見）、そして、大抵の過程で食べるであろう一年に一度の七面鳥。――ほら、完全に『くりすますに付け込んで儲けてる方々』のにやにや顔が浮かんでくるじゃないですか。どうせ、そこら中ひしめくかっぷる達も、舞い散る雪を見ながら「俺達も、べっとに真っ白なげれんでつくろうな」とかほざいているのでしょうし……あ、自分が非りあだからといってこじらせてる訳じゃないですよ。どうせ、今、りあ充を目の敵にしても、将来自分がその立場になったら、道行く人に『死ね！』と呟かれるのでしょうから、妬んでも仕方ないです。\n'],,,,,,,,,,['\u3000ぱらぱらと空に舞っていく\n'],,,,,,,['\u3000びりびりにして窓から捨てた。\n'],,,,,,,['\u3000それでも気にせず、ぶらぶらぶら。\n'],,,,,,,,,,,,,,,,,,,,,"['［＃中見出し］ゆらゆら［＃中見出し終わり］\n', '\u3000広い海で、ぶらりゆらゆら。\n', '\u3000波に流され、ゆらりゆらゆら。\n', '\u3000ぶらりゆらゆら。\n', '\u3000ゆらりゆらゆら。\n', '\u3000ぶらりゆらゆら。\n', '\u3000ゆらりゆらゆら。\n', '\u3000ゆらゆら。\n']",,,,,,,
N1507ENline_info_n,,,,,,,,,,,,,,,,,,,,,,,,,,,,,,,,,,,,,,,,,['\u3000だって、貴方が他の女に囲まれていると胸がずきずき痛むのだもの。'],,,,,,,,,,,,,,,,,,,,,,,,,,,,,,,,,,,,,,,,,,,,,,,,,,,,,,,,,,,,,,,,,,,,,,
N4812EKline_info_n,,,,,['おいおい、すごい力だな'],,,,,,,,,,,,,,,,,,,,,,,,,,,,,,,,,,,,,,,,,,['横目でちらちら見てるだろ'],,,,,,,,,,,,,,,,,,,,,,,,,,,,,,,,,,,,,['ぶるぶる震えてないでなんとか言ってよ'],,,,,,,,,,,,,,,,,,,,,,,,,,,
N1784ESline_info_n,,,,,['\u3000おいおいおい、またこれかい？'],,,,,,,,,,,,,,,,,,,,,,,,,,,,,,,,,,,,,,,,,,,,,,,,,,,,,,,,,,,,,,,,,,,,,,,,,,,,,,,,,,,,,,,,,,,,,,,,,,,,,,,,,,
N0585EKline_info_n,,,,,,,,,,['街はきらきら輝く\u3000いるみねーしょんに溢れている'],,,,,,,,,,,,,,,,,,,,,,,,,,,,,,,,,,,,,,,,,,,,,,,,,,,,,,,,,,,,,,,,,,,,,,"['お空からふわふわした\u3000真っ白な雪', 'ふわふわ舞い降りてくる雪', '雪はふわふわと舞い降りてくる', 'ふわふわ舞い降りてくる\u3000幾千粒の雪']",,,,,,,,,,,,,,,,,,,,,,,,,,,,,,,
N7884EIline_info_n,,,,,,,,,,"['きらきら輝く青空に\u3000この広い空の下で\n', '青い空には\u3000きらきらと輝く太陽\n', 'きらきら輝く太陽から\u3000日差しが延びる\n', 'きらきら眩しい光の中にいる\n', '窓から見える\u3000きらきらした世界\n', '太陽の光を受けて\u3000きらきら輝く噴水の水しぶき\n', '「よつ葉ちゃん、きらきらできれい」\n', 'きらきらした世界を\u3000教えてあげたい\n', 'きらきらときらめき\u3000輝き光り続ける\n']",,,,,,,,,,,,,,,,,,,,,,,,,,,,,,,['ずきずき痛む傷と心を隠して\n'],,,,,,,,,,,,,,['どきどきしながら何度目かの病院実習\n'],,,,,,,,,,,,,,,,,,,['次は何を言われるんだろうとびくびくしているのを知っていますか？\n'],,,,,,['止むことを忘れたようにふわふわと落ちてくる\n'],,,,,,,,,,,,,,,,,,,,,,,['もやもやした気持ちのまま患者様と向かい合えない\n'],,,,,,,,
N4312EHline_info_n,,,,,,,,['・昼の姿は主に回復。攻撃方法としては、こだま（頭からからする奴）を呼び出して、特攻させるとか？\u3000大量に特攻してくる光景は軽いほらーだね。あと、過剰回復で肉体を損傷させるという手もあると思う。\n'],,,,,,,,,,,,,,,,,,,,,,,,,,,,,['氷って冷たいね→冷蔵庫の中→お野菜→種があるものもある→すくすく育てよ→育ちすぎて破裂した→爆裂\n'],,,,,,,,,,,,,['雷→でんでん太鼓→音→音玉\n'],,,,,,['泥化→どろどろ→ろーどろーらーだぁぁぁ！→頭上からどーん→めておすとらいく→氷柱落とし\n'],,,,,,,,,['爆裂→四散→ばらばら→集めて再形成→土をこねくり回すのは楽しい→模型でも作ってみよう\n'],,,,['・演出で、本みたいなのが目の前に出てきて、ぺーじがぱらぱらとめくられ、対象のぺーじで止まる。行使者はそれを閲覧する、という情景を思い浮かべた。視界内に文字情報が現れるというのも面白い。某らのべのこみからいずされたものに、同一の表現があった。\n'],,,,,,,,,,,,,,,,,,,,,,,,,,,,,,,,,,,,,,,,,['獣の牙→獣→ふれんず？→どしたの、わさわさ→漲る気力→災いを寄せ付けない→おーらをまとって\n'],
N3738EVline_info_n,,,,,,,,,,,,,,,,,,,,,,,,,,,,,,,,,,,,,,,,,,,,,,,,,,,,,,,,,"['どんどん無くなるまよねーず♪', '(それでも、どんどん無くなるんだ……)']",,,,,,,,,,,,,,,,,,,,,,,,,,,,,,,,,,,,,,,,,,,,,,,,,,,,,,
N4843EIline_info_n,,,,,,,,,,,,,,,,,,,,,,,,,,,,,,,,,,,,,,,,,,,,,,,,,,,,,,,,,['どんどん近づく\u3000目的地'],,,,,,,,,,,,,,,,,,,,,,,,,,,,,,,,,,,,,,,,,,,,,,,,,,,,,,
N1190ERline_info_n,['努力したのに結果しか見ない担任にいらいらしてしまう。'],,,,,,,,,,,,,,,,,,,,,,,,,,,,,,,,,,,,,,,,,,,,,,,,,,,,,,,,,,,,,,,,,,,,,,,,,,,,,,,,,,,,,,,,,,,,,,,,,,,,,,,,,,,,,,
N5297ENline_info_n,,,,,,,,,,,,,,,,,,,,,,,,,,,,,,,,,,,,,,,,,,,,,,,,,,,,,,,,,,,,,,,,,,,,,,,,,,,,,,,,"['粉雪がふわふわと空から降りはじめました。', '空から\u3000ふわふわ\u3000楽しそうに舞い降りてくる無数の雪たち', '降り続いている\u3000ふわふわ空から\u3000舞い散るように', 'ふわふわ\u3000降りては\u3000華を添えるように']",,,,,,,,,,,,,,,,,,,,,,,,,,,,,,,
N1307EGline_info_n,,,,,,,,,,,,,,,,,,,,,"['\u3000どんどん\u3000ぐりぐり\u3000どんどんどん', '\u3000どんどん\u3000ぐりぐり\u3000どんどんどん', '\u3000どんどん\u3000ぐりぐり\u3000ぐるぐるぐる', '\u3000どんどん\u3000ぐりぐり\u3000困ったな', '\u3000どんどん\u3000ぐりぐり\u3000きのこっこ', '\u3000どんどん\u3000ぐりぐり\u3000きのこっこ', '\u3000どんどん\u3000ぐりぐり\u3000きのこっこ']",['\u3000どんどん\u3000ぐりぐり\u3000ぐるぐるぐる'],,,,,,,,,,,,,,,,,,,,,,,,,,,,,,,,,,,"['\u3000どんどん\u3000ぐりぐり\u3000どんどんどん', '\u3000どんどん\u3000ぐりぐり\u3000どんどんどん', '\u3000どんどん\u3000ぐりぐり\u3000どんどんどん', '\u3000どんどん\u3000ぐりぐり\u3000どんどんどん', '\u3000どんどん\u3000ぐりぐり\u3000ぐるぐるぐる', '\u3000どんどん\u3000ぐりぐり\u3000困ったな', '\u3000どんどん\u3000ぐりぐり\u3000きのこっこ', '\u3000どんどん\u3000ぐりぐり\u3000きのこっこ', '\u3000どんどん\u3000ぐりぐり\u3000きのこっこ']",,,,,,,,,,,,,,,,,,,,,,,,,,,,,,,,,,,['\u3000風がそよ\u3000日ざしぽかぽか\u3000葉は紅く'],,,,,,,,,,,,,,,,,,,
N9260EIline_info_n,,,,,,,,,,,,,,,,,,,,,,,,,,,,,,,,,,,,,,,,,,,,,,,,,,,,,,,,,['どんどん増えてく枚数ぅに'],,,,,,,,,,,,,,,,,,,,,,,,,,,,,,,,,,,,,,,,,,,,,,,,,,,,,,
N3116EPline_info_n,,,,,,,,,,,,,,,,,,,,,,,,,['\u3000冷たいほうじ茶はおまけで、ほっとろいやるみるくてぃーのこてこて感に飽きたら、一口(ひとくち)飲む為に。'],,,,,,,,,,,,,,,,,,,,,,,,,,,,,,,,,,,,,,,,,,,,,,,,,,,,,,,,,,,,,,,,,,,,,,,,,,,,,,,,,,,,['\u3000わくわくする冒険譚(たん)。'],,
N1878EHline_info_n,,,,,,,,,,['５歳\u3000「駄菓子がいい」と言った。私は袋にいっぱいそれを詰めてあげた。朝、娘の目はきらきらしていた。'],,,,,,,,,,,,,,,,,,,,,,,,,,,,,,,,,,,,,,,,,,,,,,,,,,,,,,,,,,,,,,,,,,,,,['２歳\u3000娘はふらふら走って「まま……」と言った。だからままは添い寝をした。'],,,,,,,,,,,,,,,,,,,,,,,,,,,,,,,,
N8068EIline_info_n,,,,,,,,,,['\u3000きらきらと全てが輝き'],,,,,,,,,,,,,,,,,,,,,,,,,,,['\u3000すくすくと育つ様を隣で見守った'],,,,,,,,,,,,,,,,,,,,,,,,,,,,,,,,,,,,,,,,,,,,,,,,,,,,,,,,,,,,,,,,,,,,,,,,,,
N8350EXline_info_n,,,,,,,,,,,,,,,,,,,,,,,,['\u3000こつりこつこつ 斧ならぁし'],,,,,,,,,,,,,,,,,,,,,,,,,,,,,,,,,,,,,,,,,,,,,,,,,,,,,,,,,,,,,,,,,,,,,,,,,,,,,,,,,,,,,,,
N3385BMline_info_n,['\u3000寝室の戸が少し開いていて、それ以上開かないことにいらいら。\n'],['\u3000何を話そうかな、なんてうきうきとして。\n'],,"['○うたたね……思わず、うとうとすること。\n', '○まどろむ……うとうとと眠ること。\n']",,,,,,,,,,,,,,,,,,,,,,['○｜玉《たま》……宝石。ちなみに、「玉のような赤ちゃん」とは、「ぼーるのようにころころとした赤ちゃん」という意味ではなく、「宝石のように美しい赤ちゃん」という意味である。\n'],['\u3000その川のようにこんこんと湧き出て来るあの人への想い。\n'],,"['○さやに……さやさやと。\n', '○さやげ……元の形は「さやぐ」で、（草木の葉などが）さやさやと音を立てること。\n']",,"['\u3000さわさわとした葉の音が想いをあふれさせるんだ。\n', '\u3000さわさわ、さわさわ、と美しい山を震わせている\n', '\u3000さわさわ、さわさわ、と美しい山を震わせている\n']",,"['\u3000さつきの山は｜鬱蒼《うっそう》として、緑なす葉にしとしと雨が。\n', '\u3000気がつくと、春の朝にしとしとと雨が降る。\n']",,"['\u3000さしも草がじりじりと燃えているように、ぼくの心もまた、きみを想って燃えていることを。\n', '\u3000夕なぎのころ、藻塩が焼けるようにじりじりとした気持ちで。\n']",,,,['\u3000きみのつるで、あの人をするするとたぐりよせたい。\n'],,,,"['\u3000山に近い笹原に風が吹いて、笹の葉がそよそよと鳴る。\n', '○そよ……笹の葉が「そよそよ」と鳴る音を表すとともに、「そのことなんですよ」という意味も表す。\n']",,,,,,,,,,,,,,,,,,,,,,,,,,,,,,,,['○袖をしぼりつつ……和歌で、袖が出てきたら、涙を思い浮かべるのがよい。涙を袖で拭うわけです。拭った涙でびしょびしょになった袖をしぼるというわけ。\n'],,,,['\u3000恋しさを抱いてふらふらとあなたのお住まいが見える奈良山へと。\n'],,,['\u3000まるで藻塩火のようにぶすぶすと燃えるきみへの気持ち。\n'],,,,,,,,,,,,,,['\u3000ぽつんぽつんと現れた金色の光に、あなたは見惚れたまま。\n'],,,,,,,,['○たゆた｜ひ《い》……元の形は、「たゆた｜ふ《う》」で、ゆらゆらと動いて定まらないこと。ここでは、心が定まらないことを言う。\n'],,,,,,,
N2870ERline_info_n,,,,,,,,,,,,,,,,,,,,,,,,,,['水路をころころ流れる\n'],,,,,,,['しとしと雨がやまない\n'],,,,,,,,,,,,,,,,,,,,,,,,"['小さな魚たちがどんどんどんどん泳ぎ過ぎる\n', '小さな魚たちがどんどんどんどん泳ぎ過ぎる\n', '小さな魚たちがどんどんどんどんもどって行く\n', '小さな魚たちがどんどんどんどんもどって行く\n']",,,,['午後からのそのそ\n'],,,,,,,,,,,['ひょろひょろした｜茨《いばら》の｜根方《ねかた》で揺れる白い花のひと｜群《む》れを\n'],,,,,,,,,,,,,,,,,,,,,,,['ぽつぽつと\n'],,,,,,,,,,,,,,,,
N3959EUline_info_n,,,,,,,,,,,,,,,,,,,,,,,,['こつこつと響く足音\n'],,,,,,,"['さわさわとそよぐ風\n', 'さわさわと育つ葉の｜音《ね》が響くとき\n']",,,,,,,,,,,,,['そろそろ行こう\u3000そう思った\n'],,,,,"['てくてくてくてく歩いてた\n', 'てくてくてくてく歩いてた\n']",,,,['今はただ\u3000とろとろと落ちて\n'],,,,,,,,,,,,,['\u3000答えのない声  ぱくぱくと\n'],,,,,,,"['\u3000ひらひらと翻りながら\n', '水盆にひらりひらひら紅葉舞う\n']",,,,,,,,,,,,,,,,,,,,,,,,,,,,,,,['揺らぎゆらゆら  重なりの影\n'],,,,,,,
N1318EIline_info_n,,,,,,,,,,,,,,,,['くるくる舞い散る'],,,,,,,,,,,,,,,,,,,,,,,,,,,,,,,,,,,,,,,,,,,,,,"['はらはら', 'はらはら']",,,,,,,,,,,,,,,,,,,,,,,,,,,,,,,,,,,,,,,,,,,,,,,,,
N1475EMline_info_n,,,,,,,,,['人には媚びず\u3000かりかりを食む'],,,,,,,,,,,,,,,,,,,,,,,,,,,,,,,,,,,,,,,,,,,,,,,,,,,,,,,,,,,,,,,,,,,,,,,,,,,,,,,,,,,,,,,,,,,,,,,,,,,,,,
N7484EVline_info_n,,,,,,,,,,,,,,,,,,,,,,,,,,,,,,,,,,,,,,,,,,,,,,,,,,,,,,,,,,,,,,,,,,,,,,,,,,,,,,,,,,,,,,,,,,,['\u3000ぼろぼろにも関わらず、負けなかった体は軽かった。'],,,,,,,,,,,,,,,,,,,,
N1368EJline_info_n,,,,,,,,,,,,,,,,,,,,,,,,,,,,,,,,,,,,,,,,,,,,,,,,,,,,,,,,,['車窓はどんどん違う景色を映し出していく'],,,,,,,,,,,,,,,,,,,,,,,,,,,,,,,,,,,,,,,,,,,,,,,,,,,,,,
N3920EHline_info_n,,,,,,,,"['からから\u3000からから\n', 'からから\u3000からから\n', 'からから軋むその胸の\n']",,,,,,,,"['くるくる\u3000くるくる\n', 'くるくる\u3000くるくる\n', 'くるくる廻る運命の輪\n']",,,,,,,,,,,,,,,,,,['じくじくと胸疼くのは\n'],,,,,,,,,,,,,,,,,,,,,,,,,,,,"['はらはらと涙零れ\n', 'はらはらと涙\n', 'はらはらと涙零れる\n', 'はらはらと涙こぼれる\n']",,,,,,,,['ひしひしと感じてる\n'],,,,,,,,,,,,,,,,,,,,,,,,,,,,,,,,,,,,,,,,,
N7542ERline_info_n,,,,,,,,,,,,,,,,,,,,,['おなかの中に顔をうずめてぐりぐりしてやりたいのである'],,,,,,,,,,,['ざらざらとした舌に舐められる痛さは快感である'],,,,,,,,,,,,,,,,,,,,,,,,,,,,,,,,,,,,,,,,,,,,,,,,,,,,,,,,,,,,,,,,,,,,,,,,,,,,,,,
N6526EQline_info_n,,,,,,,,,,,,,,['くすくすと笑うようになって'],,,,,,,,,['げらげらと笑ってた君は'],,,,,,,,,,,,,,,,,,,,,,,,,['つんつんとつつくだけになった'],,,,,,,,,,,,,,,,,,,['ぱたぱたと走るようになって'],,,,,,,,,,,,,,,,,,,,,,,,,,['ぽこぽこと叩いてきた君は'],,,,,,,,,,,,,,,,,,
N5560EOline_info_n,,,,,,,,,,,,,,,,,,,,,,,,,,,,,,,,,,,,,,,,,,,,,,,,,,,,,,,,,,,,,,,,,,,,,,,,,,,,,,,,,,,,,,,"['いつもへらへらしてるけど', 'へらへらしてるくせに']",,,,,,,,,,,,,,,,,,,,,,,,
N0222EHline_info_n,,,,,['おいおい、そのまま\n'],['おろおろしたさ。\n'],,,,,"['ぎこぎこ\n', 'ぎこぎこ\n', 'ぎこぎこ\n', 'ぎこぎこ\n']",,['髪をくしゃくしゃに撫でるはしゃぐ君が可愛い\n'],,,"['途中で、くるくる回りながら走りだした\n', '１人でくるくる回って\n']",,,,,,,,,,,,,,,,,,,,,,,,,,,,['本当に自由になりたいんだ遠くへ走り去りたい気分だ映画みたいに駆け出したいこの扉の裏側に逃げようか去るものに意味はないならそろそろ許して忘れてくれ愛し合うためにここいたい\n'],,,,,,,,,,,,,,,,,,,,,,,,,,,,,,,,,,,,"['ふわふわ、ふわふわと、\n', 'ふわふわ、ふわふわと、\n']",,,,,,,,,,,"['幼い頃に起きた、悲しい裏切りのために、君はぼろぼろに傷つけられてしまい、心を閉ざしてしまった。君は自分自身を守り、自分自身を絶望から助け出すために必死に戦ってきた。逆境の中で、良く耐えて頑張ってきたと思う。\n', 'ぼろぼろの詩集を着古したれいんこーとのぽけっとから取り出して、行き交う通行人に向けて詩の朗読をしたが、聞いてくれる人が誰もいないこの絶望の悲しみ。彼らは何も見えないし何も感じないのだ。\n', '本屋の中にある椅子に座って表紙がぼろぼろになった詩集を取り出して読み耽る『本屋にいるのに、持参した詩集を読み耽る詩人が、只今、本屋で休憩中』という言葉が浮かんだ\n']",,,,,,,,,,,,,,,['よれよれのよぼよぼになっても話し尽くそうよ\n'],['よれよれのよぼよぼになっても話し尽くそうよ\n'],,,,
N7386EJline_info_n,,,,,,,,,,,,,,,,,,,,,,,,,,,,,,,,,,,,,,,,,,,,,,,,,,,,,,,,,['どんどん見慣れない場所に歩いて行く指導看護師'],,,,,,,,,,,,,,,,,,,,,,,,,,,,,,,,,,,,,,,,,,,,,['と言って下さいました。栗原看護主任に教えていただき、そっと赤ちゃんの手に触れました。もぞもぞして反応してくれました。ご両親が'],,,,,,,,,
N0841ENline_info_n,,,,,,,['漢字ひらがなかたかたなで創り出す物語'],,,,,,,,,,,,,,,"['ぐるぐる書け！ ぐるぐる書けよ！', 'ぐるぐる書け！ ぐるぐる書けよ！']",,,,,,,,,,,,,,,,,,,,,,,,,,,,,,,,['所で午前は2時  あくせす数はとんとんだ'],,,,,,,,,,,,,,,,,,,,,,,,,,,,,,,,,,,,,,,,,"['ぽつぽつとつく ぶっくまーく', 'ぽつぽつとつく  評価', 'ぽつぽつとつく  あくせす']",,,,,,['もじもじしないで話してみな '],,,,,,,,,,
N4174EWline_info_n,,,,,,,,,,,,,,,,,,,,,,,,,,,,,,,,,,,,,,,,,,,,,,,,,,,,['とことこ\u3000歩く\u3000ぶぶぶんちょう'],,,,,,,,,,,,,,,,,,,,,,,,,,,,,,,,,['ぶんぶん\u3000ぶんちょう\u3000ぶぶぶんちょう'],,,['ぺんぺん\u3000ぺんぎん\u3000ぺぺぺんぎん'],,,,,,,,,,,,,,,,,['よちよち\u3000歩く\u3000ぺぺぺんぎん'],,,,,,
N1764CQline_info_n,,,,,,,,,,,,,,,,,['ほら\u3000古本のにおいを\u3000くんくんすると\u3000あんしんするでしょう'],,,,,,,,,,,,,,,,,,,,,,,,,,,,,,,,,,,,,,,,,,,,,,,,,,,,,,,,,,,,,,,,,,,,,,,,,,,,,,,,,,,,,,,,,,,,,,
N6450EPline_info_n,,,,,,,,,,['きらきらと綺麗なものだったり'],,,,,,,,,,,,,,,,,,,,,,,,,,,,,,,,,,,,,,,,,,,,,,,,,,,,,,,,,,,,,,,,,,,,,,,,,,,,,,,,,['ぼろぼろと'],['ぽかぽかと温かいものだったり'],,,,,['ぽろぽろと'],,['めらめらと燃えるものだったり'],,,,,,,,,,,,
N8448EIline_info_n,,,,,,,,,,,,,,,,,,,,,,,,,,,,,,,,,,,,,,,,,,,,,,,,,,,,,,,,,,,,,,,,,,,,,,,,,,,,,,['これでふかふかのお布団の出来上がり'],,,,,,,,,,,,,,,,,,,,,,,,,,,,,,,,,
N6660EHline_info_n,,,,,,,,,,,,,,,,,,,,,,,,,,,,,,,,,,,,,,,,,,,,,,,,,,,,,,,,,,,,,,,,['ばたばた翼を羽ばたかせる\u3000'],,,,,,,,,,,,,,,,,,,,,,,,,,,,['雪の降る寒い日\u3000ぽかぽか暖かい日'],,,,,,,,,,,,,,,,,,,
N5504EOline_info_n,,,,,,,,,,,,,,,,,,,['きれいでも  ぐちゃぐちゃでも'],,,,,,,,,,,,,,,,,,,,,,,,,,,,,,,,,,,,,,,,,,,,,,,,,,,,,,,,,,,,,,,,,,,,,,,,,,,,,,,,,,,,,,,,,,,,
N6777ELline_info_n,,,,,,,,,,,,,,,,,,,,,,,,,,,,,,,,,,,,,,,,,,,,,,,,,,,,,,,,,,,,,,,,,,,,,,,,,,,,,,,,"['ふわふわと降りてくる', 'ふわふわとした綿雪が']",['ふわりふわり舞い降りて'],,,,,,,,,,,,,,,,,,,,,,,,,,,,,,
N0947EIline_info_n,['｜模夜《もや》はここ数日、仕事のことでもやもやした気持ちを拭えないでいた。今日はそこにいらいらも加わり最悪だった。もう残業なんてやってられない。逃げるように職場をあとにした。さあどこへ行こう。家にはまっすぐ帰りたくない。とりあえず最寄り駅に向かった。誰かに愚痴りたい。模夜は友人のごりらの｜亜夢《あむ》にめっせーじを送った。亜夢からすぐさま返信が来た。「桃ぱふぇ食べよう」\n'],,,,,,,['からからと北風が憂いをすくい 路頭に隠した\n'],,,,,,,,,,,,,,,,,,,,,,,,,,,,,,,,,,,,,['だらだらだら\n'],,,,,,,,,,['どきどきの落差が激しすぎて\n'],,['どんどん醜くなってゆく\n'],,,,,,['深淵に入るとかばかばかしい\n'],,,,,,,,,,,,,,,,,,,,,,,['ぷんぷんぷん\n'],,,,['ぼりぼりぼり\n'],['ぼろぼろのかすをならべては ほくそえんでいた\n'],,,,,,,,,,,,['｜模夜《もや》はここ数日、仕事のことでもやもやした気持ちを拭えないでいた。今日はそこにいらいらも加わり最悪だった。もう残業なんてやってられない。逃げるように職場をあとにした。さあどこへ行こう。家にはまっすぐ帰りたくない。とりあえず最寄り駅に向かった。誰かに愚痴りたい。模夜は友人のごりらの｜亜夢《あむ》にめっせーじを送った。亜夢からすぐさま返信が来た。「桃ぱふぇ食べよう」\n'],,,,,,,,"['［＃中見出し］わんわん［＃中見出し終わり］\n', 'かれーの匂いが漂う店内。今日の日替わりらんちはべじたぶるかれーだ。言っておくが、ここは、かの有名なわたしの店「ごりらかふぇ」ではない。わたしの店は真夜中にしか営業しないってのは知ってるだろう？ここはわたしの友人の店「わんわんかふぇ」である。仕事帰りの早朝、この店にふらっと寄ったところ、何故か厨房に入り、かれーを大量に作ってしまった。仕方がないのでこの店のらんちに出してもらうことになった。ふるーつもたっぷり入ったべじたぶるかれーには、なんまたはらいす、さらだとちきん、それにらっしーがついて八百五十円。なんとらいすはお替り自由。めにゅーは日替わりらんちのみだが、平日の昼間の店内は美しいまだむやすーつ姿の紳士たちで賑わっている。いつもは、わんわんが一人で必死に切り盛りしているが今日はわたしが手伝っているのでさぞかし楽だったと思う。大量にあったかれーも完売してらんちは終了。わんわん特製のぐりーんすむーじーを飲みながら他愛もない話をしていたらわたしの携帯が鳴った。ごりらの亜夢からだった。彼女は「ごりらかふぇ」のうえいとれすだ。どうやら風邪で熱を出したらしい。仕事を休ませてほしいそうだ。うほっ、今夜は忙しくなるなぁ。一眠りして仕事頑張るぞと思いっきり胸を叩いてどらみんぐをしていたら、客の視線が一気にわたしに注がれた。わたしは徐ろに葉巻をくわえて遠くを見つめた。わんわんが頭を撫でてくれた。とても気持ちよくなって、わたしは眠りに誘われた。\n', 'かれーの匂いが漂う店内。今日の日替わりらんちはべじたぶるかれーだ。言っておくが、ここは、かの有名なわたしの店「ごりらかふぇ」ではない。わたしの店は真夜中にしか営業しないってのは知ってるだろう？ここはわたしの友人の店「わんわんかふぇ」である。仕事帰りの早朝、この店にふらっと寄ったところ、何故か厨房に入り、かれーを大量に作ってしまった。仕方がないのでこの店のらんちに出してもらうことになった。ふるーつもたっぷり入ったべじたぶるかれーには、なんまたはらいす、さらだとちきん、それにらっしーがついて八百五十円。なんとらいすはお替り自由。めにゅーは日替わりらんちのみだが、平日の昼間の店内は美しいまだむやすーつ姿の紳士たちで賑わっている。いつもは、わんわんが一人で必死に切り盛りしているが今日はわたしが手伝っているのでさぞかし楽だったと思う。大量にあったかれーも完売してらんちは終了。わんわん特製のぐりーんすむーじーを飲みながら他愛もない話をしていたらわたしの携帯が鳴った。ごりらの亜夢からだった。彼女は「ごりらかふぇ」のうえいとれすだ。どうやら風邪で熱を出したらしい。仕事を休ませてほしいそうだ。うほっ、今夜は忙しくなるなぁ。一眠りして仕事頑張るぞと思いっきり胸を叩いてどらみんぐをしていたら、客の視線が一気にわたしに注がれた。わたしは徐ろに葉巻をくわえて遠くを見つめた。わんわんが頭を撫でてくれた。とても気持ちよくなって、わたしは眠りに誘われた。\n', 'かれーの匂いが漂う店内。今日の日替わりらんちはべじたぶるかれーだ。言っておくが、ここは、かの有名なわたしの店「ごりらかふぇ」ではない。わたしの店は真夜中にしか営業しないってのは知ってるだろう？ここはわたしの友人の店「わんわんかふぇ」である。仕事帰りの早朝、この店にふらっと寄ったところ、何故か厨房に入り、かれーを大量に作ってしまった。仕方がないのでこの店のらんちに出してもらうことになった。ふるーつもたっぷり入ったべじたぶるかれーには、なんまたはらいす、さらだとちきん、それにらっしーがついて八百五十円。なんとらいすはお替り自由。めにゅーは日替わりらんちのみだが、平日の昼間の店内は美しいまだむやすーつ姿の紳士たちで賑わっている。いつもは、わんわんが一人で必死に切り盛りしているが今日はわたしが手伝っているのでさぞかし楽だったと思う。大量にあったかれーも完売してらんちは終了。わんわん特製のぐりーんすむーじーを飲みながら他愛もない話をしていたらわたしの携帯が鳴った。ごりらの亜夢からだった。彼女は「ごりらかふぇ」のうえいとれすだ。どうやら風邪で熱を出したらしい。仕事を休ませてほしいそうだ。うほっ、今夜は忙しくなるなぁ。一眠りして仕事頑張るぞと思いっきり胸を叩いてどらみんぐをしていたら、客の視線が一気にわたしに注がれた。わたしは徐ろに葉巻をくわえて遠くを見つめた。わんわんが頭を撫でてくれた。とても気持ちよくなって、わたしは眠りに誘われた。\n', 'かれーの匂いが漂う店内。今日の日替わりらんちはべじたぶるかれーだ。言っておくが、ここは、かの有名なわたしの店「ごりらかふぇ」ではない。わたしの店は真夜中にしか営業しないってのは知ってるだろう？ここはわたしの友人の店「わんわんかふぇ」である。仕事帰りの早朝、この店にふらっと寄ったところ、何故か厨房に入り、かれーを大量に作ってしまった。仕方がないのでこの店のらんちに出してもらうことになった。ふるーつもたっぷり入ったべじたぶるかれーには、なんまたはらいす、さらだとちきん、それにらっしーがついて八百五十円。なんとらいすはお替り自由。めにゅーは日替わりらんちのみだが、平日の昼間の店内は美しいまだむやすーつ姿の紳士たちで賑わっている。いつもは、わんわんが一人で必死に切り盛りしているが今日はわたしが手伝っているのでさぞかし楽だったと思う。大量にあったかれーも完売してらんちは終了。わんわん特製のぐりーんすむーじーを飲みながら他愛もない話をしていたらわたしの携帯が鳴った。ごりらの亜夢からだった。彼女は「ごりらかふぇ」のうえいとれすだ。どうやら風邪で熱を出したらしい。仕事を休ませてほしいそうだ。うほっ、今夜は忙しくなるなぁ。一眠りして仕事頑張るぞと思いっきり胸を叩いてどらみんぐをしていたら、客の視線が一気にわたしに注がれた。わたしは徐ろに葉巻をくわえて遠くを見つめた。わんわんが頭を撫でてくれた。とても気持ちよくなって、わたしは眠りに誘われた。\n', 'ようこそ、ごりらかふぇへ。今日のおすすめはわんわんが焼いてくれたぱんぷきんぱいだぜ。\n']"
N3349ERline_info_n,,,,,,,,,,,,,,,,,,,,,,,,,,,,,,,,,,,,,,,,,,,,,,,,,,,,,,,,,,,,,,,,,,,,,,,,,['花びらが「ふわぁ～」と舞散り季節外れの粉雪みたいに、ぴんくの花びらが雪のようにひらひら舞い降りてくる'],,,,,,,,,,,,,,,,,,,,,,,,,,,,,,,,,,,,,,
N6301EGline_info_n,,['金曜日の放課後は\u3000何だかうきうき'],,,,,,,,,,,,,,,,,,,,,,,,,,,,,,,,,,,,,,,,,,,,,,,,,,,,,,,,,,,,,,,,,,,,,,,,,,,,,,,,,,,,,,,,,,,,,,,,,,,,,,,,,,,,,
N1642EVline_info_n,,,,,,,,,,,,,,,,,,,,,,,,,,,,,,,,,,,,,,,,,,,,,,,,,,,,,,,['\u3000小説を読んでどきどきしたことがありますね？\u3000はい、小説が書けます。'],,,,,,,,,,['\u3000どんだけばらばらな言葉の羅列でも、まず書いてみよう！'],,,,,,,,,,,,,,,,,,,,,,,,,,,,,,,,,,,,,,,,,,,,['\u3000小説を読んでわくわくしたことがありますね？\u3000はい、小説が書けます。'],,
N1771ERline_info_n,,,,,,,,,,,,,,,,,,,,,,,,,,,,,,,,,,,,,,,,,,,,,,['遊ぶ時には\u3000ちゅんちゅんと'],,,,,,,,,,,,,,,,,,,,,,,,,,,,,,,['暇な時には\u3000ぴーぴーと'],,,,,,,,,,,,,,,,,,,,,,,['木の実食べるよ\u3000もぐもぐと'],,,,,,,,,,,
N0658ETline_info_n,,,,,,,,,,,,,,,,,,,,,,,,,,,,,,,,,,,,['\u3000踏みながら歩く。じわじわと後ろからの圧を感じて。\n'],,,,,,,,,,,,,,,,,,,,,,,,,,,,,,,,,,,,,['\u3000ひらりひらひら。\n'],,,,,,,,,,,,,,,,,,,,,,,,,,,,,,,['\u3000透明の玻璃の切子細工、ゆらゆら揺れる水がある。\n'],,,,,,,
N6828EXline_info_n,,,,,,,,,,,,,,,,,,['\u3000私たち二人ぐずぐずに溶け合う。'],,,,,,,,,,,,,,,,,,,,,,,,,,,,,,,,,,,,,,,,,,,,,,,,,,,,,,,,,,,,,,,,,,,,,,,,,,,,,,,,,,,,,,,,,,,,,
N1804EGline_info_n,,,,,,,,,,"['夕暮れの海ってなんかきらきらしていて素敵♪\n', '｜碧《あお》に溶けてゆくきらきら\n', '\u3000｜碧《あお》に溶けてゆくきらきらを眺めながら、そっと寄り添ってみた。\n', 'きらきら輝いてる\n', 'きらきらきらきら輝いて\n', 'きらきらきらきら輝いて\n']",,,,,"['くよくよしていたって\u3000時間は進んでゆく\n', '小さいことにくよくよしてみたり\n']","['くるくる舞う風に\n', 'くるくる回す万華鏡\n', 'くるくるくるくる\n', 'くるくるくるくる\n', 'くるくるくるくる\n', 'くるくるくるくる\n', 'くるくるくるくる\n', 'くるくるくるくる\n']",,,,,,['ぐるぐる渦巻いているのは\u3000なぜ\n'],,,,"['ころころと笑う声色も\n', 'ころころ変わる表情も\n']",,,,['さらさらと溶けてゆく\n'],,,,,,,,,,,,['せかせかして見失っているから\n'],,"['そろそろ\u3000さよならの時間\n', 'そろそろ帰ろうか\n', 'そろそろ本気出してみるとするか\n']",,,,,,,"['とげとげしている\n', 'とげとげしている\n', 'とげとげしている\n', '本当はとげとげなんか\n']",,,,"['どきどき感を連れてくる\n', 'どきどき感が募ってきたけど\n', 'いつもどきどきしてた\n', '皆さまに【甘酸っぱい青春】を感じていただけたか、どきどきです。\n', '［＃中見出し］\u3000【６６】\u3000どきどきが止まらない！［＃中見出し終わり］\n', '今日食べたちょこれーとけーきに洋酒が入っていて、あるこーるに弱い私は、それだけでどきどきして……このしちゅえーしょんが浮かびました。\n', 'どきどきしながら教科書を\n', 'どきどきしながら背中向け\n', 'どきどきしながら聞いてみる\n', 'よけいにどきどきするわたし\n', 'どきどきが止まらない\n', '［＃中見出し］\u3000【８８】\u3000息切れとどきどき［＃中見出し終わり］\n', '主人公のどきどきを感じていただければと……。\n', '息切れとどきどき\n', '息切れとどきどき\n']",,['どんどん遠くなるばかり\n'],,,['ほっとろぬくぬく\n'],,['はらはらと｜落涙《らくるい》す\n'],,,,,,,,,['ひゅるひゅると鳴る｜風音《かざおと》が\n'],,['ひらひらと\u3000舞い降りてきた\n'],,,,,,,"['ふわふわと\n', 'ふわふわと\n', 'しゃぼん玉がふわふわと\n']",,,,,,,['へらへらしてるけど\n'],,"['ぼやぼやしている間に\u3000誰かが虹を掴み取った\n', '雨上がりに虹を見つけた時は、誰でも皆笑顔になりますよね。そして、「かめら、かめら！」なんて言ってる間に、だんだんと薄くなって消えちゃうんですよね。ぼやぼやしている間にね。でも、友人はさっとすまほを出して綺麗な１枚を手に入れてたりして…。それをちょっと思い浮かべながら、書いてみました。\n']",,,,,,,,['びーずの涙がぽろぽろと\n'],,,,,,"['もやもやさせているかも\n', '２人の間のもやもや\n', 'もやもやしていた\n']","['ゆらゆらと\n', 'ゆらゆらと\n']",,,,,,,
N3031EDline_info_n,,,,,,,,,,"['きらきらでやらかいひかり\n', 'きらきらと\n', 'きらきらと\n', 'きらきらのあとはまっさらになって\n']",,['そのぎりぎりまでとんで\n'],,,,,,,,,,"['ぐるぐるぐるぐるまぜてまぜて\n', 'ぐるぐるぐるぐるまぜてまぜて\n']",,,,,,['ごつごつで\n'],,,,,,,['じりじりしちゃう\n'],,,,,['じめんすれすれをとぶの\n'],,,,,,,"['ちらちらと\n', 'ちらちらと\n']",,,,['とげとげあるんだった\n'],,,,"['なにをしてもどきどきしなくなってて\n', 'どきどきばれちゃうかな\n']",,"['どんどんみちがとおくにとおくに\n', 'わたしはどんどんたかく\n', 'どんどんちかづくじめん\n']",['にこにこなみらいをゆめみてますし\n'],,,,,,,"['ばらばらになるのがこわいから\n', '［＃中見出し］いばらばら［＃中見出し終わり］\n', 'いばらばら\n']",,,['ぱちぱちとおとのする\n'],,,,,,,,,,,,,,,,,,,,,,,,['ぽかぽかとあかるく\n'],,['うえからぽたぽたしずくでぬれるくつ\n'],,,,['そしたらきみのかたをね\u3000ぽんぽんしてあげるんだ\n'],,,,,,"['ゆらゆらとたちのぼる\n', 'ゆらゆらとゆげがそらのぼってゆく\n']",,,,,,,
N2289ETline_info_n,,,,,,,,,,,,,,,,,,,,,,,,,,,"['こんこんこんこん', 'こんこんこんこん', 'こんこんこんこん', 'こんこんこんこん']",,,,,,,,,,,,,,,,,,,,,,,,,,,,,,,,,,,,,,,,,,,,,,,,,,,,,,,,,,,,,,,,,,,,,,,,,,,,,,,,,,,,
N4110EVline_info_n,,,,,,,,,,,,,,,,,,,,['お湯さん\u3000お鍋で\u3000ぐらぐらぐら'],,,,,,['まん丸\u3000まん丸\u3000ころころころ'],,,,,,,,,,,,,,,,,,,,,,,,,,,,,,,,,,,,,,,,,,,,,,,,,,,,,,,,,,,,,,,,,,,,,,,,,,,,,,,,,,,,,
N4995EJline_info_n,,,,,,,,,,,,,,,,,,,,,,,,,,,,,,,,,,,,,,,,,,,,,,,,,,,,,,,,,,,,,,['隆盛を誇った緑が色づき 時にはらはらと舞い踊り\u3000流れるように落ちてゆくよ'],,,,,,,,,,,,,,,,,,,,,,,,,,,,,,,,,,,,,,,,,,['ゆらゆら漂う船はゆき先も知らず'],,,,,,,
