,アーハッ,エンジン,エントロ,オタマジ,オンギャー,オンスー,オンボロ,カステラ,カタキチ,カタコト,カチャカチ,カップル,カラパー,カランポロ,カリフラ,ガサゴソ,ガタゴト,ガチャガチ,ガラクタ,ガーハッ,キコバタ,キャッスル,キラキラリ,キリギリ,キンキラ,キンシッ,キーパー,キーボー,キーワー,クスキュー,クッキー,グスカー,グラウン,グーリン,コロンコロ,コンクリ,コンクー,コントロ,コンポー,ゴーグル,ザックザク,シッギシ,シナプス,シャンパン,シャンボシャ,シートン,ジャングル,ジューシー,ジンクス,スカウト,スクリーン,スクワー,スポワー,スーハー,スーパー,タッカタ,タックル,チリリン,チリリーン,チンゲー,チンチラ,チンピラ,チンミシ,ツンコツン,ツンデレ,トロピカ,トンカラ,トンクラ,ドングリ,ドーピン,ノシカタ,ノシカッ,ハッキリ,ハッハー,ハッピー,ハラドキ,ハードボ,バカチン,バシャバシ,バタンバタ,パッチリ,パッチン,パンジー,パーキン,パーボリ,ビショビシ,ピングジ,ピンポイ,ピーカー,フラフラリ,ブラコン,ブリザー,ブービー,プリムラ,プンカー,ペットボ,ボンボリ,ポリシー,ポロリポロ,ポンコツ,ポーカー,ポーツカ,ムズアップ,ムンガン,メチャクチャ,リンプス,ワンピー,ワーカー,ワーバラ
N3140EJline_info_k,,,,,,,,,,,,,,,,,,,,,,,,,,,,,,,,,,,,,,,,,,,,,,,,,,,,,,,,,,,['\u3000チリリーン。'],,,,,,,,,,,,,,,,,,,,,,,,,,,,,,,,,,,,,,,,,,,,,,,,['\u3000胸元に鈴がついた真っ白なワンピースに真っ白なサンダル。'],,
N5499EKline_info_k,,,,,,,,,,,,,,,,,,,,,,,,,,,,,,,,,,,,,,,,,,,,,,,,,,"['「と、いうことだそうなので、おばば様、きびだんごを大量に作ってはくれませんか？\u3000つまり、スカウトをするのです。最強の犬、猿、雉の力で鬼どもを粉砕してさしあげましょう」', '「とはいえ、スカウトが先だな。犬、猿、雉は山にいる。とりあえず山を目指そう」']",,,,,,,,,,,,,,,,,,,,,,,,,,,,,,,,,,,,,,,,,,,,,,,,,['\u3000途中で風呂敷の穴からポロリポロリときびだんごが落ちていきましたが、桃太郎は特に気にすることはありませんでした。'],,,,,,,,,,
N6105EOline_info_k,,,,,,,,,,,,,,,,,,,,,,,,,,,,,,,,,,,,,,,,,,,,,,,,,,,,,,,['\u3000コンビニや百円ショップ、スーパーマーケットではだめなのだ。そうした店には今日になっても、バレンタイン向けの包装がされたおしゃれなチョコレートが並んでいるからだ。それを横目に見ながら変哲もない普通のチョコを買うなんて、いかにも惨めなことに違いない。'],,,,,,,,,,,,,,,,,,,,,,,,,,,,,,,,,,,,,,,,,,,,,,,['\u3000数分おきに繰り返されるデモでは、赤い胴着の格闘家が素手のパンチとキックで高そうなスポーツカーを破壊し続けている。シンタローは小銭入れから百円玉を取りだしかけたが、かろうじて自制したようだった。'],,,,,,,
N8514CSline_info_k,,,,,,,,,,,,,,,,,,,,,,,,,,,,,,,['「ありがとう。今日はクッキーなんだね。とてもおいしそうだ」'],,,,,,,,,,,,,,,,,,,,,,,,,,,,,,,,,,,,,,,,,,,,,,,,,,,,,,,,,,,,,,,,,,,,,,,,,,,,,,
N4911EKline_info_k,,,,,,,,,,,,,,,,,,,,,,,,,,,,,,,,,,,,,,,,,,,,,,,,,,,,,,,,,,,,,,,,,,,,,,,,,,,,,,,,,,,,,,['\u3000そう言って、はしごを降りると一度自分の家に戻ってタオルを取ってきました。そして途中の川の水でタオルを濡らすと鼻と口の周りに巻きました。それから自分自身も川に入って体全体を水で濡らしました。狼の毛皮は水を吸ってビショビショになりました。'],,,,,,,,,,,,,,,,,,,,,,,
N4640CQline_info_k,,,,,,['今日のメニューは季節のサラダに、オニオンスープ、さっぱりとした酢漬けの牛肉にスパイスソースをかけたメイン。'],,,,,,,,,,,,,,,,,,,,,,,,,,,,,,,,,,,,,,,,,,,,,,,,,,,,,,,,,,,,,,,,,,,,,,,,,,,,,,,,,,,,,,,,,,,,,,,,,,,,,,,
N5369COline_info_k,,['\u3000ウルフが、スタンドを蹴って外します。ハンドルに手を添え、エンジンをかけました。二輪車に命が吹き込まれたかの如く、震えるように動き、熱を帯びてきます。\n'],,,,,,,,"['\u3000籠に車輪がついたようなロボットがカタコトカタコトと音を響かせながらシープとウルフの前にやって来ました。\n', '\u3000籠に車輪がついたようなロボットがカタコトカタコトと音を響かせながらシープとウルフの前にやって来ました。\n']",['\u3000カチャカチャとティーカップを片付けていたフィールが訊ねます。\n'],"['「すごい、皆カップルだね」\n', '\u3000傍から見ると、同様にカップルに見えるウルフとシープが話しています。すると、猫のミミが鳴きました。にゃあ、とシープの足元にまとわりつきます。二人は足を止めました。\n', '\u3000シープとウルフはたくさんのカップルからの質問と視線をやっとの思いで抜けました。\n', '\u3000広場にあるベンチにはカップルや、犬をつれている男性などがちらほらと見えました。\n', '\u3000ホテルまでの途中、仲の良いカップルをたくさん見かけました。\n', '「ところで。シープさんとウルフくん、この村の住民は、全員夫婦やカップルの片割れだということに実感はわいたかな」\n', '「全てカップルなんですか？」\n', '\u3000すると、シェシャは前から女性と男性が腕を組んで歩いてきたカップルを呼び止めました。\n', '\u3000気づいたカップルは、二人とも笑みを浮かべると、こちらに近寄ってきました。\n', '\u3000このカップルは全く別の部族だったのにも関わらず、恋に落ちてしまったそうです。\n', '\u3000そう言うと、カップルは去っていきました。\n', '\u3000たくさんの種族がいて、たくさんのカップルがいました。\n', '「ここにいる方々は、全てカップルなんですよね」\n']",,,,,"['\u3000ガタゴトカダゴト。シープとウルフは再び、ラガットの馬車に乗っていました。\n', '\u3000ガタゴトカダゴト、馬車の揺れる音が徐々に小さくなっていきます。\n']",['\u3000魚を入れる籠を背負ったフィールがシープとウルフをエミーナの家の裏側の、川岸まで続く、がたつく階段に案内しました。慣れた足取りで階段を降りていくフィールをシープとウルフは、少し慌てながら追いかけます。ウルフが歩く度に鞄の中の小瓶はガチャガチャと音を鳴らします。\n'],,,,,,,,,,"['\u3000壁一面に大きな液晶のモニターがあります。数十人もの人間がそれを見つつ、自分達の前にある機械の液晶画面を眺めキーボードを叩いたり、機械に話しかけたりと作業をしていました。\n', '\u3000液晶画面のある機器と連動するのでしょう。たくさんのボタンがあるキーボードを女性の指ががすごい速さでボタンを叩きます。液晶画面にお庭にいる初老の男を上から撮ったような映像が流れます。花壇には赤いバラが咲いていました。手首に巻き付いている腕時計のようなものに男は話しかけています。イヤフォンから男の声が聞こえます。\n']",,,"['\u3000女性はすとんと細い身体を落とし、可愛らしい紙の袋に詰められたクッキーを口に運び始めます。女性は二人に笑みを向けて言いました。\n', '\u3000シープとウルフは、こくりと頷きます。すると女性は口の端にクッキーの欠片を付けたまま、とても嬉しそうに微笑みました。\n', '\u3000シープとウルフは驚きでぽっかりと口が開いてしまいました。女性はその口にクッキーを放り込みながら、くすくすと笑います。シャクシャクと口を動かしてクッキーを食べる二人に女性は言いました。\n', '\u3000シープとウルフは驚きでぽっかりと口が開いてしまいました。女性はその口にクッキーを放り込みながら、くすくすと笑います。シャクシャクと口を動かしてクッキーを食べる二人に女性は言いました。\n', '\u3000亜麻色の髪を細い指にくるくるりと巻き付けます。ごくりとクッキーを飲み込んだシープとウルフは女性を見ています。シープが訊ねました。\n', '\u3000女性はスカートを払って、クッキーの欠片を地面に落としました。髪がふわふわと揺れました。\n', '\u3000ララは笑みを浮かべつつも、少し困った表情を作ります。トレイから、クッキーの並ぶ皿を机に置きました。\n', '\u3000ララはシープにクッキーを勧めました。有り難く頂き、シープはそのクッキーをかじりました。\n', '\u3000ララはシープにクッキーを勧めました。有り難く頂き、シープはそのクッキーをかじりました。\n', '\u3000アイスクリームは、これまた可愛らしい容器にバニラアイスとチョコレートアイス。その上に白いマシュマロ、抹茶味のクッキーとレモン味のクッキーが大量に乗せてあります。さらに、もふもふと綿菓子が盛り付けられていました。\n', '\u3000アイスクリームは、これまた可愛らしい容器にバニラアイスとチョコレートアイス。その上に白いマシュマロ、抹茶味のクッキーとレモン味のクッキーが大量に乗せてあります。さらに、もふもふと綿菓子が盛り付けられていました。\n', '\u3000ゴミ箱の中は、容器とスプーン、カラフルなアイスクリーム、マシュマロ、クッキーがぐちゃぐちゃと混ざりあって奇妙な色合いと匂いを発しています。子どもたちが、言います。\n']",,,['「グーリン……」\n'],,,,,,"['\u3000村に入ると、商人たちは用意していたガスマスクとゴーグルを着けました。シープとウルフは着けませんでした。\n', '\u3000しかし男も女も子どもも老人も、全員が全員、マスクとゴーグルを着けています。冬でもないのに、肌を露出していません。\n', '「だめよ、マスクとゴーグルを着けないと。旅人さんね。ほら、これあげるわ」\n', '\u3000シープはマスクとゴーグルを着けると、女性にたずねました。\n', '「ええ……。まだ、マスクもゴーグルもしないといけないと生きていけないのは、あっちもわかっているのに」\n', '\u3000マスクとゴーグルを常につけている村人。\n', '\u3000村に入ると、商人たちは用意していたガスマスクとゴーグルを着けました。シープとウルフも持っていたマスクとゴーグルを着けました。\n', '\u3000村に入ると、商人たちは用意していたガスマスクとゴーグルを着けました。シープとウルフも持っていたマスクとゴーグルを着けました。\n', '\u3000人々は大人も子どもも男も女も皆、マスクとゴーグルを着けていました。そして、店はありませんでした。看板はありましたが、開いていませんでした。\n', '\u3000人々の流れに乗って、シープとウルフはドーム型の建物に入りました。中はとても空気が澄んでいます。村の人々は入った途端、マスクとゴーグルを外しました。通り過ぎる人々は皆笑顔でした。\n', '\u3000マスクとゴーグルを常につけている村人。\n']",,,,,['\u3000フィールは受け取りました。そして、それを全て川の、流れの激しいところへ向かってばらまきました。いくつもの水飛沫がボシャンボシャンと響きます。呆気にとられたシープとウルフが目を大きく見開きます。\n'],,['「ここで話すのもなんですが、ここに永住する気はないですか？シープさんとウルフさんが体験した以外にも“魔法”“ジャングル”“ファンタジー”など、まだまだありますよ！その場合、カプセル購入のカタログを配布しております！」\n'],['\u3000パイで挽肉をすくい取ると、シープは大きな口でそれを頬張りました。ジューシーな肉汁と、甘酸っぱいトマトの味が口いっぱいに広がります。シープは思わず頬っぺたを押さえました。\n'],,,,,,,,,,['\u3000同時に、チリリンと呼び鈴を鳴らしました。\n'],,,,,,['\u3000カツンコツンと女性の靴音が響きます。扉に辿り着きました。向こう側は明るいのか、扉の隙間から細い光が漏れて、光の筋が浮き出て見えました。\n'],,,,,,,,,,,,,,,['\u3000シープとウルフはバシャバシャと桶に手を突っ込んで各自の衣類を洗っていました。\n'],,,,,,,,,,,['\u3000先頭を、弾むように歩く少女と、その後ろをシープと、手袋をはめたウルフがフラフラリと覚束無い足取りでついていきます。\n'],,,,,,,,,,,,,,,,,"['\u3000女性から説明を聞き終えたあと、二人はすぐにクローゼットの服を来たので、準備は整っていました。シープは若草色のゆったりとしたワンピースを、ウルフは白いシャツと紺色のサロペットを着ていました。二人とも旅には適していない服装でした。\n', '\u3000その馬車の扉が開き、白いワンピースを風ではためかせながら、一人の少女が駆けて来ました。\n', '\u3000近くで見ると、そのサーカスの衣装を彷彿させる白いワンピース着た少女が肩で息をしながら言いました。年の頃は十七か、十八かでした。\n', '「うーん。これではほとんどワンピースですねぇ」\n']",,
N6470ELline_info_k,,,,,,,,,,,,"['\u3000周りのカップル達が暖かに見えるせいで。', '\u3000少女が映画館やプラネタリウムなどを中心に燃やしていると、イケメンイケ女のカップルさん達が、スポーツカーに乗ってやってきました。', '\u3000少女が話しかけると、イケメンイケ女のカップルさん達は、優しい声で言葉を返します。', '\u3000次の瞬間、イケメンイケ女のカップルさん達は少女に向けてアクセルを踏みました。', '\u3000イケメンイケ女のカップルさん達には、見覚えがあったのです。', '\u3000何が何でも少女の息の根をここで止めなくてはいけないと確信したイケメンイケ女のカップルさん達でしたが。', '\u3000同じく後方で、そんな間抜けな言葉(・・・・・・・・・)が聞こえた次の瞬間、まるで数リットルの(・・・・・・・・・・)ガソリンに火でも(・・・・・・・・)投げ込んだような(・・・・・・・・)激しい衝撃とともに、イケメンイケ女のカップルさん達の意識は永遠に失われることになるのでした。', '\u3000少女が素敵なレストランやジャズバーなどを中心に燃やしていると、カジメンカジ女のカップルさん達が現れました。', '\u3000カジメンカジ女のカップルさん達は、楽しそうにご飯の材料を運んでいます。', '\u3000少女が話しかけると、カジメンカジ女のカップルさん達は、優しい声で言葉を返します。', '\u3000次の瞬間、カジメンカジ女のカップルさん達は少女に向けて、持っていた万能包丁で斬りかかりました。', '\u3000カジメンカジ女のカップルさん達には、見覚えがあったのです。', '\u3000少女がカジメンカジ女のカップルさん達の頭上にそれぞれマッチ棒を降り下ろし、そのまま一刀両断にしたのでした。', '\u3000カジメンカジ女のカップルさん達は唐竹割りにされながら、消え行く意識の中で、そんな間抜けな言葉(・・・・・・・・・)が聞こえた気がしたのでした。', '\u3000少女が展望台やイルミネーションなどを中心に燃やしていると、キチメンキチ女のカップルさん達が現れました。', '\u3000キチメンキチ女のカップルさん達は、楽しそうにライフル銃や機関銃などの武器を運んでいます。', '\u3000少女が話しかけると、キチメンキチ女のカップルさん達は、優しい声で言葉を返します。', '\u3000次の瞬間、キチメンキチ女のカップルさん達は少女に向けて発砲しました。', '\u3000キチメンキチ女のカップルさん達には、見覚えがあったのです。', '\u3000しかし、キチメンキチ女のカップルさん達が発砲するより刹那(せつな)程早いタイミングで。', '\u3000暴発する拳銃で頭を吹き飛ばされながら、キチメンキチ女のカップルさん達は、そんな間抜けな声(・・・・・・・・)を聞いたような気がしたのでした。']",,,,,,,,['\u3000少女の瞳に宿る仄暗(ほのぐら)い光は、乱射魔(トリガーハッピー)の持つそれ(・・)と瓜二つだったのです！'],,,,,,,,,,,,,,,,,,,,,,,,,,,,,,,,,,,,,,,,,,,,,,,,,,,,,,,,,,,,,,,,,,,,,,,,,,,['\u3000こんな雪の中、オープンカーで走っても寒くないほどに、2人は楽しそうに笑っています。'],,,,,,,"['\u3000少女が映画館やプラネタリウムなどを中心に燃やしていると、イケメンイケ女のカップルさん達が、スポーツカーに乗ってやってきました。', '\u3000スポーツカーで轢くと思われたその瞬間に、少女が消えたのです。']",,,,,,,
N9100ENline_info_k,,,,,,,,,,,,,,,,,,,,,,,,,,,,,,,,,,,,,,,,,,,,,,,,,,,,,['『希望の船』……『希望の船(エスポワール)』にっ……！'],,,,,,,,,,,,,,,,,,,,,,,,,,,,,,,,,,,,,,,,,,,,,,,,,,,,,,,,
N7512DAline_info_k,,,,,,,,,,,,,,,,,,,,,,,,,,,,,,,,,,,,,,,,,,,,,,,,,,,,,,,['\u3000その気になれば、世界の全ての事象がそこに書き込まれているというアカシックレコードにアクセスし、世界の秘密にすら答えうるという超絶スーパーアイテムだというのに、いうに事欠いて質問の内容が「美しいのは誰であるか」というどうでもいいものだったからです。\n'],,,,,,,,,,,,,,,,,,,,,,,,,,,,,,,,,,,,,,,,,,,,,,,,,,,,,,
N2326ELline_info_k,,,,,,,,,,,,,,,,,,,,,,,,,,,,,,,,,,,,,,,['\u3000白雪姫は毎日のようにリンゴのジャムやリンゴのコンポート、リンゴのパイなどを食べて、シナモン王子と幸せになりました。'],,,,,,,,,,,,,,,,,,,,,,,,,,,,,,,,,,,,,,,,,,,,,,,,,,,,,,,,,,,,,,,,,,,,,,
N1683DYline_info_k,,,,"['\u3000赤ずきん「……貴方たち何言ってるの？ カエルの子供は『オタマジャクシ』何だから、この3匹は皆んな大人。つまり、この場に『子供のカエル』なんてモノは存在しないのよ」\n', '\u3000ヘンゼル「馬鹿にすんな、カエルくらい知ってるよ！ オタマジャクシのことも。只、ちょっと忘れてただけだ！」\n']",,,,,,,,,"['シンデレラ「いえ、今夜開催される『バカラパーティー』に行きたかったんです」\n', '妖精「バカラパーティー！？」\n', 'シンデレラ「じゃ、じゃあ……、あの時できなかったバカラパーティーに行きたい……です」\n']",,,,,,,,,,,"['キリギリス『これはどういう事でしょう！？ 赤ずきん選手、全く攻撃の気配を見せず、舞台の上を逃げ回るばかりです！！ これは戦意喪失かァァ〜〜？？』\n', 'スピーカーから、キリギリスの大音量の声が響き渡ります。彼が実況しているように、舞台ではまるで、怪物が女の子を甚振っているようにしか見えないため、観客席からも様子がおかしいことに疑問の声が出始めていました。\n', 'キリギリス『ややっ！？ アリくん、その顔は何かに気づいたみたいですね！！』\n', 'キリギリス『と、言いますと！？』\n', 'キリギリス『なるほど！！ 作戦の一環だったわけですか！！』\n', 'キリギリス『何と恐ろしい！！ ですが、故にこそ彼女の実力が知れるというもの！！ これからの展開が期待されますねぇ！！』\n', 'キリギリス『確かに、ハタから見たら公開処刑にしか見えませんからね。子供には見せられない感じになっていますが……。しかし、この場合どうなるんでしょう。審判さん』\n', 'キリギリスは、舞台の端で待機していた審判に話を促しました。\n', 'キリギリス『どうしましょうアリくん。初っ端からこれでは盛り上がりに欠けます』\n', 'しかしキリギリスは、そんな彼女を他所に、難しい顔をしながら相方のアリと相談を始めました。どうやら彼は、目の前の泣いている少女より、大会の運営の方が気になるようです。\n', 'キリギリス『確かに。この大会は、革命的と言っても過言ではない規模で行われ、更に賞品もデカイですからね。【優勝者はどんな願いも叶えてもらえる】、という触れ込みで広告された天下一舞踏会！ 賞品を目的に参加された出場者も少なくないはずです！』\n', 'キリギリスとアリは、呑気にそんなことを話していました。\n', 'キリギリス『…………え？」\n', 'キリギリス『あ、赤ずきん選手？』\n', 'キリギリス『えーっと、これはどういう状況でしょう？』\n', 'キリギリス『そういう的外れなボケは要らないよアリくん！！』\n', 'キリギリスとアリがやり取りをしている中、審判は冷静に舞台の様子を確認します。\n', '埒があかないので、キリギリスは突然現れた彼女たちに話しかけようとしてみます。\n', 'キリギリス『えぇーっと、立て続けに混乱の連続ですが。取り敢えず貴女たちはどちら様でしょうか？』\n', 'キリギリス『えぇ！？ 嘘ですよ、だって貴女赤い頭巾なんて身に着けてないじゃないですか！』\n', 'キリギリス『し、しかしここにいる彼女が赤ずきんだと、王子様とシンデレラ様の言質は既にあって……』\n', 'キリギリス『！？』\n', 'キリギリス『王子様！？』\n', 'キリギリス『アリくんまでっ！！ てかなに、その突然の知ったかぶり！？』\n', '最早この状況で、収拾をつけられる存在はキリギリスのみとなりました。\n', 'キリギリス『ぐ、ぐぐぐっ！ 本物の赤ずきん選手は向こうで、こっちは偽物？ けど、勝ったのはコッチだから……でも、偽物だから無効試合に。いや、それだと再試合になるが、ティラ乃選手はもう戦える状態ではない！ つまり、この状況における最適解とは…………』\n', '脳がおかしくなりそうな感覚に溺れそうになりながらも、しかしキリギリスはプロとして、この状況を上手くまとめる手段を模索していきます。\n', '赤ずきんのその言葉を聞いた瞬間、キリギリスの脳内に電流が走ります。\n', 'キリギリス『はっ！ なるほど、その手があったか！』\n', 'キリギリス『何だか紛らわしいが、この場を収めるにはこの手段しかない！ 主催のシンデレラ様、第１試合２回目の許可をッ！！』\n', 'キリギリス『許可が出ましタァ！！ それでは皆様、早速ですがここでスペシャルイベント！！ 今大会に出場する本当の赤ずきん選手を決める戦い！ 第１試合２回目改め、≪第１.５試合≫を始めていきたいと思います！！ 初っ端も初っ端からトラブルの連続ですが、本当にどうなるんだこの大会はァァ！！』\n', 'キリギリスは、早くもヤケになって声を張り上げます。勢いのみで押し切っているのが丸わかりでした。\n', 'キリギリス『それでは試合を……、と言いたいところですが貴女！ 本当のお名前を教えてくれませんか？ 赤ずきんが２人では紛らわしいので』\n', 'キリギリス『さあさあさあッ、気を取り直して行きましょう！！ 波乱万丈の天下一舞踏会、【赤ずきんＶＳマッチ売りの少女】！！ まさかの第１.５試合を開始しますっっ！！！！』\n', '\u3000キリギリス『……さあ、始まりました！ 乙女たちの晴れ舞台『天下一舞踏会』！！ 汗と涙が溢れ出す白熱のコロシアムが、今開催されます！！ 今回の舞踏会の実況を務めますはワタクシ、歌と楽器のスペシャリスト【風来坊キリギリス】！！ そして……』\n', '\u3000キリギリス『……さあ、始まりました！ 乙女たちの晴れ舞台『天下一舞踏会』！！ 汗と涙が溢れ出す白熱のコロシアムが、今開催されます！！ 今回の舞踏会の実況を務めますはワタクシ、歌と楽器のスペシャリスト【風来坊キリギリス】！！ そして……』\n', '\u3000会場に設置されたスピーカーから、大音量で２人の声が響き渡ります。それは、シンデレラが今日のために雇った今夜の舞台を盛り上げてくれる役者、アリとキリギリスでした。\n', '\u3000キリギリス『いや〜遂にこの日が来ましたねアリくん！ ワタクシ、この日が待ち遠し過ぎて、昨日までずっとワクワクしてたんですよぉ！！』\n', '\u3000アリ『そうですねキリギリスさん、ボクも今日をワクワクして待ってました。何せ今夜は史上初といっても過言ではない、女性限定で行われる世界規模のバトル舞踏会。出場者、そして観客ともに大いに賑わってくれている事でしょう』\n', '\u3000キリギリス『それでは皆様、お待たせしました！ いよいよ出場者の登場です！！』\n', '\u3000キリギリスが合図した瞬間。\n', '\u3000キリギリス『オォー凄い熱狂です！！ 歓声を上げる観客たち！ それに応える出場者！ おとぎの城で行われる空前絶後の異種間舞踏会！！ 果たして、誰が優勝するのか！？ それでは、只今よりおとぎの国を治める王、【国王様】から開催前の挨拶をしていただきたいと思います！！』\n', '\u3000そして満を持したとばかりに、キリギリスが高らかに叫びます。\n', '\u3000キリギリス『さあっ！！ 興奮が冷め切らないうちに、今回の舞踏会の主催者であるシンデレラ様から、開催の合図をお願いしたいと思います！！ どうぞっ！！』\n', '\u3000キリギリス『さあさあっ！！ では早速第１試合、１回戦の試合を始めていきたいと思います！！ まず最初の対戦者たちはぁぁぁ〜〜…………」\n', '\u3000舞台の大広間に立つ出場者の１人が、キリギリスに声を掛けました。\n', '\u3000キリギリス『おや？ 貴女は、おとぎの森からやってきた【赤ずきん】選手ですね。どうされましたか？』\n', '\u3000キリギリス『はっはっはっ！ 何を仰られる、貴女はどう見ても赤い頭巾をかぶっているじゃないですか！』\n', '\u3000キリギリスは、うーむと唸ってから手元にある資料に目を移しました。\n', '\u3000キリギリス『……なるほど。この資料には、【赤ずきん】選手の特徴についてほとんど書かれていませんね。唯一書かれているのは、『赤い頭巾をかぶった少女』の一言のみ……。えぇー、この資料を作成したのは誰でしょうか？』\n', '\u3000キリギリス『では、シンデレラ様にお尋ねします！ 彼女は、本当に【赤ずきん】選手ではないのでしょうか！？』\n', '\u3000キリギリス『そうですねアリくん！ さあ、真偽の程は如何なのでしょうか！？』\n', '\u3000キリギリス『オーっと間違いは無いのだそうです！！ という訳で舞踏会は続行！！ 問題なく、これより第１試合に取り掛かりたいと思いますッ！！』\n', '\u3000キリギリス『第１試合の対戦者は……おおっとこれは偶然！！ 最初の試合を行う１人目は、おとぎの国で最も恐ろしいと呼ばれる悪夢の地、【おとぎの森】。人を喰らい、闇を誘うとされる魔の森からやってきた、年端もいかぬ可憐な少女！！ 『ヘビィランク・キュートガール』赤ずきん選手！！』\n', '\u3000キリギリス『そして対するのは、【ジェラシック大陸】からやってきた巨竜！ 『ティラノサウルス』のティラ乃選手です！！』\n', '\u3000キリギリス『あー大丈夫ですよティラ乃選手。ちょうど今、始まったところですから』\n', '\u3000キリギリス『それでは、行ってみましょーっ！！ 第１試合【赤ずきんＶＳティラ乃】、試合開始ですッ！！』\n', '\u3000キリギリス『さあさあ始まりました！！ 天下一舞踏会、二回戦の幕開けです！！ 実況は引き続きワタクシ、キリギリスがお送りします！！』\n', '\u3000キリギリス『さあさあ始まりました！！ 天下一舞踏会、二回戦の幕開けです！！ 実況は引き続きワタクシ、キリギリスがお送りします！！』\n', '\u3000キリギリス『マッチ売り選手の爆熱にあてられてさっきまで寝込んでいました。ほら、我々虫ですから暑さに弱いんですよ』\n', '\u3000キリギリス『切り替えていこうアリくん。今は目の前の試合に集中するんだ』\n', '\u3000キリギリスが落ち込むアリを励まします。\n', '\u3000キリギリス『それではいってみましょーう！ 【赤ずきん選手VSかぐや選手】、天下一舞踏会最初の第二回戦、開始です！！』\n', '\u3000キリギリス『おおおおぉぉおっとお！！ 今何が起きたのでしょうか！？ 突然、赤ずきん選手の身体が場外まで吹き飛びました！！ し、しかし、赤ずきん選手も負けじとそれに対抗！！ なんと拳圧で場内に戻るという荒技を繰り広げましたああああああ！！』\n', '\u3000キリギリス『な、なんという事でしょう！！ 赤ずきん選手が二段ジャンプをしたかと思えば、今度はかぐや選手が宙を舞い始めたぞお！？』\n', '\u3000キリギリス『スペース合気道！？  ……正直言いますとワタクシ、一回戦の試合を殆ど確認していないので、現段階で各選手の能力など全く把握しておりません！！ データ分析表も手元にございません！！ という訳で、かぐや選手の謎の現象について解説のアリくんに聞いてみましょう！！』\n', '\u3000キリギリス『そりゃ解説担当なんだから当然だよ』\n', '\u3000キリギリス『さあさあ、この状況をどう見ますかアリくん！！』\n', '\u3000キリギリス『投げやりな解説、ありがとうアリくん！！ では引き続き二人の対決を観ていきましょうか！！』\n']",,,,,,,['よく見るとその家は、全てお菓子で出来ていました。壁はクッキー、扉はチョコレート、窓は砂糖、屋根は｜瓦煎餅《かわらせんべい》。\n'],['\u3000赤ずきん「……今までずっと、ダバダバの≪ロングスカート≫しか履いてこなかったから、その発想はなかったわ。そうよ、スカートを手で押さえれば問題解決じゃない！」\n'],,,,,,,,,,,,,,,,,,,,,,,,,"['\u3000赤ずきん「必殺タックルッ！！」\n', '\u3000走るジュウガミを、後ろから追いかける形で、赤ずきんがジュウガミにタックルを仕掛けました。\n']",,,,,,,,,,,,,,,,,"['\u3000赤ずきん「ハッハー！ これだから元都会っ子は常識に疎いのよ。まさかカエルのことも知らないなんて！」\n', '\u3000赤ずきん「ハッハッハー！ 何よヘンゼル、貴方大したことないのね！」\n']",,,,['\u3000お后「このバカチンがっ！！ お前のせいで計画が台無しになるところだったじゃないか！！」\n'],,,,,,"['\u3000赤ずきん「スパーキングボディプレスッッ！！！！」\n', '\u3000赤ずきん「私は、まだ餓狼拳法を教えてもらってないから。まあ、暇を持て余していたから、お爺ちゃんやお婆ちゃんが稽古しているのを真似して我流で覚えたのはあるけど。『スパーキングボディプレス』とか」\n', '\u3000赤ずきん「ばかな、私のスパーキングボディプレスを喰らってもう意識が戻るなんて！」\n']",,,['\u3000お后「そうそう。こう、一昔前に流行ったホッピングジャンプのようにぴょんぴょんと……」\n'],,"['スピーカーから、キリギリスの大音量の声が響き渡ります。彼が実況しているように、舞台ではまるで、怪物が女の子を甚振っているようにしか見えないため、観客席からも様子がおかしいことに疑問の声が出始めていました。\n', '\u3000会場に設置されたスピーカーから、大音量で２人の声が響き渡ります。それは、シンデレラが今日のために雇った今夜の舞台を盛り上げてくれる役者、アリとキリギリスでした。\n', '\u3000実況席から、二匹の昆虫の声がスピーカーから鳴り響いてきます。\n']",,,,,,,['\u3000少年は、客室に置いてあった冷蔵庫から、ペットボトルを取り出しました。\n'],,,,['\u3000狩人「あーやっぱり折れた！ 昔からそうなんだよ。騎士団から支給される剣は何でこんなに簡単に折れるんだ！？ ポンコツめ！！」\n'],,,,,['\u3000手鏡『…………メチャクチャ良い寝息立ててますね』\n'],,,,
N6457Cline_info_k,,,,,,,,,,,,,,,,,,,,,,,,,,,,,,,,,,,,,,,,,,,,,,,,,,,,,,,,,,,,,,,,,,,,,,,,,,,"['\u3000で、最後はなんだ。世界で一番醜い娘と一番美しい若者はその後いったいどうなったんだって。始めに言っただろう？\u3000お約束で終わるハッピーエンドの物語だって。そういうお話は大抵は「めでたしめでたし」で終わるもんなのさ。\n', '\u3000そんなことより話を聞いて行きなよ。この国の人間なら誰もが知ってるおとぎ話。陳腐でお約束なストーリーとご都合主義の展開が続くハッピーエンドの物語だ。\n']",,,,,,,,,,,,,,,,,,,,,,,['\u3000王様から貰った報償金ががっぽりあるので馬でも馬車でも乗り放題なのですが、移動は飽くまで徒歩でするのが若者のポリシーのようです。\n'],,,,,,,,,,,
N9349ENline_info_k,,,,,,,,,,,[' \u3000すると、窓の辺りでカチャカチャとなにやら硬いものを吸いこむ音がした。なにか大事なものを吸いこまれていたら大変だ。'],,,,,,,,,,,,,,,,,,,,"['\u3000学校から帰ってきて玄関を開けたとたん、あまくておいしそうなにおいがした。クッキーだ。お母さんがクッキーを焼いたんだ。', '\u3000学校から帰ってきて玄関を開けたとたん、あまくておいしそうなにおいがした。クッキーだ。お母さんがクッキーを焼いたんだ。', '\u3000ぼくは靴を脱ぎ捨ててキッチンにかけこむと、お皿に山盛りになっているクッキーに手を伸ばした。', '\u3000庭で洗濯物を取りこんでいるお母さんの背中をぼんやり眺めながら、クッキーをサクサク食べる。かみくだく前にホットミルクを口にふくむと、あまさがほろりと広がってすごくおいしい。サクサク。ゴクゴク。パクパク。', '「ほらあ、クッキーを食べすぎなのよ。だから言ったでしょう、おなかいっぱいになるまで食べたらだめよって。まったく、ユウくんは――」', '\u3000これは、クッキー？\u3000いや、ドーナツだ！\u3000お母さんの作るドーナツも最高なんだ！', '\u3000でも、なんだろう。クッキーよりおいしいはずのドーナツはなんだかポソポソしていて味がしなかった。']",,,,,,,,,,,,,,,,,,,,,,,,,,,,,,,,,,,,,,,,,,,,,,,,,,,,,,,,,,,,,,,,,,,,,,,,,,,,,,
N4085ELline_info_k,,,,,,,,,,,,,,,,,,,,,,,,,,,,,,,,,,,,['\u3000コンクリートとはなんだろう。\n'],,,,,,,,,,,,,,,,,,,,,,,,,,,,,,,,,,,,,,,,,,,,,,,,,,,,,,,,,,,,,,,,,,,,,,,,,
N2607ELline_info_k,,,['\u3000嫗(終なる者)は対神用神術(かみごろしのすべ):愚神礼讃(エラスムス)を展開し、右の腕(かいな)より『空即是色』を放つと、茫漠足る桃色の概念は、そのエントロピーを収束させ質量を持つ物体へと堕(だ)しました。'],,"['「天上天下唯我独尊(オンギャー)！」', '「天上天下唯我独尊(オンギャー)！」']",,,,,,,,,,,,,,,,,,,,,,,,,,,,,,,,,,,,,,,,,,,,,,,,,,['\u3000そして次の瞬間、ある一箇所に存在しながら同時にあらゆる全ての空間に存在する翁(始たる者)が、第11次元(スーパーストリング)すら斬滅する宝刀・殺神(ニーチェ)を用いて“『茫漠足る桃色の概念』で在ったもの”へ、その凶刃を振り下ろしたのでした。'],,,,,,,,,,,,,,,,,,,,,,,,,,,,,,,,,,,,,,,,,,,,,,,,,,,,,,
N3427EUline_info_k,,,,,,,,,,,,,,,"['\u3000その小さなお手てに、真っ白なカリフラワーを持って、もぐもぐと食べていらっしゃいます。\n', '「ああ、疲れた……。この体で魔法を使うのはとても疲れるんだ。何せ、私の魔力のほとんどは、チンチラの肉体のままこうして流暢に喋ることができる能力に割り振られているからね。カリフラワーを持って歩くのも辛いくらいさ。お姫様、ちょっと膝を突いてくれないか」\n', '\u3000するとマーチン様は、わたくしのところまでぽてぽて歩いてくると、カリフラワーを横にポイッと置いて、両手をわたくしの膝に乗せるのです。\n', '「チンチラ・チラチラ・カリフラワー！」\n', '\u3000シュネーケからは、もやもやとした黒い塊が吐き出され私に襲いかかる。下からは白い塊が吐き出された。いや、あれは塊じゃない、カリフラワーだ！\n', '\u3000カリフラワーは、私を守るように飛び上がってくると、黒い塊を真っ向から振り払ったのだ。\n', '「わ、私のカリフラワーも凄いんだぞ！」\n', '\u3000マーチン様は猛烈な勢いでカリフラワーを食べると、もぐもぐしながら天を仰ぎました。\n']",,,,,,,,,,,,,,,,,,,,,,,['\u3000ウサギさんなのに、ずっと大きなお馬さんをコントロールするなんて凄いです！\n'],,,,,,,,,,,,,,,,,,,,,,,"['［＃中見出し］２・あるチンチラの登場［＃中見出し終わり］\n', '\u3000彼は……チンチラだったのです！\n', '「ああ、疲れた……。この体で魔法を使うのはとても疲れるんだ。何せ、私の魔力のほとんどは、チンチラの肉体のままこうして流暢に喋ることができる能力に割り振られているからね。カリフラワーを持って歩くのも辛いくらいさ。お姫様、ちょっと膝を突いてくれないか」\n', '\u3000チンチラさんは、高い所に手を乗せてお休みするんですね。\n', '［＃大見出し］丸きもの、汝はチンチラなり［＃大見出し終わり］\n', '「チンチラ・チラチラ・カリフラワー！」\n', '「あ、あ、あぶないところだった。いけないいけない、思わず、ごいがチンチラに……ウォッホン！」\n', '\u3000マーチン様は、チンチラらしき短い手を振り回して演説します。\n', '「おお、済まないピョンスロット！\u3000どうもチンチラの身体では、上手くバランスが取れなくてね。千里眼も調子が思わしくない。例えば……こうだ。君たちの今夜のおかずは、燻製にした魚とニンジンの漬物。どうだい？」\n', '\u3000ウサギさんとチンチラさんがお野菜を比べ合っている間に、わたくしは家に戻り、テーブルを持ってまいりました。\n', '「分かっているさ。だが私は食事となれば、チンチラの野生に身を任せるぞーっ！」\n']",,,,,,,,,,,,,,,,,,,,['「ピョンスロット様がやる気です！\u3000わたくしもなんだか、武者震いして参りました！\u3000じゃあ、ヴィヴィアンさんがおめめパッチリになる夜に決行するのですか？」\n'],,,,,,,,,,,,,,,,,,,,,,,,,"['「素晴らしい、理想的な聞き手の姿勢だ！\u3000いいかい、君たちがこれから向かうべき国は、南の隣国であるシュリンプス王国」\n', '「あら、それは運命的です！\u3000シュリンプスのオマール王子は、わたくしのお婿さんにしようかどうか、お父様が迷っていましたもの。お互い顔も知っています！」\n', '「だろう！\u3000そこは、魔女の手下のチーズの兵隊がうろついてる。これをなんとか切り抜けて欲しい。そして、シュリンプス王国が所有する聖なる鏡を貸してもらうんだ」\n']",,,
N2123EWline_info_k,,,,,,,,,,,,,,,,,,,,,,,,,,,,,,,,,,,,,,,,,,,,,,,,,,,,,,,,,,,,,,,,,,,,['背後からは10トンクラスのトラック\n'],,,,,,,,,,,,,,,,,,,,,,,,,,,,,,,,,,,,,,,,,
N0698EJline_info_k,,,,,,,,,,,,,,,,,,,,,,,,,,,,,,,,,,,,,,,"['\u3000それは、りんごのコンポートでした。鍋にりんごと砂糖水を入れてぐつぐつと煮るだけ。料理をしたことのない王妃様でもすぐに出来たのです。', '\u3000白雪姫はそう言って、りんごのコンポートを魔女に返しました。']",,,,,,,,,,,,,,,,,,,,,,,,,,,,,,,,,,,,,,,,,,,,,,,,,,,,,,,,,,,,,,,,,,,,,,
N4980EMline_info_k,,,,,,,,,,,,,,,,,,,['「……本当に、楽しそうですね。お姫様の仰る通り、こんなガラクタでは無理なようです」\n'],,,,,,,,,,,,,,,,,,,,,,,,,,,,,,,,,,,,,,,,,"['\u3000いつまでも踊り続けることのできるぴかぴかの靴や、永遠という言葉を表した儚い氷のパズル。｜点《とも》すと望んだものを炎の中に見ることができる不思議なマッチ。どれも、王子様の影が最初に持ってきた機械仕掛けの｜小夜啼鳥《ナイチンゲール》に見劣りしない品物ばかりです。\n', '・血潮によって咲いた薔薇→「ナイチンゲールと薔薇の花」\n', '\u3000王子様の影の、黒い掌の上に載っていたのは、ぜんまい仕掛けの小さな｜小夜啼鳥《ナイチンゲール》でした。ねじを巻くときりきりと歯車の音を微かに響かせながら翼を広げ、美しい歌を奏でるのです。目には黒い宝石がはめ込まれ、嘴は細かな彫刻のほどこされた金でできています。小首を傾げて歌う姿は本物の小鳥のようで、でも、決して疲れることなく何度でも同じ調べを正確に繰り返すことができるのです。\n']",,,,,,,,,,,,,,,,,,,,,,,,,,,,,,,,,,,,,,,,,,,,,,,,,
N7443EKline_info_k,,,,,,,,,,,,,,,,,,,,,,,,,,,,,,,,,,,,,,,,,,,,,,,,,,,,,,,,,,,,,,,,,,,,,,,,,,,,['\u3000早速、王子の前で姉二人は件の靴を履いてみせようとしますが、サイズが合いません。それでも無理矢理に足を合わせようとして頑張ります。それはこれまで訪問したどの家でも繰り広げられてきた光景で、ガラスの靴が壊れてしまわないか従者はハラハラドキドキしますが、魔法でできた靴なのでそこは頑丈でした。'],,,,,,,,,,,,,,,,,,,,,,,,,,,,,,,,,
N0988EQline_info_k,,,,,,,,,,,,,,,,,,,,,,,,,,,,,,,,,,,,,,,,,,,,,,,,,,,,,,,,,,,,,,,,,,,,,,,,,['\u3000兎は狸を無視して、弓兵達に村外れの一番頑丈そうな土蔵に、狸を閉じ込める様に命じると、見張りを残して、今後の対策を練るべく村長の家に向かった。あらかじめ古文書で下調べをしていた兎には、今や狸の正体がハッキリと解ったのだ。\n'],,,,,,,,,,,,"['\u3000もしくは、当局が物語の意図に気がついて弾圧を加えてくるか……だが、このムー・トゥーランに居場所が無くなれば、南に落ち延び、ハイパーボリアのどこにも居場所が無くなれば、気は進まないが（本当に気が進まないが）、サイクラノーシュに、セラエノに、ヤディス……私はどこまでも逃げ延びて、兎との約束を出来るだけ遂行するつもりだ。\n', '\u3000いつかはハイパーボリアも滅び、また違う種族が、この惑星の地上を支配するのかもしれない。もし、それでも、この物語が記憶され、受け継がれているのならば、同時にこの世のどこかにヴーアミの不浄の血と、“何か”の血が残されているのかもしれないのだ。\n', '\u3000むかしむかし、ハイパーボリアのある所に小さな村があった。\n']",,,,,,,,,,,,,,,,,,,,,,,,
N8228EGline_info_k,,,,,,,,,,,,,,,,,,,,,,,,,,['\u3000リンゴも妹の過激なスキンシップに戸惑っているだけで、本気で嫌がってはいないのだろう。\n'],"['\u3000だとすると、キーパーソンはプラクティカルかエリザベート王女か。\n', '\u3000あの二人は、私にとってのキーパーソンじゃない。\n']",,['\u3000最近、このキーワードを聞くと、厄介事が舞い込んでくるんじゃないかと警戒してしまう。\n'],,"['「メフィくん、クッキー食べる」\n', '\u3000メイドの一人からクッキーをもらって、一口で頬張る。\n']",,,,,,,,,,,"['\u3000ギシッギシッギシッギシッ・・・\n', '\u3000ギシッギシッギシッギシッ・・・\n']",,,,,,,,,,,,,,,,,,,,['\u3000街の裏通り、例えば、スラムにいるチンピラのように見える。\n'],,,['\u3000ツンデレってやつだ。\n'],,,,,,,,['\u3000王族同士の政略結婚に心も何もないだろうけど、ここはハッキリと断らせてもらう。\n'],,,,,,,,,,,,,,,,,,['\u3000将来ブラコンにならないか、ちょっと心配だ。\n'],,"['\u3000それにブービートラップも仕掛けてきた。\n', '\u3000そもそも、あのブービートラップ自体が証拠になりそうな気がする。\n']",,,,,,,,['\u3000どうやら、ポーカーフェイスはあまり得意ではないようだ。\n'],,,,,,,['\u3000完全にワーカーホリックだ。\n'],['\u3000しかし、流通の要である中央を押さえ、周りの国と同盟を結び、各国のパワーバランスを絶妙に保つことにより、各国が牽制し合って攻め込まれないようにしているのだ。\n']
N1854EJline_info_k,,,,,,,,,,,,,,,,,,,,,,,,,,,,,,,,,,,,,,,,,,,,,,,,,,,,,,,,,,,,,,,,,,,,,,,,,,,,,,,,,,,['\u3000サンタさんのお家のうらの花だんには、冬でも咲(さ)くパンジーにビオラ、スノードロップやプリムラといった、色とりどりのお花が植(う)えられていました。'],,,,,,,,,,,['\u3000サンタさんのお家のうらの花だんには、冬でも咲(さ)くパンジーにビオラ、スノードロップやプリムラといった、色とりどりのお花が植(う)えられていました。'],,,,,,,,,,,,,,,
N5504EKline_info_k,,,,,,,,,,,,,,,,,,,,,,,,,,,,,,,,,,,,,,,,,,,,,,,,,,,,,,,,,,,,,,,,,,,,,,,,,['\u3000記憶にひっかかっていたものをハッキリ思い出せて、すっきりしたのでしょう。\n'],,,,,,,,,,,,,,,,,,,,,,,,,,,,,,,,,,,,
N8201CQline_info_k,['「ククク、ハハハハ、アーハッハッハッ！」\n'],,,,,,,,,,,,,,,,,,,,,,,"['アリとキリギリス\n', 'キリギリス：アンバール\n']",,,,,,,,,,,,,,,,,,,,,,,,,,,,,,,,,,,,,,,,,,,,,,,,,['\u3000王子は目を開きますが、溺れて死に掛けた状態であるため意識はハッキリせず、テナの顔も良く見えてないようです。\n'],,,,,,,,"['\u3000腰まである金色の髪に透き通った肌、整った顔立ちに大きくパッチリとした紅い瞳、すらりとしながらも歳不相応に大きく実った胸。そして、滑らかな尻尾。\n', '\u3000腰まである金色の髪に透き通った肌、整った顔立ちに大きくパッチリとした紅い瞳、すらりとしながらも歳不相応に大きく実った胸。そして、滑らかな尻尾。\n']",,,,,,,,,,,,,,,,,,,,,,,,,,,,
N5887ELline_info_k,,,,,,,,,,,,,,,,,,,,,,,,,,,,,,,,,['\u3000なぜなら、始末したかった人たちが自らのホームグラウンドに入って来てくれたからです。\n'],,,,,,,,,,,,,,,,,,,,,,,,,,,,,,,,,,,,,,,,,,,,,,,,,,,,,,,,,,,,,,,,,,,,,,,,,,,,
N8596EKline_info_k,,,,,,,['「あ、あの、ボク、吊り橋渡ってたら、吊り橋壊れちゃって、ええとボクが重くて壊れたわけじゃなくて、元々吊り橋がオンボロで……」\n'],['\u3000屋根の瓦が板チョコで、まわりの壁がカステラで、窓のガラスが氷砂糖で、入り口の扉はクッキーと、どこもかしこもお菓子でした。\n'],,,,,,,,,,,,,"['\u3000キコバタトン、キコバタトントン。\n', '\u3000キコバタトン、キコバタトントン。\n', '\u3000キコバタトン、キコバタトントン。\n', '\u3000キコバタトン、キコバタトントン。\n', '\u3000キコバタトン、キコバタトントン。\n', '\u3000キコバタトン、キコバタトントン。\n', '\u3000キコバタトン、キコバタトントン。\n', '\u3000キコバタトン、キコバタトントン。\n']",['「ば、化け物め……貴様は生かしてはおけん！\u3000さあ呑まれてもらうぞ！\u3000【｜地獄海底御招待《ディープキャッスルカモン》】ッ！！」\n'],,,,,,,,['「貴方は相変わらず芸がないわね！\u3000【｜機巧科学大極刑《ミシンエクスキューション》】ッ！！！」\n'],"['\u3000屋根の瓦が板チョコで、まわりの壁がカステラで、窓のガラスが氷砂糖で、入り口の扉はクッキーと、どこもかしこもお菓子でした。\n', '\u3000クッキーの扉が開いて現れたのは、年を取ったおばあさん。\n']",,,,,['\u3000すると、木々の陰から黒服の男たちと歴戦の大工たちが次々と現れ、周囲の木々や用意していたコンクリートを巧みに使いあっという間に一本橋を造り上げました。\n'],,['\u3000青年が受け取った織物を元手に一帯の経済事情を完全にコントロールすると、見る見るうちに経済が回っていき、この地の文明レベルは一気に上昇して自動車とかスマホとかも出来た。\n'],,,"['\u3000おじいさんはシロがいう通り畑を掘ってみると、なんと中から大判小判がザックザク！\n', '\u3000おじいさんとおばあさんはその木で臼をつくって、お餅をつきました。すると臼の中から大判小判がザックザク！\n', '\u3000お殿様は大層喜んでおじいさんに大判小判をザックザク与えました。\n']",,,,,,,,,,,,,,,,,,,,,,['「まぁ逞しくて愉しくてかっこ良い素敵な人なのでしょう、織物の模様にしてあげるわ！\u3000【｜機巧科学処刑場《ギロチンミシン》】！！」\n'],,,,"['\u3000トントンカラリ、トンカラリ。\n', '\u3000トントンカラリ、トンカラリ。\n', '\u3000トントンカラリ、トンカラリ。\n', '\u3000トントンカラリ、トンカラリ。\n', '\u3000トントンカラリ、トンカラリ。\n', '\u3000トントンカラリ、トンカラリ。\n', '\u3000トントンカラリ、トンカラリ。\n', '\u3000トントンカラリ、トンカラリ。\n']",,,['「おじいさん、あたしもお手伝い致しますにゃあ。【｜潜在能力大解放《ドーピングイビルデッドパワー》】ッ！！」\n'],,,"['\u3000少女は拳を握りしめ、マッチ以上に燃える瞳を天に向けハッキリと叫んだ。\n', '\u3000ヘンゼルはよそわれてきた二杯目も平らげると多分に汗をかきながら冷たい水を飲みほし、一息つくと鋭い目つきでハッキリと札を掲げる。\n']",,,,,,,,,['\u3000その様子を虚ろな目で見ていた五人の小人達は白雪姫の指パッチンを合図に、\n'],,,,,,['「ないィ！？\u3000おれの『砂山』に対し、ピンポイントで｜対策魔法お札《アンチマジックカード》を引き当てただとぉ？！\u3000ぐわあああああああああああああぁぁぁぁッ！！」\n'],,,,['「【｜奥義・超有名絶対零度《エターナルフォースブリザード》】！！」\n'],,,,,,,,,,,,,,,,,
N0571EFline_info_k,,,,,,,,,,,,,,,,,,,,,,,,,,,,,,,,,,,,,,,,,,,,,,['\u3000ファーブル昆虫記、シートン動物記、どくとるマンボウ昆虫記。魚や恐竜、虫、動物図鑑、写真集。本の外でも中でも、わたしは生きものが大好きだ。\n'],,,,,,,,,,,,,,,,,,,,,,,,,,,,,,,,,,,,,,,,,,,,,,,,,,,,,,,,,,,,,,,
N1815EMline_info_k,,,,,,,,,,,,,,,,,,,,,,,,,,,,,,,['外套の反対側のポケットには、白雪姫があげたクッキーをずっと食べている食いしん坊ちびふわもいます。'],,,,,,,,,,,,,,,,,,,,,,,,,,,,,,,,,,,,,,,,,,,,,,,,,,,,,,,,,,,,,,,,,,,,,,,,,,,,,,
N2689ELline_info_k,,,,,,,,,,,,,,,,,,,,,,,,,,,,,,,,,,,,,,,,,,,['私のシナプスが最期の思考を刻む。\n'],,,,,,,,,,,,,,,,,,,,,,,,,,,,,,['\u3000これで__________＿漸くハッキリした。\n'],,,,,,,,,,,,,,,,,,,,,,,,,,,,,,,['            同年 蠍月 『ヨルムンガンド戦争』でニブルヘ 滅亡。ミスガル国が領土最大を獲得\n'],,,,,
N7439CKline_info_k,,,,,,,,,,,,,,,,,,,,,,,['\u3000剣も聖剣守さんの言葉と同じことを思ったかのように、柄の玉がキラキラリと光を反射します。\n'],,"['［＃中見出し］キンキラな自称勇者さん［＃中見出し終わり］\n', '\u3000しかも身に着けているのが、金箔や銀箔で装飾されたキンキラで派手な、新品な金属鎧なので、より胡散臭さが増しています。\n', '\u3000そして何が起きたか確かめる自称勇者さんの、キンキラな金属鎧の真ん中に「私は間抜けです」と、乱暴な字で共通文字が彫られていました。\n', '\u3000加えて、何時の間にかキンキラな鎧も傷つけられて、見るも無残なクズ鉄一歩手前な有様になってしまっています。\n', '「確かにキンキラのボロボロさんとは違いますね。でも――」\n']",,,,,,,,,,,,,,,,,,,,,,,,,,,,,,,,,,,,,,,,,,,,,,,,,,,,,,['\u3000そして寝巻から洋服に着替えて、洗面器に水を張ってから、顔をバシャバシャと音を立てて洗います。\n'],,,,,,,,,,,,,,,,,,,,,,,,,,,,,,
N0270ESline_info_k,,,,,,,,,,,,,,,,,,,,,,,,,,,,,,,,,,,,,,,,,,,,,,,,,,,,,,,"['\u3000近所のスーパーに惣菜とビールを買いに行った帰りの事。', '\u3000食卓にはスーパーの惣菜、ビール、少女の作った数々の料理が並びました。', '\u3000奥さんの手料理で馴染んだ舌に、スーパーの惣菜は味気なく。']",,,,,,,,,,,,,,,,,,,,,,,,,,,,,,,,,,,,,,,,,,,,,,,,,,,,,,
N6397EKline_info_k,,,,,,,,,,,,,,,,,,,,,,,,"['\u3000風に揺れては木陰を動かすひまわりの下で、一匹のキリギリスが汗だくになっていた。こいつは、なるべく日陰から出ないように、大きな葉の下を選んで腰掛けているけれど、やっぱり夏の暑さっていうのは簡単にはしのげない。', '\u3000キリギリスはうっかり者だから、ちょっと気を抜くといつもこんな感じなんだ。危うく弓を折りそうになったのなんて、ムカデの足ほどある。', '\u3000それから、キリギリスは腿で手の汗をぬぐうと、ようやく弓を構えて一呼吸。', '\u3000そこには目をまん丸にしたキリギリスだけ、ポツンと取り残されたわけだ。', '\u3000ハッとしてキリギリスが顔を上げるとと、少し離れた小石の上にアリがどーんと腰掛けていた。', '\u3000キリギリスはうっと言葉を詰まらせ、力なくうつむくと、もごもご声にならないものを口の中で噛みしめる。ぐうの音も出ないっていうのは、こういうときに使う言葉だった。', '\u3000キリギリスは肩を落として呟き、大きな大きなため息を落とした。', '\u3000だからキリギリスは、寒い寒い冬を迎える前に、食べ物を手に入れる手段としてすてきなバイオリンの音色を出せるようになりたかったらしい。', '\u3000しっしっとアリに手で払われ、身をすくませたキリギリスは大人しく忍び足で離れると、木陰にある紫陽花の下へと潜り込んでいった。あのデカイ態度のアリに言い返そうなんて、これっぽっちも思わない。', '\u3000キリギリスが見上げると、上の葉からカタツムリが頭を伸ばしてこちらを見ていた。', '\u3000眠たげに触覚の目をパチパチさせて、ふああと大きなあくびをこぼしたけど、こいつはいつもこんな調子だ。でも、キリギリスはすぐに音を止めてバイオリンを小脇に抱えた。', '\u3000まあ、起こされてしまったけれど。とむにゃむにゃ言うカタツムリに謝りながら、キリギリスは慌てて茂みから駆け出していった。', '\u3000キリギリスはじりじり肌を焼く日向に出ると、ピョンピョン跳んでひまわりの前を通り過ぎていく。', '\u3000通りかかった別のアリに、キリギリスはそっと指差してみせる。', '\u3000すると働き者のそいつは、さっきのキリギリスといい勝負なくらい、大きな大きなため息を返して触覚をぶるぶる揺らした。', '\u3000そんなアリもいるのか。キリギリスはアリが働き者ばかりだと思っていたから、心底びっくりしたらしい。', '\u3000じゃあまたね、なんて荷物を背負い直したアリたちが手を振るのに頭を下げて、キリギリスはお礼を言った。', '\u3000もう一度小石を見ると、ちょうどあのアリがごろりと寝返りを打つ。眉間にしわを寄せた顔がこっちを向いたので、キリギリスは慌てて草むらに飛び込んだ。', '\u3000音が届かないように少し歩いた先のヤマブキの木陰で、キリギリスは何度目かのため息をこぼす。ため息だけは一丁前に奏でられるなんて、まったく頼りないったらない。', '\u3000次の日も、そのまた次の日も次の日も、キリギリスは誰もいないところを探してはバイオリンを構えた。', '\u3000簡単だとは思わないけど、ここまで難しくて、才能が空っぽなんて。キリギリスは知っていたけどやっぱり打ちのめされて、がっくりと肩を落とした。', '\u3000キリギリスは、空腹で目が覚めてまたため息をこぼした。吐息でますますお腹が減ってしまいそうだし、追い討ちをかけるみたいにぐるると腹が鳴っている。', '\u3000ひまわりは眠っているように下を向いている。その長い茎と葉の裏にアブラムシがいるのを見つけて、キリギリスはようやくこの日の食事にありつくことができた。', '\u3000とろりとした暗闇に低い声が響いて、キリギリスは思わず弓を取り落とした。これで二十七回目だ。', '\u3000ごろりとこちらを向いたアリに、臆病者のキリギリスは、ビクリと肩を揺らして眉を下げた。絵に描いたような情けない顔だった。', '\u3000体はどう見たってキリギリスのほうが大きい。それなのに、こいつはこのアリに敵うわけがないと思い込んでいるから、恐る恐る口を開いた。', '\u3000うっとキリギリスは喉に言葉を詰まらせた。毎回そうだけど、返す言葉もないらしい。', '\u3000アリはキリギリスの抱えているバイオリンへ視線を向けると、おもむろに体を起こした。', '\u3000リーンリーンと鳴き始める鈴虫の美しい声ならいざ知らず、キリギリスのバイオリンでは子守唄になるはずもない。', '\u3000こんな夜に、なにをする気なのだとアリは元から悪い目つきで鋭い視線を向けてくる。ぶるりとキリギリスは体を震わせた。', '\u3000他人から見ても、そこまでこき下ろすほどなのか。キリギリスは小さな声でもごもごしゃべっていたのに、最後のやつはほとんどため息と一緒だった。', '\u3000哀れっぽく嘆いたのに合わせて、しょんと頭の触覚が垂れ下がる。ぎゅっとバイオリンを抱きしめたキリギリスは、体を小さくさせてうつむいた。', '\u3000ボソボソと口を動かすと、アリがピクリと触覚を揺らした。キリギリスはますます体を小さくさせる。', '\u3000低い声が、キリギリスのうんと近くでこぼれた。', '\u3000大きくて立派な顎がそこにあるのを見て、キリギリスは身を強張らせて言葉を失う。本当にこいつときたら、すっかり油断したってわけだ。', '「フン。おまえみたいなトロくさいキリギリス、冬も待たずに今すぐ、まるっと食ってやる」', '\u3000アリは遠慮なくキリギリスを小馬鹿にしている。それもそうだ、こいつはどこまでもうっかりしているからしかたがない。', '\u3000カチカチ鳴る顎は、キリギリスの腕も腹も長い足も、バリバリと難なく噛み砕くだろう。', '\u3000今、キリギリスが勇気を出してピョンと跳べば、逃げられるかもしれないのに。', '\u3000やっぱりそこはこのキリギリスだ。足がガクガク震えて、頭が真っ白になったらしい。動けないでアリを見るだけ。', '\u3000カチカチ。その音が、怖くて。キリギリスは余計に震えた。', '\u3000でも、こいつだって大人しくどうぞ食べていいよなんて言わない。キリギリスは涙をこらえながら、こいつにしてはめずらしく自分を奮い立たせて口を動かす。', '\u3000なにを言ってるんだこいつ、と顔全体で言っている。その気持ちはなんだか同意したくなるけど、手を合わせて頭を下げたキリギリスが先を続けた。', '\u3000どう頑張ってもこのキリギリスは生きるのも下手くそなのだからしかたがない。だったらせめて、安らかに死にたいってことなのだろう。', '\u3000じっと夜の闇の中、アリの目がキリギリスを射抜くように見つめた。', '\u3000ここにいるのは、無事に冬を越したいキリギリスと、キリギリスを食べたいアリ。', '\u3000ここにいるのは、無事に冬を越したいキリギリスと、キリギリスを食べたいアリ。', '\u3000キリギリスはアリの目を見つめ返したまま二回大きくうなずいた。', '\u3000キリギリスも想像してぶるりと震えた。けれども、このアリを前にして逃げようなんて思えなかった。なにせ、キリギリスはなにをするにも上手くいったことはない。', '\u3000キリギリスも想像してぶるりと震えた。けれども、このアリを前にして逃げようなんて思えなかった。なにせ、キリギリスはなにをするにも上手くいったことはない。', '\u3000ごろりと小石に戻ったアリに、キリギリスはひまわりの茎に寄り添うと背中に向かっておやすみなさいと呟いた。', '\u3000次の朝からキリギリスの生活は不思議なものになっていった。', '\u3000今までずっとバイオリンの練習をしていたけれど、それも必要ではなくなってしまったはずだ。けれども、キリギリスは変わらずひまわりの根元で弓を握った。不器用なこいつは、練習をやめる気にはなれなかったのである。', '\u3000キリギリスが相変わらずのひどい音を出しても、意外なことにしかめ面でそこから動かなかった。', '\u3000キリギリスが逃げないように見張るつもりなのと、飢え死にさせないようにすると言ったのは本当らしい。アリは寝たりゴロゴロしたりする合間に、ふらりとどこかに行っては食べるものを持ち帰ってきていた。', '\u3000さっき捕まえたチョウの羽をバリバリ食べながら、アリはキリギリスにも一枚よこす。', '\u3000ニヤリと悪い顔で笑うアリに、キリギリスは困ったように眉を下げて、居心地悪そうにひまわりの根元に座り直すしかできない。', '\u3000紅葉やどんぐりがたくさん地面を覆う季節はせっかちで、キリギリスが木の葉の隙間を渡り歩けば、ちらりちらりと雪が降る。', '\u3000アリはこのところ、何日か空けてキリギリスに食べ物を持ってきていた。さすがのあいつでも、この季節ともなれば食料を見つけるのに苦労するのだろう。', '\u3000下手くそなバイオリンを聞きながら、馬鹿だ阿呆だと憎まれ口も叩くけれど、なんだかんだとキリギリスに付き合い続けている。', '\u3000キリギリスは前みたいに腹が空きすぎて夜に起きることもない。だからキリギリスはあのアリに感謝していた。', '\u3000キリギリスは前みたいに腹が空きすぎて夜に起きることもない。だからキリギリスはあのアリに感謝していた。', '\u3000かじかむ指で弓を握って、キリギリスは白い息を吐いた。', '\u3000そういえば、あいつが最後に来たのはいつだったか。キリギリスもそう思ったらしく、ふと、手を止めて考える。今回はいつもよりも日が経っているような気がして、めずらしく、キリギリスの腹がぐうと鳴った。', '\u3000そういえば、あいつが最後に来たのはいつだったか。キリギリスもそう思ったらしく、ふと、手を止めて考える。今回はいつもよりも日が経っているような気がして、めずらしく、キリギリスの腹がぐうと鳴った。', '\u3000なにかあったのかもしれない、とキリギリスはハッとする。強いとは言ってもあいつはただのアリ。アリにだって天敵はいるし、命を落とすことはある。そんなのはよくある話だ。', '\u3000寒くて寒くて、体が動かなくなって。目も霞んで、声も出なくなって。バイオリンを抱えたまま、キリギリスはもう枯れてなくなったひまわりの咲いていた場所で雪に埋もれていた。間抜けなこいつは、ずっとずっとここにいる。', '\u3000キリギリスの頭の中にいよいよモヤがかかって、真っ白になるとき。あの低い声が聞こえた。', '\u3000キリギリスの目はもう開かなくて、あいつが今、どんな顔をしているのかもわからない。', '\u3000いつもいつもひとりぼっちだった、間抜けなキリギリス。', '\u3000大丈夫なら、いいんだ。そう言って、キリギリスはふんわり笑みを浮かべた。', '\u3000ああ、なんて間抜けなんだろう。嘆く間もなく、ぐいと強い強い力が首のあたりにかけられて、ああ、そうかとキリギリスは思った。', '\u3000この身がアリの糧となるなら、それも悪くないじゃないか。もう痛みも感じないだろう。そう思ってから、ふうと息を吐き出して、キリギリスはあっさりと意識を手放した。', '\u3000ああ、お手柄だ。あんなに丸々としたキリギリス、よく持ってこれたな。今までなんで本気を出さなかったんだよ。', '\u3000キリギリスが気づくと、そこはあたたかな寝床である。', '\u3000ぼんやりしていた頭がはっきりしたとき、あの低い声が聞こえてキリギリスは目を落としそうなほどまん丸にした。', '\u3000せっかく意識もなくて死ぬところだったから、痛みもないはずだったのに。キリギリスはパチパチとまたたいた。', '\u3000キリギリスの横には、きちんとバイオリンが置かれている。', '\u3000それがまたずいぶんと艶やかで、キリギリスが見た中でいっとううつくしかった。こんなバイオリンを見たのは、こいつのじいさんが弾いていたとき以来だ。', '\u3000それにキリギリスが逆らえるわけがない。目でバイオリンを示されて、キリギリスはしかたなく顎で挟み、弓を構えた。', '\u3000それにキリギリスが逆らえるわけがない。目でバイオリンを示されて、キリギリスはしかたなく顎で挟み、弓を構えた。', '\u3000思わずキリギリスは手を止めてバイオリンを見つめた。', '\u3000アリは、抜かりなく全部整えていた。このキリギリスが冬を越せる場所も、そのお膳立ても。', '\u3000ぎゅっとバイオリンを抱きしめたキリギリスに、アリはカチリと顎を鳴らして視線を外した。', '\u3000不機嫌にそう言うのに、こんなときに限ってキリギリスはくすくす笑いだしている。', '\u3000キリギリスは、それに微笑んだ。', '\u3000フン、と鼻を鳴らしてアリはごろりと寝転んだ。眉は寄ったままだけど、怒っていないんだってキリギリスでさえわかっている。', '\u3000食えよ、とぶっきらぼうに言って並べてあった食べ物を投げたので、キリギリスはありがとうと両手で受け取った。', '\u3000キリギリスは今から楽しみでしかたがないらしい。のんきに笑みを浮かべるのに、アリはもう悪態吐くこともしないでごろりと寝返った。そこに、子守唄みたいなやわらかな旋律が響き始める。']",,,,,,,,,,,,,,,,,,,,,,,,,,,,,,,,,,,,,,,,,,,,,,,,,,,,,,,,,,,,,,,,,,,,,,,,,,,,,,,,,,,,,
N9268EMline_info_k,,,,,,,,,,,,,,,,,,,,,,,,,,,,,,,,,,,,,,,,,,,,,,,,,,,,,,,,,,,,,,,,,,,,,,,,,,,,,,,,,,,,,,,,,,,,,,,,,,,,['\u3000しかしその基礎的なミスに気づきポンコツ先入観が取り払われ、身バレをしてぜひお妃に、という話になれば大変です。なにしろこの国の王子、顔はイケメンなのですが、かぞえ天狗なみの数マニアなのです。シンデレラはひそかに「かぞえプリンス」と呼んでいました。\n'],,,['\u3000大通りに野太いV8の大排気量サウンドが鳴り響き、魔女はサムズアップしながらシンデレラに呼びかけました。\n'],,,,,,
N7675EAline_info_k,,,,,,,,,"['カタキチカタキチ。いまどき珍しい人力の機械を若い男の人が押しています。その人が通った後にはうねうねとくねった苗の列が続いているのでした。指示を出しているのは初老の男性です。お父さんかなお義父さんかな。\n', 'カタキチカタキチ。いまどき珍しい人力の機械を若い男の人が押しています。その人が通った後にはうねうねとくねった苗の列が続いているのでした。指示を出しているのは初老の男性です。お父さんかなお義父さんかな。\n', 'カタキチカタキチ。ふたたび車輪が回り始めました。\n', 'カタキチカタキチ。ふたたび車輪が回り始めました。\n']",,,,,"['音符たちはあちこちにぶつかって、カランポロンと音を奏でていきます。\n', 'ケラケラケラ、カランポロンカラン♪\n']",,['ゆかこさんはそう言って、ぴゅーと伸びてきているしなやかな｜徒長枝《とちょうえだ》を切って来ました。そうして社務所のひんやりしている石の上に座って、ガサゴソと帽子を編み始めました。\n'],,,,,,,,,,,,,,,,,,,['クククククッ、コロンコロンポンッ♬\n'],,,,,,,,,,,,,,,,['ゆかこさんがその子の側の窓をつつくと、スクリーンのように家族の夏休みの思い出が映し出されました。\n'],,,,,['町に降りた馬は、カタッカタッカタッと軽快な音を響かせて路地を駆けていきます。一軒の家の前で馬とゆかこさんは止まりました。\n'],,,,,,,,,,,,,['「やあねぇ、ドングリたちもやって来たわ。」\n'],,,,,,,,,,,['バタンバタンとドアを閉める音がして\n'],,,,,,,,,,,,,,,,,"['ゆかこさんはホタル草を採って来て、器用に丸いボンボリを編んでいきました。\n', '蛍も喜んで、フワッとボンボリの中へ入って行きましたよ。\n', 'ゆかこさんがそれを手に持つと明るい｜提灯《ちょうちん》のようにボンボリが光り始めました。\n', 'ゆかこさんはホタル草のボンボリをそっと放り投げて結んでいた紐を解きました。\n']",,,,,,,,,,,,
N1423EMline_info_k,,,,,,,,,,,,,,,,,,,,,,,,,,,,,,,,,,,,,,,"['\u3000しかしりんごジャム、りんごパイ、りんごのコンポート、りんごのパウンドケーキなどなど並ぶテーブルを見て彼女は固まった。', '「じゃあ、私はコンポートを食べてみるから、貴方はパウンドケーキを食べてみて」', '\u3000しかし、カタリーナの様子など気にすることなく、白雪姫はコンポートをひょいと食べた。']",,,,,,,,,,,,,,,,,,,,,,,,,,,,,,,,,,,,,,,,,,,,,,,,,,,,,,,,,,,,,,,,,,,,,,
N6533EQline_info_k,,,,,,,,,,,,,,,,,,,,,,,,,,,,,,,,,,,,,['\u3000出版社に作品を持ち込んでは突き返され、コンクールの最終選考に残ったことはあっても、夢はいつも、はかなく打ち砕かれていた。'],,,,,,,,,,,,,,,,,,,,,,,,,,,,,,,,,,,,,,,,,,,,,,,,,,,,,,,,,,,,,,,,,,,,,,,,
N3369EQline_info_k,,,,,,,,,,,,,,,,,,,,,,,,,,,,,,,,,,,,,,['\u3000不思議そうな顔をする侍女にはそれ以上の説明をせず、ぽたりぽたりと血は垂れる。それは白い雪へと染み込み、赤と白のコントロラストは鮮やかなものだった。'],,,,,,,,,,,,,,,,,,,,,,,,,,,,,,,,,,,,,,,,,,,,,,,,,,,,,,,,,,,,,,,,,,,,,,,
N0564EKline_info_k,,,,,,,,,,,,,,,,,,,,,,,,,,,,,,,,,,,,,,,,,,,,,,,,,,,,,,['\u3000ミカは左胸を押さえて、スーハーと深呼吸。\n'],,,,,,,,,,,,,,,,,['「ヤサシイ、ニンゲン、イタ。ソレダケデ、トッテモウレシイ。シリトリ、タノシカタ。――――タダシニ、ミンナニ、ツタエテ。アリガトウ」\n'],['「――――タノシカッタ」\n'],,,,,,,,,,,,,,,,,['\u3000そんな微笑ましい会話をテレビの音声がつんざいた。警戒せざるを得ないような鋭い音が、テレビのスピーカーを震わせた。それは緊急速報を知らせるアラート音だった。\n'],,,,,,,,,,,,,,,,,,,,
N0671EFline_info_k,,,,,,,,,,,,,,,,,,,,,,,,,,,,['クレアはキーボードを叩きながら、首を傾げた。\n'],,,,,,,,['ヴェルデが、誰にともなく言った時だ。風切り音とともに、私の頬を鋭い射線が｜掠《かす》め、コンクリートの壁に穴が開いた。\n'],,,,,,,,['ダド・フレンジーは、現場で待っていた。降り続く雨が、野次馬で取り巻く紳士淑女を濡らしている。シャンパンゴールドのシボレー・カマロは、浜に打ち上げられたシャチのようにロビーでごろ寝していた。遺体はそこから、運び出されたらしい。運転席のシートに花が咲いたみたいな血痕があったのが、外からでも確認出来た。\n'],,,,,['「『タフじゃなければ、生きていくことなんて出来はしない。優しくなければ、生きている資格がない』。…ジンクスを守るのは、私だけで十分だ」\n'],,,"['「なぜだ…この十五年、凄腕の殺し屋やってるのにちっとももてた試しがない。スクワーロウ、おれの何が間違っていたんだ？」\n', '「スクワーロウさん、今回は嵐に救われましたね」\n', '「スクワーロウさん早くっ、取り押さえて下さいっ！」\n', '「どういうことだ！？勝負しない気か、スクワーロウ！」\n', '「スクワーロウさん…」\n', '「相変わらずだな、スクワーロウ。まだその頬袋、使ってるんだな」\n', '「行くぜスクワーロウ！」\n', '「大丈夫ですか、スクワーロウさん」\n', '「いえ、その…気になったんです。いつもと違うので。スクワーロウさん、なんて言うか、いつもよりハードボイルドだから…」\n', '「スクワーロウ、お前…死ぬ気か？」\n', '「スクワーロウ、お前…始末するってそれは…？」\n', '『とっくに閉めました。スクワーロウさん、今どこにいるんですか！？』\n', '「スクワーロウさんの分も買ってきてありますよ」\n', '「絶対に逮捕しましょう、スクワーロウさん。わたしも協力します。フレンジーさんには、話をつけてあります」\n', '「スクワーロウさん…相手は殺し屋なんですよ？それじゃ死んじゃいます」\n', '「その人、スクワーロウさんに何をしたんですか？」\n', '「スクワーロウさん」\n', '「行ってらっしゃい、スクワーロウさん。わたしもすぐに駆けつけます。ダド警部たちを連れて！」\n']",,,,,,,,,,,,,,['トロピカーナで唯一やっているナッツの屋台を見つけ、私は｜炒《い》り立てを買った。頬袋の弾丸を吐き出すと、私はさくさくのナッツを噛み砕きながら考える。さてと、奴を｜炙《あぶ》り出すのに渡るのはもう一回、危ない橋だ。\n'],,,,,,,,,,,"['だからこの街で私は、ハードボイルドがやめられないのだ。\n', '私は、前に一歩、踏み出した。ワイリーはサブマシンガンに手をやった。あいつを乱射させはしない。私は銃を棄ててみせた。ここで退いてはハードボイルドが廃る。\n', '「違う、お前は間違っている。私はお前に何度も説得を試みたはずだ。ハードボイルドが、してはいけない一線をお前は、越えてしまった。なりふり構わないその度を越したやり方が、お前自身を破滅に追い込んだ。あれは、必然だったんだ」\n', 'クレアが心配そうに、私を見守る。ただのアーモンドでは、人を殺す『弾丸』には勝てない。そんなことは分かっている。だがそこを通すのがハードボイルドだ。\n', '「あれが私が、どうしても奴を許すことの出来なかった理由だ。ハードボイルドが、もっともやってはいけないことだ」\n', '「いえ、その…気になったんです。いつもと違うので。スクワーロウさん、なんて言うか、いつもよりハードボイルドだから…」\n', '「私はいつも、ハードボイルドだ」\n', '「そうなんです。そうなんですけど、なんて言うか今日は、いつもと、ハードボイルドが違うって言うか…」\n', '「私はいつでもハードボイルドだ」\n', '「だから自分、それハードボイルド違いやで？」\n', '［＃中見出し］PHASE.2 ハードボイルドな戸惑い［＃中見出し終わり］\n', '「それがハードボイルドだからだ」\n', '決まった。これ以上ないくらいのハードボイルドだった。\n', '「奴がやったのは私たち、ハードボイルドが絶対やってはいけないことだ」\n', '「私にしたわけじゃない。あの男は、ハードボイルドを｜冒涜《ぼうとく》したんだ。これは私がハードボイルド・リスである限り、許せないことなんだ」\n', '「私にしたわけじゃない。あの男は、ハードボイルドを｜冒涜《ぼうとく》したんだ。これは私がハードボイルド・リスである限り、許せないことなんだ」\n', '薄汚れた、あの金の『弾丸』を今でもあいつが使っている限り。私がこのリス・ベガスでハードボイルドとして生きる限り。\n', '「お前が｜服役《おつとめ》行ったら、誰がこの街を守るんや。殺したらあかん。その男がかつて、あんたにどんなえげつないことしでかしたとしてもや。なあ、それがほんまもんのハードボイルドってものやないか」\n']",,,,,,,,,,,,,,,,,,,,,,,,,,,,,,,,
