,イチャイチャ,イライラ,ウキウキ,ウトウト,ウロウロ,ウンウン,オイオイ,オロオロ,カサカサ,カタカタ,カチカチ,カチャカチャ,カラカラ,カリカリ,カンカン,カーカー,ガクガク,ガサガサ,ガタガタ,ガチガチ,ガチャガチャ,ガツガツ,ガバガバ,ガラガラ,ガリガリ,ガンガン,キビキビ,キョトキョト,キョロキョロ,キラキラ,キリキリ,キンキン,ギザギザ,ギチギチ,ギャーギャー,ギリギリ,クスクス,クチャクチャ,クラクラ,クリクリ,クルクル,クンクン,クークー,グスグス,グダグダ,グラグラ,グングン,グーグー,ケラケラ,ケロケロ,コソコソ,コトコト,コロコロ,コロンコロン,コンコン,ゴクゴク,ゴソゴソ,ゴツゴツ,ゴトゴト,ゴリゴリ,ゴロゴロ,サクサク,サラサラ,ザクザク,ザブザブ,ザワザワ,ザーザー,シクシク,シトシト,シャキシャキ,シャリシャリ,シャンシャン,シュルシュル,ジリジリ,ジロジロ,ジンジン,スタスタ,スヤスヤ,スルスル,スースー,ズキズキ,ズタズタ,ダラダラ,チカチカ,チクチク,チュンチュン,チョイチョイ,チラチラ,チリチリ,ツカツカ,ツヤツヤ,ツンツン,テクテク,デンデン,トクトク,トコトコ,トボトボ,トントン,ドキドキ,ドサドサ,ドスドス,ドロドロ,ドンドン,ニコニコ,ニタニタ,ニャーニャー,ニヤニヤ,ネチネチ,ノロノロ,ハッハッ,ハラハラ,バカバカ,バシャバシャ,バタバタ,バタンバタン,バラバラ,バリバリ,バンバン,パクパク,パサパサ,パタパタ,パチパチ,パラパラ,パリパリ,パンパン,ヒソヒソ,ヒュンヒュン,ヒョイヒョイ,ヒリヒリ,ビクビク,ビショビショ,ビュンビュン,ビュービュー,ビリビリ,ピカピカ,ピクピク,ピチピチ,ピュンピュン,ピューピュー,ピョコピョコ,ピョンピョン,ピンピン,ピーピー,フカフカ,フサフサ,フラフラ,フンフン,フーフー,ブクブク,ブツブツ,ブヨブヨ,ブラブラ,ブルブル,ブンブン,ブーブー,プチプチ,プルプル,プンプン,ヘナヘナ,ベタベタ,ベトベト,ペコペコ,ペタペタ,ペラペラ,ペロペロ,ボコボコ,ボサボサ,ボソボソ,ボタボタ,ボリボリ,ボロボロ,ボンボン,ボーボー,ポカポカ,ポキポキ,ポコポコ,ポソポソ,ポタポタ,ポツポツ,ポロポロ,ポロリポロリ,ポンポン,マジマジ,ミシミシ,ムシャムシャ,ムニャムニャ,ムラムラ,モクモク,モゴモゴ,モジモジ,ユラユラ,ヨレヨレ,ヨロヨロ,リンリン,リーンリーン,ルンルン,ワイワイ,ワクワク,ワンワン
N3369EQline_info_n_k,,,,,,,,,,,,,,,,,,,,,,,,,,,,,,,,,,,,,,,,,,,,,,,,,,,,,,,,,,,,,,,,['\u3000相変わらず声は美しく、正面から顔を見れないほどに瑞々しく美しい。しかし正反対の言葉から胸をザクザクとえぐられており、癒やしと痛みを同時に与えられてしまったのだから。'],,,,,,,,,,,,,,,,,,,,,,,,,,,,,,,,,,,,,,,,,,,,,,,,,,,,,,,,,,,,,,,,,,,,,,,,,,,,,,,,,,,,,,['\u3000そりゃあ、触りたいか触りたくないか問われれば、触りたいに決まっている。形も綺麗で、普段からまぶしいほどの色彩に見とれていたのだし……などとブツブツ呟いてしまう。'],,,,,,,,,,,,,,,,,,,,,,,,,,,,,,,,,,,,,,,,,,,,,,,,,
N5742EOline_info_n_k,,,,,,,,,,,,,,,,,,,,,,,,,,,,,,,,,,,,,,,,,,,,,,,,,,,,,,,,,,,,,,,,,,,,,,,,,,['\u3000しかし少年も負けてはいません。虎視眈々と隙を窺いながら、ジリジリと距離をつめていきます。'],,,,,,,,,,,,,,,,,,,,,,,,,,,,,,,,,,,,,,,,['\u3000鳥たちが慌ててバタバタと飛び去っていきます。'],,,,,['\u3000するとカハッと血を吐いた少年が、口をパクパクと動かし始めました。'],,,,,,['\u3000魔女はゆっくりと立ち上がると、パンパンと服をはたきます。'],,,,,,,,,,,,,,,,,,,,,,,,,,,,,,,,,,,,,,,,,,,,,,,,,,,,,,,,,,,['\u3000大木は一瞬にして真っ二つ。ミシミシミシと音を立てながら倒れてしまいます。'],,,,,,,,,,,,,,,
N7443EKline_info_n_k,,,,,,,,,,,,,,,,,,,,,,,,,,,,,,,,,,,,,,,,,,,,,,,,,,,,,,,,,,,,,,,,,,,,,,,,,,,,,,,,,,,,,,,,,,,,,,,,,,,['\u3000早速、王子の前で姉二人は件の靴を履いてみせようとしますが、サイズが合いません。それでも無理矢理に足を合わせようとして頑張ります。それはこれまで訪問したどの家でも繰り広げられてきた光景で、ガラスの靴が壊れてしまわないか従者はハラハラドキドキしますが、魔法でできた靴なのでそこは頑丈でした。'],,,,,,,,,,,,['\u3000早速、王子の前で姉二人は件の靴を履いてみせようとしますが、サイズが合いません。それでも無理矢理に足を合わせようとして頑張ります。それはこれまで訪問したどの家でも繰り広げられてきた光景で、ガラスの靴が壊れてしまわないか従者はハラハラドキドキしますが、魔法でできた靴なのでそこは頑丈でした。'],,,,,['\u3000三者三様、とにかく目についた箇所を拭いたり掃いたりどかしたりとバラバラに動いていて、かえって物が散らかっていくという有り様です。'],,,,,,,,,,,,,,,,,,,,,,,,,,,,,,,,,,,,,,,,,,,,,,,,,,,,,,,,,,,,,,,,,,,,,,,,,,,,,,,,,,,
N9100ENline_info_n_k,,,,,,,,,,,,,,,,,,,,,,,,,,,,,,,,,,,,,,,,,,,,,,,,,,,,,,,,,,,,,,,,,,,,,,,,,,,,,,,,,,,,,,,,,,,,,,,,,,,,,,,,,,,,,,,,,,,,,,,,,,,,,,,,,,,,,,,,,,,,,,,,,,,,,,,,,,,,,,,,,,,,,,,,,,,['\u3000お前らっ……地獄へ堕ちろっ……！」ボロボロ'],,,,,,,,,,,,,,,,,,,,,,,,,,,,
N1585EPline_info_n_k,,,,,,,,,,,,,,,,,,,,,,,,,,,,,,,,,,,,,,,,,,,,,,,,,,,,,,,,,,,,,,,,,,,,,,,,,,,,,,,,,,,,,,,,,,,,,,,,,,,,,,,,,,,,,,,,,,,,,,,,,,,,,,,,,,,,,,,,,,,,,,,,,,,,,,,,,,,,,,,,,,,,,,,,,,,['\u3000乾はボロボロにされてしまいました。'],,,,,,,,,,,,,,,,,,,,,,,,,,,,
N0698EJline_info_n_k,,,['\u3000さあ、白雪姫はもういません。王妃様はウキウキと鏡に言いました。'],,,,,,,,,,,,,,,,,,,,,,,,,,,,,,,,,,,,,,,,,,,,,,,,,,,,"['\u3000コンコン。', '\u3000コンコン。', '\u3000コンコン。']",,,,,,,,,,,,,,,,,,,,,,,,,,,,,,,,,,,,,,,,,,,,['\u3000ドキドキしながら、オーブンを開けます。'],,,,,,,,,,,,,,,,,,,,,,,,['\u3000見た目でりんごと分かると白雪姫は食べられないようです。分からない料理にしなくてはいけません。王妃様は本をパラパラとめくって探しました。'],,,,,,,,,,,,,,,,,,,,,,,,,,,,,,,,,,,,,,,,,,,,,,,,,,,,,,,,,,,,,,,,,,,,,,,,,,,,
N5842EDline_info_n_k,,,,,,,,,,,,,,,,,,,,,,,,,,,,,,,,,,,,,,,,,,,,,,,,,,,,,,,,,,,,,,,,,,,,,,,,,,,,,,,,,,,,,,,,,,,,,,,,,,,,,,,,,,,,,,,,,,,,,,,,,,,,,,,,,,,,,,,,,,,"['\u3000風はピューピュー唸ります。\n', '\u3000風もピューピュー答えます。\n']",,,,,,,,,,,,,,,,,,,,,,,,['\u3000パシは水槽の壁をペタペタと這い登り、揺れるカーテンの隙間から外へ飛び出しました。\n'],,,,,,,,,,,,,,,,,,,,,,,,,,,,,,,,,,,,
N4085ELline_info_n_k,,,,,,,,,"['\u3000指先がカサカサにかわいていた。人さし指、中指、親指の一部が、古い紙のようにカサカサになっている。そして、砂がついているのかと思って指先をこすり合わせると、指がサラサラと砂のようにくずれた。三つの指の、第一関節部分が削れてしまった。まったく痛みはない。\n', '\u3000指先がカサカサにかわいていた。人さし指、中指、親指の一部が、古い紙のようにカサカサになっている。そして、砂がついているのかと思って指先をこすり合わせると、指がサラサラと砂のようにくずれた。三つの指の、第一関節部分が削れてしまった。まったく痛みはない。\n']",,,,['\u3000私は、スライムさんがすっかり乾いてカラカラになってしまったことのことを思い出していた。\n'],,,,,,['\u3000ガタガタする地面の上でも、硬い椅子に座っておしりが痛くても、そんなの小さいことに思えた。\n'],,,,,,,,['\u3000スライムさんは頭の上にビンをのせて、キビキビと歩いてきた。\n'],,['\u3000前の道でキョロキョロしている。\n'],"['\u3000雨水が残っている木々が太陽の光でキラキラ光っていた。\n', '\u3000透明で、見ていると、表面がキラキラと光っていた。じっと見ると、表面のキラキラはゆっくり動いているように見えた。\n', '\u3000透明で、見ていると、表面がキラキラと光っていた。じっと見ると、表面のキラキラはゆっくり動いているように見えた。\n', '\u3000スライムさんがカウンターの上に石を置いた。キラキラ光る石だった。ただ光っているのではなく、虹が動いているかのような、いろいろな光り方をしていた。\n', '\u3000男の人の剣は、スライムさんの石のように、キラキラと光っていた。でもこちらは単調な光り方だった。\n']",,,,,,,,,,,,,,,,,,,,,,,,,,,['\u3000スライムさんはぴょん、とカウンターからおりると、私から見えないところで、ゴソゴソという音だけが聞こえてくる。\n'],,,,,,['\u3000指先がカサカサにかわいていた。人さし指、中指、親指の一部が、古い紙のようにカサカサになっている。そして、砂がついているのかと思って指先をこすり合わせると、指がサラサラと砂のようにくずれた。三つの指の、第一関節部分が削れてしまった。まったく痛みはない。\n'],,,,,,,,,,,,,,,,,,,,,,,,,,,,,,,,,,,,,,,,,,,,,,,,,,,"['\u3000スライムさんが、上の方だけでバタバタしていたら、ぐらっ、と。\n', '\u3000スライムさんはバタバタ動いた。\n', '\u3000スライムさんはよっぽどあわてているのか、いつも以上によくわからないことを言いながらバタバタ動いていた。行ったり来たりしているだけで、特になにをしているというわけでもなさそうだ。\n']",,,,,['\u3000スライムさんの言葉に、鏡の中人は、パクパクと口を動かす。\n'],,,,,,,,,,,,,,,,,,,,,,,,,,,['\u3000スライムさんはフラフラしていた。\n'],,,['\u3000しばらく、それ、は水の中でゆらゆらしながら、ブクブクと泡を出していたけれど、だんだんふくらんできた。一度ふくらみ始めるとすぐ大きくなっていく。\n'],,,,['\u3000スライムさんは、どこか遠くを見ながら体をブルブル震えさせていた。\n'],,,,,,,,,,,"['\u3000薄くて、ペラペラしていて、軽い。テーブルクロスよりはちょっと小さいか。青っぽい、透き通った色をしていた。まんなかあたりに、目のようなものと、口のようなものがある。\n', '\u3000指先がくずれてしまったのは、乾燥が原因ではないか、と考えた。そうすると、ペラペラになってしまったものは、本物のスライムさんなのではないかという気がしてきたのだ。\n']",,,,,,,,,,,,,,['\u3000カウンターの裏、柱スライムさんが最初いたあたりに、水がポタポタ落ちてきていた。\n'],,,,,,,,,,,,,,,,,,,,,
N3616EIline_info_n_k,,,,,,,,,,,,,,,,,,,,,,,,,,,,,,,,,,,,,,,,,,,,,,,,,,,,,,,,,,,,,,,,,,,,,,,,,,,,,,,,,,,,,,,,,,,,['ママに帰ろうの意味を込めてスカートをツンツン引っ張る、ななちゃん'],,,,,,,,,,,,,,,,,,,,,,,,,,,,,,,,,,,,,,,,,,,,,,,,,,,,,,,,,,,,,,,,,,,,,,,,,,,,,,,,,,,,,,,,,,,,,,,,,,,,,,,,,,,
N6002EKline_info_n_k,,,,,,['一回ペンにキャップをかぶせてじっくり眺め、ウンウンとうなずく子猫。それからふと思いついて、もう一度キャップを取る。'],,,,,,,,['「エサは簡単。カリカリで文句言いません」'],,,,,,,,,,,,,,,,,,,,,,,,,,,,,,,,,,,,,,,,,,,,,,,,,,,,,,,,,,,,,,,,,,,,,,,,,,,,,,,,,,,,,['「かわいいしぐさにちょっとワクワク。無垢な瞳にあなたドキドキ」'],,,,,,,,,,,,,,,,,,,,,,,,,,,,,,,,,,,,,,,,,,,,,,,,,,,,,,,,,,,,,,,,,,,,,,,,,,,,,,,,,,,,,,,,,,,,,,,,,,,['「かわいいしぐさにちょっとワクワク。無垢な瞳にあなたドキドキ」'],
N1118ETline_info_n_k,,,,,,,,,,,,,,,,,,,,,,,['「ｋｓ運営メンテばっかしてやがるのにガバガバなんだよなぁ」'],,,,,,,,,,,,,,,,,,,,,,,,,,,,,,,,,,,,,,,,,,,,,,,,,,,,,,,,,,,,,,,,,,,,,,,,,,,,,,,,,,,,,,,,,,,,,,,,,,,,,,,,,,,,,,,,,,,,,,,,,,,,,,,,,,,,,,,,,,,,,,,,,,,,,,,,,,,,,,,,,,,,,,,,,,,,,,['「みんなとワイワイやってたときはたのしかったなぁ」'],,
N2123EWline_info_n_k,,,,,,,,,,,,,,,,,,,,,,,,,,,,,,,,,,,,['待ち合わせギリギリだ。さっきの瞬間移動で肋骨が折れてしまったが、問題ないだろう。\n'],,,,,,,,,,,,,,,,,,,,,,,,,,,,,,,,,,,,,,,,,,,,,,,,,,,,,,,,,,"['［＃中見出し］デデンデンデデン(伏線です)［＃中見出し終わり］\n', 'デデンデンデデン\n', 'デデンデンデデン\n']",,,,,,,,,,"['番茶はすっかり機嫌が直ったのか、ニコニコしながら話を続ける\n', '番ちゃんが涙ぐましく頑張って、人を集める姿を見つめながら、先ほどから見ていたニコニコ生放送が急に重くなりエラーが出てしまい、不機嫌に空を仰いだ。\n']",,,,,,,,,,,,,,,,,,,,,,,,,,,,,,,,,,,,,,,,,,,,,,,,,,,,,,,,,,,,,,,,,,,,,,,,,,,,,,,,,,,,,,,,,,,,,,,
N4640CQline_info_n_k,,,,,,,,,,,,,,,,,,,,,,,,,,,,,,"['キラキラした目でメインの肉料理のお皿を眺めて、ゆっくりとナイフをはしらせ、薄く削がれた肉を小さな口へと何度も運びます。', '並べられた料理を見た娘の目は、昼の日差しのようにキラキラと輝きだしました。', 'あのキラキラした瞳を見間違えるはずがありません。', 'キラキラ輝く髪は、まるで星の光をあつめたようです。']",,,,,,,,,,,,,,,,,,,,,,,,,,,,,,,,,,,,,,,,['そして幸せそうに、シャキシャキと野菜を噛みしめていました。'],,,,,,,,,,,,,,,,,,,,,,,,,,,,,,,,,,,,,,,,,,,,,,,,,,,,,,,,,,,,,,,,,,,,,,,,,,,,,,,,,,,,,,,,,,,,,,,,,,,,,,,,,,,,['少女の手のひらには、ポタポタとなおも小さなしずくがこぼれ落ちています。'],,,,,,,,,,,,,,,,,,,,,
N9349ENline_info_n_k,,,,,,,,,,,,[' \u3000すると、窓の辺りでカチャカチャとなにやら硬いものを吸いこむ音がした。なにか大事なものを吸いこまれていたら大変だ。'],,,,,,,,,,,,,,,,,,,,,,,,,,,,,,,,,,,,,,,,,,,,['\u3000庭で洗濯物を取りこんでいるお母さんの背中をぼんやり眺めながら、クッキーをサクサク食べる。かみくだく前にホットミルクを口にふくむと、あまさがほろりと広がってすごくおいしい。サクサク。ゴクゴク。パクパク。'],,,,,,"['\u3000庭で洗濯物を取りこんでいるお母さんの背中をぼんやり眺めながら、クッキーをサクサク食べる。かみくだく前にホットミルクを口にふくむと、あまさがほろりと広がってすごくおいしい。サクサク。ゴクゴク。パクパク。', '\u3000庭で洗濯物を取りこんでいるお母さんの背中をぼんやり眺めながら、クッキーをサクサク食べる。かみくだく前にホットミルクを口にふくむと、あまさがほろりと広がってすごくおいしい。サクサク。ゴクゴク。パクパク。']",,,,,,,,,,,,,,,,,,['\u3000おなべがボコボコいって、お母さんはぼくから離れてコンロの火を止めた。さっきまでお母さんとくっついていたところがスースーする。'],,,,,,,,,,,,,,,,,,['\u3000ぼくは返事をしないで先に部屋に向かった。二号と三号を立たせ、三人で並んでお母さんが来るのを待った。すぐにトントンとノックされてドアが開いた。'],['\u3000ぼくがどんなにドキドキしているか知りもしないで、お母さんはドラムロールの口真似をして、ぼくらの背後を行ったり来たりしている。ぼくはギュッと目をつむった。'],,,,,,,,,,,,,,,,,,,,['\u3000庭で洗濯物を取りこんでいるお母さんの背中をぼんやり眺めながら、クッキーをサクサク食べる。かみくだく前にホットミルクを口にふくむと、あまさがほろりと広がってすごくおいしい。サクサク。ゴクゴク。パクパク。'],,,['\u3000ぼくら三人を見たお母さんは、両手で口元をおおって、目をパチパチさせている。'],,,,,,,,,,,,,['\u3000三号はといえば、マンガやおもちゃ、携帯ゲームなんかをきちんとしまって、いつの間に持ってきたのか掃除機までかけ始めた。部屋がピカピカになっていく。'],,,,,,,,,,,,,,,,,,,,,,,,,,,,,,,['\u3000おなべがボコボコいって、お母さんはぼくから離れてコンロの火を止めた。さっきまでお母さんとくっついていたところがスースーする。'],,,,,,,,,,,['\u3000でも、なんだろう。クッキーよりおいしいはずのドーナツはなんだかポソポソしていて味がしなかった。'],,,,,,,,,,,,,,,,,,,,,,
N5051EVline_info_n_k,,,,,,,,,,,,,,,,,,,,,,,,,,,,,,,,,,,,,,,,,,,,['母さんギツネが\u3000やさしく涙を拭いてやると\u3000子ギツネはグスグスと泣き始めます'],,,,,,,,,,,,,,,,,,,,,,,,,,,,,,,,,,,,,,,,,,,,,,,,,,,,,,,,,,,,,,,,,,,,,,,,,,,,,,,,,,,,,,,,,,,,,,,,,,,,,,,,,,,,,,,,,,,,,,,,,,,,,,,,,,,,,,,,,,,,,,,,,,,,,,,,,,,
N1683DYline_info_n_k,,['\u3000赤ずきん「わかったわ。私も、さっきは寝起きでイライラしていてあんな酷い事を……、本当に申し訳ないと思っているわ」\n'],,,,,"['\u3000重騎士「オイオイ嘘だろ……」\n', '\u3000重騎士「オイオイオイ弓騎士！ サンドイッチなんて腹の足しにもならないぜ！！ もっとガッツリした物食えよ！！ 肉を食え肉ッ！！」\n', '\u3000重騎士「オイオイオイ！ 聖騎士、神様に祈ってる場合じゃねえだろう！！」\n']",['そして舞台の上では沈黙が続いていました。少女は、床に突っ伏したまま膠着し、ティラ乃は、オロオロした様子で狼狽えています。\n'],,,,,,,,['\u3000狩人「さぁて。警備が向こうに気を取られている間に、ちゃっちゃと赤ずきんちゃんを助け出しますかね！ 騒ぎがあったなら、しばらくすれば警備も厳重になるだろうからな。多少強引にでも中を探索するか。最悪見つかっても、昨夜の奴さえ現れなきゃ、残りはあのへっぽこ騎士団の連中だけだ。適当に剣を振り回しとけば、鴉みたいにカーカー鳴きながらケツ巻いて逃げて行くだろうよ！」\n'],,,,,,,,['\u3000屋上が激しい爆発によりガラガラと崩れていき、まっすぐ真下へと降り注いでいきます。そこには白雪姫、グレーテル、魔女、そして助けに行った赤ずきんが居るはずです。\n'],,,,,['\u3000赤ずきんは、周囲をキョロキョロ見渡しますが、声をかけてくるような人物はどこにも見当たりません。\n'],['\u3000時刻はとうに日が沈んだ後。夜空に浮かぶ月がキラキラと輝いているのが見えます。\n'],,,,,,"['赤ずきん「と〜〜ちゃくっ！！ ねえ、ギリギリセーフかしら？ ギリギリセーフかしら？」\n', '赤ずきん「と〜〜ちゃくっ！！ ねえ、ギリギリセーフかしら？ ギリギリセーフかしら？」\n', '\u3000ギリギリギリ…………！\n']",['\u3000少年は、頭を抱えて悶絶状態。赤ずきんは、そんな彼を見てクスクスと笑みを浮かべます。\n'],,,,,,['\u3000クークーと寝息を立て、慣れないベッドで心地良く眠る赤ずきんは、肝が座っているというより無警戒さを感じさせます。\n'],,,,,,['\u3000その様子を見た魔女は、突然ケラケラと笑い出しました。\n'],,['\u3000……そして、そんな彼女がいる部屋に、コソコソと侵入する人物がいました。\n'],,,,"['\u3000しばらくして、赤ずきんがいる客室の扉がコンコンと叩かれる。\n', '\u3000そうして話し合っていると、3人はとある一軒家の前に到着します。赤ずきんはその家の扉をコンコンとノックすると、中から二足歩行のオオカミさんが出て来ました。\n']",,,,"['\u3000……しかし、その瞬間ゴトゴトっと、何か物音のようなものがお后達に聞こえてきました。\n', '\u3000空がすっかり真っ赤に染まった時間に、赤ずきんはゴトゴトと何かに揺られながら、ふと目を覚まします。\n']",,['\u3000その興奮も冷め切れぬまま、少女は枕を抱いた状態で、ベッドの上をゴロゴロと転がり、衝動の赴くままに気持ちを発散しました。\n'],,['\u3000それは、先端が鋭利な針で出来ている注射針でした。注射針の筒の中には、サラサラの紫色の液体が詰まっていて、見るからに人に害がありそうな色をしています。\n'],,,"['\u3000ケルベロスは鼻を鳴らします。それは元の豚の姿とは違い、巨大な怪物が行なった分、勇ましさも格段に上がっていました。ただの鼻息で強風が吹き抜け、森の木々がザワザワとざわめき出します。\n', '\u3000ザワザワと観客席からざわめきが起こります。\n']",,,,,['しかしシンデレラは事も無げに、カゴに詰まった木の実をシャリシャリと囓りながら妖精を見つめています。\n'],,,"['\u3000そうやって皆が話している間にも、狩人は赤ずきんにジリジリと近づいていきます。\n', '\u3000その後、ジリジリと導火線が火花を散らし、次の瞬間大きな破裂音と共に、筒からカラフルな煙が空へと放たれました。\n']",,,,"['\u3000しかし、赤ずきんは目覚めません。白雪姫がどれだけ声を掛けても揺さぶっても、少女はスヤスヤと眠りについています。\n', '\u3000ジュウガミ「むぅ！？ これは一体なんだ…………zzz」スヤスヤ\n', '\u3000赤ずきん「うわぁぁ………………zzz」スヤスヤ\n', '\u3000赤ずきんも同じ技を受けて、スヤスヤと眠りについてしまいます。\n']",,,,,['\u3000……いや、『真面目』というより『緊張』していました。少女は酷く蒼白した顔色で汗をダラダラかいています。\n'],,,,['\u3000赤ずきん「要は少年に裸を見られなきゃ良いんでしょう？ チョイチョイ少年、こっち来て」\n'],,,"['\u30002人は階段を上がり、二階の通路をツカツカと歩いて行きます。\n', '\u3000少年は脇目も振らず部屋の出入り口に向かってツカツカと進みます。\n']",,,,,,,,['\u3000そう言って、赤ずきんがフライパンにウサギの肉を乗っけてジュウジュウ焼いている一方で、白雪姫は包丁を使って食材をトントンと小気味良く切り分けていました。\n'],,,['\u3000瞬間、ケルベロスの3つの首が断たれ、ドスドスドスっと鈍い音を立てて地面に落下しました。\n'],['\u3000白雪姫『違いますよ。赤ずきんさんの溶岩浴は、読んで字の通り≪ドロドロの溶岩の中に浸かるお風呂≫のことです』\n'],,"['\u3000白雪姫「何も言っていません。何も言いかけていませんし、一言も喋ってはいませんし、口を開いてすらいません。お兄様の勘違いではないでしょうか？（ニコニコッ）」\n', '\u3000赤ずきんと同じ浴槽に浸かる白雪姫も、またご満悦でした。赤ずきんに寄り添ってニコニコ微笑んでいます。\n', '\u3000かぐやは、ニコニコと笑みを浮かべながらソファーに座る三人の元へ歩み寄ります。\n']","['\u3000魔女はニタニタ笑っています。\n', '\u3000魔女は何も答えません。先程と同じニタニタとした表情で皆を眺めています。\n']",,,,['\u3000マッチ売り「馬鹿にしてんのか？ スカートが捲れないようにだか、服が燃えないようにだかしらねえが、そんなノロノロした歩みでオレ様の炎を避けきれるものか！！」\n'],"['\u3000赤ずきん「ハッハッハ！ 何を訳のわからないことを言ってるの！ ジュースっていうのは素手で握って作るものよ！」\n', '\u3000赤ずきん「ハッハッハー！ 何よヘンゼル、貴方大したことないのね！」\n', '\u3000そんな騎士達の様子を見て、団長はハッハッハ！ と笑います。\n']",,,,['\u3000と、シンデレラの声が突然遮られ、何やらバタバタと騒がしくなったかと思うと、直後馴染みの声が、赤ずきんの頭に届いてきました。\n'],,"['\u3000バラバラッ！！\n', '\u3000オオカミが大声で叫びます。赤ずきんの家はあっという間に瓦礫のようにバラバラになってしまいました。\n', '\u3000白雪姫は、この大きな熊がバラバラになるのか、と思いました。\n', '\u3000赤ずきん「自己紹介が不要なら話は早い、単刀直入に言うわ。先日、カコウタケのせいで私の家が爆発でバラバラになったんだけど、貴方何かしらないかしら？」\n']",,,,,,,,,,['\u3000一方で、魔法の手鏡が2人の少女に聞こえないようにヒソヒソとお后に耳打ちます。\n'],,['\u3000お后「ふふふ、世の権力者は長命にはご執心だぁ〜。黄金のリンゴをちらつかせれば、物欲しそうな瞳でヒョイヒョイと群がってくるだろうさ。そうなれば、私は世界を統べる太いパイプを手に入れ、より世界上位の存在になれる！ こんな貧乏臭い国のお后より、も〜っと良い暮らしを送る事だってね！！」\n'],,['シンデレラは、ビクビクと怯えた表情で、その小さな少女に尋ねます。\n'],,,,,,,,,,,,,,,['\u3000 白雪姫は、ふかふかの毛皮の中で目を覚ましました。フサフサとした暗い灰色の毛は、まるで生きているかのように暖かでした。\n'],,,,,['\u3000ジュウガミは、独り言をブツブツ呟いています。\n'],,,,,['\u3000赤ずきん「ブーブー！ 白雪姫、さっきから駄目駄目って言ってばっかりじゃない！ そんなにたくさん否定されたら私のいんすぴれーしょんが無くなっちゃうわ！」\n'],,['\u3000白雪姫が赤ずきんを押し倒します。２人のプルプルの柔肌が擦り擦られくっつき合い、それがお風呂場という狭い閉ざされた空間で織り成されるのです。\n'],['\u3000そしてその隣では、赤ずきんがプンプンと怒っています。\n'],,,,,,,['\u3000赤ずきんは得意げです。正解出来なかったヘンゼルを見つめながらキャンディーをペロペロと舐めています。\n'],,,,,['\u3000白雪姫と赤ずきんが見つめる方向、お菓子の家の屋根に立ち尽くすその人は、おもむろに瓦を拾い上げ、それをボリボリとかじり出しました。\n'],"['そんなシンデレラの格好は、灰まみれのフードを被った実に見すぼらしい姿。おそらく着替えの服もなかったのでしょう。ボロボロでヨレヨレ、少なくとも若い女子が好んで着る服ではありません。\n', '\u3000マッチ売りの少女は慌てて炎があった場所を確認すると、そこには焼き焦げてボロボロになった服を着た赤ずきんが立っていました。\n', '\u3000重騎士の鎧は、以前とは見る影もなくボロボロに壊れてしまいました。そして中にいた重騎士もまた、酷いダメージを負い、意識を失ってしまい、\n', '\u3000赤ずきんは、先の戦いでボロボロになったドレスを脱ぎ捨て、最初から着ていた元の服装に着替えました。頭にいつもの頭巾を被っていない事を除けば、これで元通りの赤ずきんです。\n']",,,,,,,,,,,,['\u3000試合中であることも忘れて舞台の上へとやって来た白雪姫は、早速赤ずきんの姿をマジマジと観察します。\n'],,,['\u3000赤ずきん「う〜〜んっ、ムニャムニャ…………」\n'],,['\u3000白雪姫は慌てた声でヘンゼルを止めます。普段使わないヘンゼルの頭からは、煙がモクモク吹き始めていました。\n'],,['\u3000白雪姫「ハァ……！ そしてスカートを摘んでモジモジする姿がなんて可愛いらしい……！ ハァ……！ こ、これは永久保存版です！！ カメラはどこですか！？」\n'],,['そんなシンデレラの格好は、灰まみれのフードを被った実に見すぼらしい姿。おそらく着替えの服もなかったのでしょう。ボロボロでヨレヨレ、少なくとも若い女子が好んで着る服ではありません。\n'],['\u3000渾身の一撃を喰らいながらも、ヨロヨロと立ちあがる弓騎士。細身とはいえ、弓騎士は日頃から鍛錬を繰り返してきた騎士団のエリート。その肉体は貧弱ではないようです。\n'],,,,,"['\u3000赤ずきん「夜の森って少し不気味で、冒険みたいでワクワクするから！」\n', '\u3000キリギリス『いや〜遂にこの日が来ましたねアリくん！ ワタクシ、この日が待ち遠し過ぎて、昨日までずっとワクワクしてたんですよぉ！！』\n', '\u3000アリ『そうですねキリギリスさん、ボクも今日をワクワクして待ってました。何せ今夜は史上初といっても過言ではない、女性限定で行われる世界規模のバトル舞踏会。出場者、そして観客ともに大いに賑わってくれている事でしょう』\n']",
N5855DRline_info_n_k,,,,,,,,,,,,,,,,,,,,,,,,,,,,,,,,,,,,,,,,,,,,,,,,,,,,,,,,,,,,,,,,,,,,,,,,,,,,,,,,,,,,,,,,,,,,,,,,,,,,,,,,,,['ある時は、箱の中に小さな生き物がいた。ここに置いてあったので、捨てられたのだとすぐに分かった。私は、小さな生き物を拾う事にした。ニャーニャー鳴いてとても可愛い。こんなに可愛いのに『いらない』なんて…。抱っこすれば、体がとても冷たくなっていた。私は撫でるように暖めるとだんだんと体が暖かくなる。きっと一緒に寝たら暖かくて良く眠れるであろうと思った。'],,,,,,,,,,,,,,,,,,,,,,,,,,,,,,,,,,,,,,['目が覚めると、とても暖かい部屋でフカフカしたベットに寝ていた。私の手を握り見つめるその先には、『いらない』ものではなくなった彼がいた。'],,,,,,,,,,,,,,,,,,,,,,,,,,,,,,,,,,,,,,,,,,,,,,,,,,,,,,,
N6359EVline_info_n_k,,,,,,,,,,,,,,,,,,,,,,,,,,,,,,['\u3000東側の丸い窓から、いつもよりキラキラとまばゆい光が、屋根裏部屋にさす。\n'],,,,,,,,,,,,,,,,,,,,,,,,,,,,,,,,,,,,,,,,,,,,,,,,,,,,,,,,,,,,,,,,,,,,,,,,,,,,,,,,,,,,,,,,,,,['\u3000待ちきれないスーリィは、足をパタパタさせる。\n'],,,,,,,,,,,,,,,,,,,,,,,,,,,,,,,,,,,,,,,,,,,,,,,,,,,,,,,,,,,,,,,,,,,,,,,,,,,,,,
N8128DRline_info_n_k,,,,,,,,,,,,,,,,,,,,,,,,,,,,,,['\u3000腰まで伸びた銀色の髪は、キラキラ輝きます。金色の瞳は、凍てつく雪原を照らす月のようです。雪のように白い肌の上で尖らせている唇は赤く濡れ、その極端な色っぽさに、召使いの少年の心が跳ねます。'],,,,,,,,,,,,,,,,,,,,,,,,,,,,,,,,,['\u3000ブラシを通したサラサラの髪が、北風になびきます。'],,,,,,,,,,,,,,['\u3000ずっと呆気に取られていた王様が、スタスタ歩いていこうとする冬の王女様を引き止めます。'],,,,,,,,,,,,,,,,,,,,['\u3000トボトボと、召使いは塔を降りました。'],,,,,,,,,,,,,,,,,,,,,,,,,,,,,,,,,,,,,,['\u3000そして、現れるのはピカピカの王子様。'],,,,,,,,,,,,,,,,,,,,,,,,,,,,,['\u3000ペラペラと王様を説得する冬の王女様をよそに、秋の王女様は愕然としている召使いに問います。'],,,,,,,,,,,,,,,,['\u3000召使いの目から、涙がポロポロ溢れます。'],,['\u3000そんな召使いの頭を、冬の王女様はポンポンと撫でました。'],,,,,,,,,,,,,,,,,
N9103EQline_info_n_k,,,,,,,,,,,,,,,,,,,,,,,,,,,,,,,,,,,,,,,,,,,,,,,,,,,,,,,,,,,,,,,,,,,,,,,,,,,,,,['\u3000玉座は自分の上に乗って丸くなってスヤスヤと寝息を立てている茶トラの子猫に、意識を集中する。'],,,,,,,,,,,,,,,,,,,,,,,,,,,,,,,,,,,,,,,,,,,,,,,,,,,,,,,,,,,,,,,,,,,,,,,,,,,,,,,,,,,,,,,,,,,,,,,,,,,,,,,,,,,,,,,,,,,,['\u3000玉座が食堂のベルをリンリンと鳴らすと、茶トラはパチリと目を開いて玉座から飛び降りると食堂へと掛けていった。'],,,,,
N6457Cline_info_n_k,,,,,,,,,,,,,,,,,,,,,,,,,,,,,,['\u3000若者は薬瓶を楚々とした動作で王様の眼前に差し出します。王様は子どものように目をキラキラさせて叫びました。\n'],,,,,,,,,,,,,,,,,,,,,,,,,,,,,,,,,,,,,,,,,,,,,,,,,,,,,,,,,,,,,,,,,,,,,['\u3000他にも極彩色に彩られる南の海の冒険譚や恐ろしくも魅力的な砂漠の王国のお話、あるいは可愛らしいお姫様の数奇な人生の物語に、娘は年頃の女の子らしくドキドキと胸を高鳴らせました。\n'],,,,,,,,,,,,,,,,,,,,,,,,,,,,,,,,,,,,,,,,,,,,,,,,,,,,,,,,,,,,,,,,,,,,,,,,,,,,,,,,,,,,,,,,,,,,,,,,,,,,
N9268EMline_info_n_k,,['\u3000魔女はカーナビに目的地を登録してルート検索を始めます。シンデレラはイライラとしてきました。\n'],,,,,,,,,,,,,,,,,,,,,,,,,,,,,,,,,,,,,,,,,,,,,,,,,,,,,,,,,,,,,,,,,,,,,,,,,,,,,,,,,,,,,,,,,,,,,,,,,,,,,,,,,,,,,,,,,,,,,,,,,,,,,,,,,,,,,,,,,,,,,,,,,,,,,,,,,,,,,,,,,,,,['\u3000お針子バイトたちは魔女をボコボコにして給料を巻き上げると、ばかばかしくなって帰ってしまいました。\n'],,,,,,,,,,,,,,,,,,,,,,,,,,,,,,,,,
N7743EMline_info_n_k,,,,,,,,,,,,,,,,,,,,,,,,,,,,,,"['\u3000そりの上には結晶の入った箱がたくさん積まれている。スーは自分の分の箱もていねいに積み上げて、ふと隣の箱に釘付けになった。そこにはひときわキラキラと複雑で美しい結晶が！', '\u3000キラキラとガラスケースに入れられて、みんなにお披露目されたのは……']",,,,,,,,,,,,,,,,,,,,,,,,,,,,,,,,,,,,,,,,,,['\u3000シャンシャンと来訪を告げる鈴の音が聞こえてきて、そりをひくトナカイさんがやってきた。'],,,,,,,,,,,,,,,,,,,,,,,,,,,['\u3000スーは自分の事のように胸がドキドキしてきて、思わずそこを両手でぎゅっと握り込んだ。'],,,,,,,,,,,,,,,,,,,,,,,,,,,,,,,,,,,,,,,,,,,,,,,,,,,,,,,,,,,,,,,,,,,,,,,,,,,,,,,,,,,,,,,,,,,,,,,,,,,,
N0942ELline_info_n_k,,,,['\u3000ハジィが積み藁の上でウトウトとしていると──。\n'],,,,,,,,,,,,,,,,,,,,,,,,,,,,,,,,"['\u3000アルームという名のおじいさんは、かつて父親をギリギリのところまで追い詰め、引き分けに持ち込んだことのある有名な武人でした。\n', '\u3000ギリギリのところで父親の足を弾き、彼女は２歩下がりました。\n']",,,,,,,,,,,,,,,,,,,,,,,,,,,,,,,,,,,,,,,,,,,,,,,['\u3000血走った目がギラリと光ります。緩んだ口元からはダラダラとよだれが垂れており、髪をかきむしりながら狂ったような笑い声を上げています。\n'],,,,,['\u3000お前らこそ早朝からナニしてたんだ、というセリフをハジィは飲み込みます。そんな中、少年ペータはハジィに話しかけながらも、クラーラのはだけた胸元にチラチラと視線をやりました。\n'],,,,,,,,,['\u3000金髪の痩せた少女が、寒そうなみすぼらしい服を身にまとい、裸足でトボトボと街を歩いていきます。\n'],"['\u3000トントントン。扉を叩きます。\n', '\u3000トントントン。ガチャリ。\n']",['\u3000割とドキドキしながら本気で祈りました。\n'],,,,,,,,,,,['「言うことを聞かねえ悪ぃ子にはぁぁぁ……ヒャーハッハッハッハ……おしおおしおお仕置き……クククククク」\n'],,,,,,,,,,,,,,,,,,,,,,,,,,,,,,,,,,,,,,,,,,,,,,,,,,,,,,,,,,,,,,,,,,,,,,,,,,,,,,,,,,,,,,,,,
N1854EJline_info_n_k,,,,,,,,,,,,,,,,,,,,,,,,,,,,,,,,,,,,,,,,,,,,,,,,,,,,,,,,,,,,,,,,,,,,,,,,,,,,,,,,,,,,,,,,,,,,,,,,,,,,,,,,['\u3000リードがニコニコとほほ笑(え)みながら、力強く言ってくれました。ルミルは顔が真っ赤になりましたが、お手伝いを初めてしたときの気持ちとは違(ちが)います。嬉(うれ)しいのに泣(な)きたいような、恥(は)ずかしいような気持ちだったのでした。'],,,,,,,,,,,,,,,,,,,,,,,,,,,,,,,,,,,,,,,,,,,,,,,,,,,,,,,,,,,,,,,,,,,,,,,,,,,,,,,,,,,,['\u3000赤い屋根のえんとつから、煙(けむり)が楽しげにモクモクとわいています。温(あたた)かそうなお家の様子に、ルミルはほっとするのでした。'],,,,,,,,,,,
N5369COline_info_n_k,,,,,,,,,,,,['\u3000カチャカチャとティーカップを片付けていたフィールが訊ねます。\n'],,"['\u3000三人が包みを剥がします。カリカリに焼けたハートの形のパンに、ラズベリーやブルーベリーなどのクリームを挟んで、その上からチョコレートソースをかけたスウィーツでした。\n', '「うん。生地がカリカリで“美味しい”！」\n']",,,,,,,['\u3000魚を入れる籠を背負ったフィールがシープとウルフをエミーナの家の裏側の、川岸まで続く、がたつく階段に案内しました。慣れた足取りで階段を降りていくフィールをシープとウルフは、少し慌てながら追いかけます。ウルフが歩く度に鞄の中の小瓶はガチャガチャと音を鳴らします。\n'],,,,"['\u3000シープはポーチから手帳を取り出しました。一枚破ると、黒炭を紙に押し付けました。そこにガリガリと文字を書いていきました。\n', '\u3000シープとウルフはすぐに返事をしました。しかしウルフは握った木炭で、ガリガリと手帳が真っ黒になる程何度も自分の名前とシープの名前を書いていました。\n']",,,,,,,,,['\u3000男の肩に噛みつきました。ギチギチと歯が食い込んでいく音が、男の耳にも入りました。もがく男をしっかりと固定します。温かい血液が口一杯に溜まり、あまり美味しいと感じない味が広がりました。\n'],,['\u3000ウルフは骨の絶妙な部分をギリギリと握られる痛みに耐えながら、シープの言葉を受け継ぎました。\n'],"['\u3000シープとウルフはクスクスと笑い合うと、再び手を繋ぎました。\n', '\u3000リリシアは「ああ！」と手を叩くとクスクス笑いました。\n', '\u3000護衛はシープを睨み付けました。それを見たシープは再びクスクスと笑いました。\n', '\u3000馬が喋った、とシープが混乱しながら、頭を抱えていると、馬の陰から堪えきれなかったのかクスクスと笑い声が聞こえてきました。\n']",,,,,,,,,,,,,,,,['\u3000その拍子に、ウルフは鞄に足を引っ掛けます。甲高い微かな音をいくつも響かせながら、小瓶がコロコロと転がり出ました。\n'],,"['\u3000コンコン。音が響くと同時に、扉が勢い良く開きました。\n', '\u3000コンコン。ティンが玄関の扉を叩きました。\n', '\u3000ウルフは犬のように鼻を、ひくひくと動かして、辺りを見渡しました。グレイはそんなウルフの様子をじっと眺めていました。ウルフはそぅっと音を立てずに歩くと一本の木の前で立ち止まります。コンコン。まるで、ドアをノックするように木を叩きました。木の後ろで誰かが声を漏らしました。\n', '\u3000コンコン。ノックの音が、響きます。\n']",,,,,['\u3000平気な顔をして携帯食料をゴリゴリと咀嚼していました。\n'],['\u3000シェシャは猫のネネの喉元を撫でながら言いました。ネネが気持ち良さそうにゴロゴロと喉を鳴らします。\n'],"['\u3000シープはまず、温かいミートパイにフォークをザクリと刺しました。バターをたっぷりと使ったサクサクのパイの屋根を崩すと、挽肉とタマネギやニンジン、キノコなどをテイン特製のトマトソースで煮込んだソースが見えました。さらにトマトとお肉のお腹の空く匂いがシープの鼻腔をくすぐります。\n', '\u3000サクサクとしたパイ生地の格子から艶々とした金色のリンゴが覗きます。砂糖でじっくりと煮詰められたリンゴの甘い匂いがシープとウルフの鼻腔をくすぐり、お腹を鳴かせました。\n', '\u3000ウルフもサクサクと口を動かしては飲み下しています。\n']",['\u3000息を整えたシープは壁に背中をピタリと付けて、可愛らしく膝を抱えているリリシアを見ます。鼻歌をフンフンと漏らしながら、髪をサラサラと揺らしながら、｜縺《もつ》れる黒い二つの塊を見ていました。\n'],"['\u3000ザクザクとなる落ち葉の音も不気味に聴こえます。\n', '\u3000ザクザクと落ち葉を踏み締めていく音がただただ響いています。\n']","['\u3000ウルフは手袋を外して、風通しの良いところに置きました。ザブザブと手を洗います。そして、トイレへ行くと胃の中のモノを出しました。\n', '\u3000フィールは岩に腰掛けると、ズボンを捲し上げ、ザブザブと川に入りました。\n']",['\u3000時折吹く風が木の葉を揺らしています。木々が囁き合っているかのようにザワザワと、まるでシープとウルフが森に訪れたことを、隣へ隣へと伝えているのかもしれません。\n'],,,,,,,,,,,,,,,['\u3000段差に躓いたシープは、敷石に肌を擦り付けながら転倒しました。手のひらと腕に熱い痛みがズキズキと居座りました。\n'],['\u3000彼の包丁によってズタズタにされた数日前まで商人だったお肉や、数週間前まで旅人だったお肉、友人だったお肉、恋人だったお肉もあるでしょう。そして原型をとどめてないほどどろどろに崩れた母親だったお肉に、その新しい旦那さんだったお肉もあるでしょう。これらが、無造作に、ぐちょぐちょに混ざり合った一つの塊が、得体の知れない液体で床を湿らせながら落ちていました。\n'],,,,,,,,,,,,,,,,['\u3000シープはリュックから着替えやらなんやらを出しました。 寝間着がタンスの中に入っていたので、風呂上がりにそれに着替えようと思っていました。すると、扉がトントンとノックされました。\n'],,['\u3000サラはドサドサと荷物を下ろしていきました。旅をしてるようには見えない荷物の量でした。\n'],,,,,,,,,,,,,['\u3000シープとウルフはバシャバシャと桶に手を突っ込んで各自の衣類を洗っていました。\n'],['\u3000二人は、すっかりくたびれた様子で荷物を下ろしていきます。マントも随分と汚れてしまいました。行儀が悪いですが、窓から身を乗り出してマントをバタバタと｜叩《はた》きます。\n'],,,,,"['\u3000少女は口を、陸に上げられた魚のようにパクパクと動かしました。座りながら、後ろへ逃げます。シープは、困ったように微笑みました。\n', '\u3000岸に打ち上げられた魚のようにパクパクと喘ぐ少女がリリシアを呼びました。\n', '\u3000シープが、洗面所にいるウルフの方を見ると口がパクパクと動いていました。「いらない」と言っているようでした。\n']",,,"['\u3000食事が終わると急に静寂が訪れます。パチパチとはぜる薪の音。焚き火の炎が揺らめき、シープとウルフの顔を照らします。\n', '\u3000ウルフはパチパチと拍手をしました。\n', '\u3000パチパチと薪がはぜます。炎が燃えて、シープとウルフを照らしました。シープとウルフの周りには、空の小瓶がいくつも転がっていました。\n']","['\u3000取り残されたウルフは、座り込むリリシアを見下ろしていました。顔を掻くと、乾いた血がパラパラと床に散りました。\n', '\u3000取り敢えず、手帳をパラパラと捲り、今まで書いていた情報を読みました。同時に、記憶が蘇ります。暗い部屋で出番まで読み漁った本のいくつもの情報を書き殴った、その記憶。\n']",['\u3000大きなテーブルに並ぶのは、ここの村でよく実る小麦を使ったふわふわのパン。白い湯気を立ち上らせる野菜のスープ。皮がパリパリに焼かれた鶏肉には自家製のトマトソースがかかっています。\n'],"['\u3000一人の守衛がウルフをマントの上からパンパンと叩きます。もう一人の守衛はシープの持つ荷物を素早く適当に調べました。\n', '\u3000行きはぺちゃんこだったリュックは、パンパンに膨らんでいました。携帯食料、肌着に研ぎ石などたくさん買いましたが、予定よりお金はたくさん残っています。旅人であるウルフにお店の人はおまけをしてくれたのです。ウルフは嬉しそうにお金の入った袋をリュックの中に入れました。\n']",,,,,,,['\u3000シープは返事をすると、体に巻き付けていた先に鉤が付いた長い太くないは縄を取り出しました。鉤の付いている方をビュンビュンッと回して地上から二メートル程の高さの枝に投げつけました。鉤が枝に巻き付き、縄がピンと張られて固定されました。シープが縄を使って登ります。そのまま、その枝の上の枝に背伸びをして握ります。そして逆上がりをするようにしてまた登りました。ここで地上から三メートル程です。\n'],,,['\u3000まるで大きなオモチャ箱への入り口ようなカーテンをくぐると、カラフルなスポットライトが場内をピカピカと色付けます。\n'],,,,,['\u3000ピエロが去った後、ピョコピョコと可愛らしいウサギ耳を揺らしながら司会者が舞台袖から出てきました。\n'],['\u3000兎の顔を型どった仮面を着けた、不思議で可笑しな司会者が喋るたびに、長い耳をピョンピョンと跳ねさせ、愉快にショーを進めていきます。\n'],,['「ピーピーうるさせぇな」\n'],"['\u3000そして、久し振りにフカフカのベッドに寝転びました。疲れていた二人はすぐに、眠ってしまいました。\n', '\u3000フカフカの汚れひとつない毛布にシープは寝転びました。ずぶずぶと体が、毛布に沈んでいきます。\n']",,['\u3000先頭を、弾むように歩く少女と、その後ろをシープと、手袋をはめたウルフがフラフラリと覚束無い足取りでついていきます。\n'],"['\u3000首を傾げました。そのあと、筋力を上げる運動をいくつかしました。全て終えて机などを戻すと、小さな袋の中身を広げました。フンフンとグレイが匂いを嗅ぎます。\n', '\u3000息を整えたシープは壁に背中をピタリと付けて、可愛らしく膝を抱えているリリシアを見ます。鼻歌をフンフンと漏らしながら、髪をサラサラと揺らしながら、｜縺《もつ》れる黒い二つの塊を見ていました。\n']",,['\u3000ウルフはブクブクと、湯船に顔を沈めました。\n'],,['\u3000そしてナイフの冷たい刃を女性の冷たい二の腕に当てました。力を入れるとまだ張りのある皮膚からぷちりと血の玉が浮かびました。そのまま骨に当たるまで深く深く刃を突き立てていきます。何かの繊維を切っているのか硬直しているからなのかわかりませんでしたが、ブチュブチュとした手応えがありました。皮膚とピンクのブヨブヨとしたお肉の塊をシープは陶器に入れました。ベチョっと音が鳴りました。\n'],['\u3000鋭い音と共に枝に弾丸が当たりました。枝はシープが狙ったところより内側にずれてしまいました。枝はまだ薄皮一枚繋がっていて、ブラブラと揺れていました。\n'],,,,['\u3000きゃらきゃらと笑いながら、手を花に伸ばし、プチプチと花を千切ったり、ポキリと細い枝を折りました。何が面白いのか、箸が転がっても笑うお年頃だからなのか、けらけらと笑っていました。各々の髪に飾っては、くすくす笑いながら写真を取り合います。\n'],['\u3000ウルフは握りしめた拳をプルプルと震わせました。\n'],,,,['\u3000無事、シープとサラに救出されたウルフは涎でベトベトになった顔を濡れた布で拭っていました。\n'],,['\u3000三人はペタペタと音を鳴らして廊下を歩きました。廊下の奥に緑色の扉の部屋がありました。\n'],"['「先程から、ペラペラペラペラと五月蝿いですね。ウルフは“神狼”ではありませんし、私は“救世主”でもありません」\n', '「先程から、ペラペラペラペラと五月蝿いですね。ウルフは“神狼”ではありませんし、私は“救世主”でもありません」\n']",,,,,"['\u3000隊長はおいおいと泣いています。涙がボタボタと三人にかかっています。ウルフが「わぉ」と小さな声で呟きました。\n', '\u3000ごくん、と飲み込むと再び、少女の鮮血がボタボタと流れ落ちる二の腕に口を付け、柔らかいお肉に噛みつきました。\n']",['\u3000紅茶に口をつけました。熱さに顔をしかめます。それでも飲みます。飲みたいからです。ボリボリと携帯食料も食べてしまいます。\n'],['腕だったものを踏みつけました。何度か踏むうちにそれはボロボロに砕けました。\n'],,,,,,,"['\u3000ポタポタッと血が数滴、左手の指の先から、少女の傷口に落ちました。\n', '\u3000シープの足下には赤黒い液体に濡れた弾丸が落ちていました。左手からポタポタと血が滴ります。\n']",,,,,,,,,,,,,,,,,,,,,
N4052CKline_info_n_k,,,,,,,,,,,,,,,,,,,,,,,,,,,,,,,,,,,,,,,,,,,,,,,,,,,,,,,,,,,,,,,,,,,,,,,,,,,,,,,,,,,,,,,,,,,,,,,,,,,,,,,,,,,,,,,,,,,,,['\u3000大きな木の下に逃げ込んだアシュレイは、バリバリバリと木の枝が折られて、背中を竜の両脚でしっかりと捕まえられる。\n'],,,,,,,,,,,,,,,,,,,,,,,,,,,,,,,,,,,,,,,,,,,,,,,,,,,,,,,,,,,,,,,,,,,,,,,,,,,,,,,,,,
N1522EIline_info_n_k,,,,,,,,,,,,,,,,,,,,,,,,,,,,,,,,,,,,,,,,,,,,,,"['\u3000グラグラグラグラ', '\u3000グラグラグラグラ', '\u3000グラグラグラグラ', '\u3000グラグラグラグラ']",,,,,,,,,,,,,,,,,,,,,,,,,,,,,,,,,,,,,,,,,,,,,,,,,,,,,,,,,,,,,,,,,,,,,,,,,,,,,,,,,,,,,,,,,,,,,,,,,,,,,,,,,,,,,,,,,,,,,,,,,,,,,,,,,,,,,,,,,,,,,,,,,,,,,,,,,
N7634EEline_info_n_k,,,,,,,,,,,,,,,,,,,,,,,,,,,,,,['\u3000太陽が昇ってキラキラと明るい水面を大きなタコとイルカの子は見上げた。'],,,,,,,,,,,,,,,,,,,,,,,,,,,,,,,,,,,,,,,,,,,,,,,,,,,,,,,,,,,,,,,,,,,,,,,,,,,,,,,,,,,,,,,,,,,,,,,,,,,,,,,,,"['\u3000イルカの子はそのピカピカ光る目ににらまれると不安そうにタコを見上げた。', '\u3000大きなタコは夫を信じて待った。しかし夫は帰って来ない。その間も休まずにずっと卵につきっきりだった。眠ることも食べることもしないタコはどんどん弱っていく。そしてある満月の晩、タコの身体はとうとう動かなくなってしまった。フラフラと潮に身体が流されそうになるのを必死に岩に張り付いて子守歌を歌う。海の上では満月が浮かび卵を照らすと卵の中で小さな目がピカピカと光った。', '\u3000それを聞いた子ダコの瞳がピカピカと光る。それは子どもの頃に出会った大きなタコと同じ輝きだった。']",,,,,,,,,,,['\u3000大きなタコは夫を信じて待った。しかし夫は帰って来ない。その間も休まずにずっと卵につきっきりだった。眠ることも食べることもしないタコはどんどん弱っていく。そしてある満月の晩、タコの身体はとうとう動かなくなってしまった。フラフラと潮に身体が流されそうになるのを必死に岩に張り付いて子守歌を歌う。海の上では満月が浮かび卵を照らすと卵の中で小さな目がピカピカと光った。'],,,,,,,,,,,['\u3000タコの子はプルプルと震えながら「お母さん、お母さん」と泣いていた。'],,,,,,,,,,,,,,,,,,,,,,,,,,,,,,,,,,,,,,,,,,
N7437EGline_info_n_k,,,,,,,,,,,,,,,,,,,,,,,,,,,,,,,,,['\u3000かさりと音がしました。ギギでしょうか。ちらりと目に入ったのは、いつものくすんだローブではありませんでした。ゆっくりと振り返るとそこには、とがった耳に、ぎょろりとした目。大きく裂けた口に、ギザギザの歯。そして緑色の肌をした生き物が立っていたのです。ララは思わず悲鳴をあげました。'],,,,,,,,,,,,,,,,,,,,,,,,,,,,,,,,,,,,,,,,,,,,,,,,,,,,,,,,,,,,,,,,,,,,,,,,,,,,,,,,,,,,,,,,,,,,,,,,,,,,,,,,,,,,,,,,,,,,,,,,,,,,,,,,,,,,,,,,,,,,,,,,,,,,,,,,,,,,,,,,,,,,,,
N2689ELline_info_n_k,,,,,,,,,,,,,,,,,,,,,,,,,,,,,,,['\u3000キリキリと痛みの出てきた頭を押さえ、私は容器を見つめる。\n'],,,,,,['足を投げ出して床に崩れた私は、ぐるりと私を取り囲むように席に座るこの国の要人達を見回した後、ぎりりと玉座を睨みつける。そこには隣国の皇太子＿__先代が亡くなって今は国王だったか______が虚ろな眼差しをこちらに向け、その隣では少女がクスクスと無邪気に笑っていた。\n'],,,,,,,,,,,,,,,,,,,,,,,,,,,,,,,,,,,,,,,,,,,,['\u3000部屋に戻って頭痛薬を飲んだが、未だにズキズキと頭が疼く。割れそうなほどの痛みは憂鬱を誘う。\n'],,,,,,,,,,,,,,,,,,,,,,,,,,,,,,,,,,,,,,,,,,,,,,,,,,,,,,,,,,,,,,,,,,,,,,,,,,,,,,,,,,,,,,,,,,,,,,,,,,,,,,,,,,,,,,,,,,,,,,
N3427EUline_info_n_k,,,"['\u3000わたくしがウキウキとして答えます。\n', '\u3000わたくしはウキウキして来ました。\n']",,,,,,,"['「カタカタカタ」\n', '「カタカタ」\n', '「カタカタ！」\n', '「カタカタカタ」\n', '\u3000後ろからは、カタカタという軽い音が聞こえてきます。\n', '「カタカタカタ」\n', '「カタカタカタ！」\n', '「カタカタカタ」\n', '「カタカタ」\n', '「カタカタカタ」\n', '「カタカタカタカタ」\n', '「カタカタカタカタ」\n', '「カタカタカタカタ」\n', '「カタカタカタカタ」\n', '「カタカタカタ！」\n']",['\u3000ミルクレープさんが細長いものを咥えて、それにピョンスロット様が前歯をカチカチと金属で……。\n'],,,,,,,['\u3000わたくしが、ピョンスロット様とヴィヴィアンさんを両手に抱えてもふもふしていると、目の前の茂みがガサガサと鳴りました。\n'],,,,,,,,,,,,"['\u3000オマール様は、わたくしの返事を期待して、目をキラキラさせて待っておられます。\n', '\u3000青と黄色と緑が混じった鱗が、陽の光にキラキラと照り輝いてとっても綺麗です。\n']",,,,,,,,,['\u3000クラクラしています。\n'],,['\u3000そして、ピョーンとジャンプすると、ニンジンを持ったままクルクルと回転します。\n'],,,,,,,,,"['「ケロケロ」\n', '「ケロケロ」\n']",,,,,,,,,,,,['\u3000彼は予備の釣り針を使って、お魚のエラのあたりをサクサクと突いています。\n'],['\u3000ウサギさんは肉球が無いので、髪に触れるとサラサラと音がします。\n'],,,,,,,,,,,,,,,,,,,,,,,['\u3000雀さんたちが窓際にやって来て、チュンチュンと歌を歌っています。\n'],,['「チンチラ・チラチラ・カリフラワー！」\n'],,,,,['\u3000先頭を、テクテクとピョンスロット様が歩いておられます。\n'],,,['\u3000そして、わたくしの横までトコトコと歩いてきました。\n'],,,,,,,,,,,,,,,['\u3000ポールがハラハラしているらしい声で、止めてきました。\n'],,,,,,,,,,,,,,['\u3000国王様はそれだけおっしゃると、パンパンと手を鳴らされました。\n'],,['\u3000なんだか、お外でヒュンヒュン、ピーヒャララという音がするので、すっかり目が覚めてしまいました。\n'],,,,,,,,,,"['「あれ、入りたいですよねー。絶対お肌がピチピチになりますよ」\n', '\u3000岩の上に落ちて、ピチピチするお魚を前に、ピョンスロット様が褒めて下さいました。\n']",['\u3000私は｜裂帛《れっぱく》の気合を上げながら、キャロンダイトをピュンピュン振り回した。\n'],,,,,,,,,,,,,,,,,,,['\u3000ウサギの髭がプルプル震えた。\n'],,,,,,['\u3000手綱の使い方はよくわからないので、右側を引っ張って、さらにお馬さんのお尻をペタペタして声を張り上げます。\n'],,,,['\u3000わたくしが川で見た、喋る灰色のボサボサした大きい動物さん。\n'],,,,,"['「はい、わたくしのお尻は元気です。あのですね、わたくし思うんです。ボンボン王国が大変なときに、わたくしはこんな素敵な森に囲まれて、楽しくなってしまっていていいのかしら、と」\n', '\u3000不肖ショコラーデ・ボンボン。\n', '\u3000このショコラーデ・ボンボン。\n', '\u3000ボンボン王国の第一王女として、国を蝕む魔女から民を守らなくてはなりません。ポールはその第一号です。\n', '「なりません！\u3000わたくしは誇りあるボンボン王家の王女として、継母が魔女であった事を隣国に伝えねばならないのです！」\n', '「誰か、どなたか伝えて下さい！\u3000ボンボン王国の后は、魔女です！\u3000邪悪な魔女なのです！」\n', '\u3000ああ、ショコラーデ・ボンボンはここで終わってしまうのでしょうか。\n', '「申し上げます、ロブスタ一世陛下。わたくしの国、ボンボン王国は、今や魔女シュネーケによって支配されています。ボンボン王国を取り戻すために、お力添えいただけませんか」\n', '「申し上げます、ロブスタ一世陛下。わたくしの国、ボンボン王国は、今や魔女シュネーケによって支配されています。ボンボン王国を取り戻すために、お力添えいただけませんか」\n', '「なんでもとおっしゃったか。では、ショコラーデ姫。そなたには、我が子オマールの妻となっていただこう。そうなれば、そなたは我が身内。シュリンプ王国にとって、ボンボン王国は親族となる。我が軍を動かす理由となろう！」\n', '\u3000ボンボン王国はきらびやかな国。\n', '\u3000魔王グレイゴーアが世界を征服しようとしていた時も、ボンボン王国は無事だった。\n', '\u3000ボンボン王国現国王が、若くして亡くなった先代后の後に、新たな后を迎え入れた時。\n', '\u3000ベッドの脇には、石の彫像になったボンボン王国の国王が、カッと目を見開いたまま立ち尽くしていた。\n', '「鏡！\u3000鏡の悪魔よ！\u3000遠く遠くを見通しなさい！\u3000あれはどこ？\u3000あの忌まわしい姫はどこ？\u3000王国の光を一身に宿した、ショコラーデ・ボンボンはどこにいるの！？」\n', '\u3000輝ける国、ボンボン王国を闇に閉ざした張本人。\n', '「お前たち！\u3000あの王女、ショコラーデ・ボンボンは生きているわ！\u3000妾が追手を差し向けたのにも関わらず、どうやってか追手を振り切って！」\n', '\u3000魔女の命令が、闇に包まれたボンボン王国に響き渡ったのだった。\n', '「はい、わたくしはショコラーデ・ボンボン。ボンボン王国の王女です。この度は、国にやって来た新しい妃が魔女だったので、とても危ないということをお伝えに参りました！」\n', '「はい、わたくしはショコラーデ・ボンボン。ボンボン王国の王女です。この度は、国にやって来た新しい妃が魔女だったので、とても危ないということをお伝えに参りました！」\n', '\u3000シュリンプ王国は、ボンボン王国よりも低地にある国ですから、温泉に馴染みがないのです。\n', '「それでは……不肖、ショコラーデ・ボンボン、騎士叙勲とやらをやらせていただきます！」\n', '「なあに、あなた？\u3000わたくしを、ボンボン王国王女、ショコラーデ・ボンボンだと知って、偽物をしようと思ってやってきたのかしら？」\n', '「なあに、あなた？\u3000わたくしを、ボンボン王国王女、ショコラーデ・ボンボンだと知って、偽物をしようと思ってやってきたのかしら？」\n', '\u3000ボンボン王国でも、五本の指に入る剣の使い手であるポール。\n', '「きづかれましたか。おそらく、ボンボン王国はまじょのちからをうけて、森がへんかしているのかもしれません」\n', '\u3000少女は昼間、ボンボン王国から来たという王女様を見ていたが、あんなものは偽物だと思う。\n', '「よし、二人共。また必要な時に、私からメッセージを送ることにしよう。特にショコラーデ姫、君の命をあの魔女に奪われてしまったら、ボンボン王国は永遠の闇に閉ざされてしまうからね」\n', '「君たちの先行きに、幸あらんことを！\u3000ボンボン王国の光を守ってくれ！」\n']",,['\u3000動けず、叫ぶばかりのベジマイの頭に、キャロンダイトがポカポカと当たった。\n'],"['\u3000ポキポキと、まとめて槍がへし折れる。\n', '\u3000彼が背負った大きなニンジンを振り回すと、周囲の枯れ木がポキポキと砕けて舞い上がりました。\n']",['\u3000ぴょーんとジャンプしたピョンスロット様が、ポールの頭をポコポコポコっとニンジンさんで叩きました。\n'],,,,,,,,,,,,,,,,,,,,,,"['\u3000ワクワクです。\n', '「旅の準備が着々と進んでいるのですね！\u3000わたくし、不謹慎なのですけれど、ワクワクします！」\n']",
N6533EQline_info_n_k,,,,,,,,,,,,,,,,,,,,,,,,,,,,,,,,,,,,,,,,,,,,,,,,,,,,,,,,,,,,,,,,,,,,,,,['\u3000シャリシャリと大根をすり下ろしながら、老人が言った。'],,,,,,,,,,,,,,,,,,,,,,,,,,,,,,,,,,,,,,,,,,,,,,,,,,,,,,,,,,,,,,,,,,,,,,,,,,,,,,,,,,,,,,,,,,,,,,,,,,,,,,,,,,,,,,,,,,,,,,,,,,,,,,,,
N3869EMline_info_n_k,,,,,,,,,,,,,,,,,,,,,,,,,,,,,,,,,,,,,,,,,,,,,,,,,,,,,,,,,,,,,,,,,,,,,,,,,,,,,,,,,,,,,,,,,,,,,,,,,,,,,,,,,,,,,,,,,,,,,,,,,,,,,,,,,,,,,,['\u3000頭はとても良くて、ジャンプしてドアも開けられるし、台所の水道から水だって飲めます。たまにトイレットペーパーをビリビリ破ったりすることもあるけれど、いたずらと呼べるものでした。'],,,,,,,,,,,,,,,,,,,,,,,,,,,,,,,,,,,,,,,,,,,,,,,,,,,,,,,,,,,,,,,,,
N8518EEline_info_n_k,,,,,,,,,,,,,,,,,,,,,,,,,,,,,,,,,,,,,['\u3000泣きながらクスクス笑うお姫様は輝くように美しく、勇者はますます惚れてしまいました。'],,,,,,,,,,,,,,,,,,,,,,,,,,,,,,,,,,,,,,,,,,,,,,,,,,,,,,,,,,,,,,,,,,,['\u3000ニコニコと笑う勇者は本当にそう思っているのでしょう。お姫様は今までの自分の態度が歯牙にもかけられてなかったと知って複雑でした。'],,,,,,,,,,,,,,,,,,,,,,,,,,,,,,,,,,,,,,,,,,,,,,,,,,,,,,,,,,,,,,,,,,,"['\u3000美しかった金の髪は艶を失い、宝石の瞳は屑石のように輝きがありません。珊瑚の唇はひび割れ色褪せ、絹の肌はくすんでいます。そしてなにより姫はボロボロで、みすぼらしく痩せ細っておりました。並ぶ者なしと唄われた美貌はどこにもありません。', '\u3000式の前に風呂に入れられ治療を受けたので、今のお姫様はボロボロではありませんでしたが、痩せ細った貧相な体に輝きのない瞳は変わりません。', '\u3000街の人達がしていた話は、お姫様も思っていた事でした。魔王はとても強く、お姫様を救うのはとても困難な事でした。実際に勇者以外に辿り着けた者はおらず、勇者もボロボロになりながらようやく勝ったのです。', '\u3000連れてこられた姫の評判は勇者も聞いたことがありました。とても美しい姫だということでしたが、ボロボロの姿にその面影はありません。こんなものかと思う勇者と目が合い、姫はくしゃりと顔を歪めました。']",,,,,,,,,,,,,,,,,,,,,,,,,,,,
N8596EKline_info_n_k,,,['\u3000一方王宮にて、ようやく白雪姫を始末したと思っているお妃様は、ウキウキで魔法の鏡に問いかけます。\n'],,,,,['\u3000娘はオロオロした様子でトラブルの内容を王子様に話しながら、一瞬だけニヤリと笑いながら人魚姫に目を向けた。\n'],,,,,,,['\u3000話を聞いたみんなはカンカンに怒ります。\n'],,,,,,,,,['「ウソだウソだ、お母さんはそんなガラガラ声じゃないぞ、お母さんじゃないならドアは開けません」\n'],['\u3000二人のお腹はペコペコだったので、ヘンゼルは窓ガラスを外してガリガリと食べました。\n'],,,,,['\u3000同時に現れたガラスの靴はキラキラと光り、シンデレラの足にぴったりです。\n'],,,,,,"['\u3000常人ならばなすすべもなく吹き飛ばされるであろうその動きにギリギリで対応した｜石作皇子《いしつくりのみこ》は、今度は直接おじいさんに聖剣を振り下ろす。\n', '\u3000圧倒的文明の戦力差をたった一人の力でギリギリまで埋めた事に畏怖と敬意を評し、この世紀の大戦争を後の人々はこう名付ける。\n', '\u3000おじいさんが唱えると、鶴の全身に打ち込まれていた猛毒の矢がぽろぽろと抜け落ち、更に鶴がもがけばもがく程より食い込む鋼鉄の｜蕀《いばら》も粉々に砕けちり、ギリギリで苦しみ続けられる絶妙な位置から鶴を炙り続ける蒼白い炎も鎮火されました。\n', '\u3000猿が歩みを止めたその数歩の距離は、蜂の間合いギリギリの距離だったのだ。\n']",,,,['\u3000すると100年間閉じたままだった、お姫様のクリクリとした可愛らしい目が開かれたのです。\n'],['\u3000鶴はすぐに翼を拡げ空に舞い上がると、嬉しそうにおじいさんの頭の上を何度もクルクル回って飛んでいきました。\n'],,,,,,,,,,,,,,['\u3000その夜、日暮れ頃から降り始めた雪がコンコンと積もって大雪になりました。\n'],,,,,,,,,,,,,"['\u3000男が悲しくてシクシク泣いていると、なんと泉の中から美しい女神さまが出てきたではありませんか。\n', '\u3000そして小野をわざと泉に落とすと、その場でシクシクと嘘泣きを始めました。\n', '\u3000しかし三人が行った後、本当は自分も舞踏会に行きたかったシンデレラはとても悲しくなってシクシクと泣き出してしました。\n', '\u3000妹のグレーテルが、悲しくてシクシクと泣き出します。\n']",,,,,,,['\u3000店主が俺の格好を頭から足元までジロジロみながら疑わしげに言ってくる。若く金持ちでもなさそうな俺に経済能力がないと思っているのだろう。\n'],,,,['\u3000猿はスルスルと木に登ると、その場で赤い柿の実を食べ始めます。\n'],,,['\u3000更に毒でドス黒い紫色に変色し、蕀にズタズタにされ、炎で焼きただれていた鶴の身体も一瞬で綺麗になります。\n'],,,,,,,,,,,,,,,,"['\u3000トントントン、トントントン。\n', '\u3000トントントン、トントントン。\n', '\u3000キコバタトン、キコバタトントン。\n', '\u3000キコバタトン、キコバタトントン。\n', '\u3000トントンカラリ、トンカラリ。\n', '\u3000トントンカラリ、トンカラリ。\n', '\u3000キコバタトン、キコバタトントン。\n', '\u3000キコバタトン、キコバタトントン。\n', '\u3000トントンカラリ、トンカラリ。\n', '\u3000トントンカラリ、トンカラリ。\n']",,,,,"['\u3000いや、それだけではない。胴に触れた先から斧がドンドン凍りついていく。\n', '\u3000一晩中歩き回りましたが、森から出られるどころかドンドン奥へと迷い込んでしまったようです。\n', '「辛い……だがなんだこの辛さは！\u3000辛さが刺激となりドンドン食べたくなる。あっさりとしたご飯との相性も抜群だ！」\n', '\u3000ヘンゼルは驚愕しながらカレーライスの感想を口にする。そして二口三口とドンドン口に運んでいった。\n']",,,,['\u3000目を前方に向けると、ニヤニヤと嫌らしい笑みを浮かべた山ん婆がゆっくりとこちらに歩み寄ってきていた。\n'],,,,,,,['\u3000────はずだった、がどれだけ【｜神秘的人工呼吸《エンシェントドレイン》】を続けても、王子様の身体にはなんの変化も訪れない。代わりに周りの小人が数人、泡を吹きながらバタバタと倒れていく。\n'],,['\u3000そして中から、五体バラバラの子山羊達の残骸が個別に、順番にお母さん山羊の目の前に並んでいく。\n'],['\u3000とある吊り橋の下を通るとき、吊り橋の上からバリバリと音が聞こえた。\n'],,['\u3000二人のお姉さんたちもお母さんも、驚きのあまり口をパクパクさせました。\n'],,,,,,,,,,,,,,,,,,,,,,,,,,,['\u3000けれどちょっと心配なのは、気温が高い日、暑い日差しを受けるとお雪はフラフラと倒れてしまうのです。\n'],,,,,,,,['\u3000どうでもいいが半身が黍団子に埋まったまま手をブンブン振る様はすげーシュールだぞ。\n'],,,,,['\u3000昨日の黄金の馬車でやって来た美しい娘がシンデレラだった事を知って、お母さんと二人のお姉さんたちはヘナヘナと腰を抜かしてしまいました。\n'],,,"['\u3000お腹がペコペコな白雪姫はテーブルの上の食事を食べ始めました。\n', '\u3000二人のお腹はペコペコだったので、ヘンゼルは窓ガラスを外してガリガリと食べました。\n']",,,,,,,,,"['\u3000服もツギハギだらけのボロボロの物を着せ、寝床も蜘蛛の巣のかかった天井裏に藁の中で丸くなって寝るように言いつけます。\n', '「織姫さまが｜機《はた》織りをあまりしないので、みんなの着物が古くてボロボロになりました。数少ない新しく出来た着物はなんか血生臭いです」\n']",,,['「不思議だな、こんなに寒いのになんだか体がポカポカ暖かいや」\n'],,,,,['\u3000するとポツポツと、しずくが落ちてきました。\n'],,,,,,['\u3000グレーテルは瓦を剥ぎ取るとそれをムシャムシャ食べました。\n'],,,['\u3000モクモクモク……\n'],,,['\u3000そこは真っ青な光が差し込み、昆布がユラユラとゆれ、赤やピンクのサンゴの林がどこまでも続いています。\n'],,,,,,,,"['\u3000嘘つきな友人は自分の小野も拾ってもらえず泉の前でワンワン泣いてしまいました。\n', '「ここ掘れワンワン、ここ掘れワンワン」\n', '「ここ掘れワンワン、ここ掘れワンワン」\n']"
N7675EAline_info_n_k,,,,,,,,,,,,,,,,,,['ガサガサガサ\u3000ジャージャブジャブ\n'],"['夏の風邪がバッグの中をガタガタッと揺らしましたよ。\n', '遠雷のように聞こえる電車の音が、ガタガタと川を渡って\n']",,,,,,,['ガンガン照り付けていたお日様も「こりゃあ、まいった。」と笑いましたよ。\n'],,['瞬く間の出来事で、鳥居の下で重田さんはキョトキョトしています。\n'],,"['朝の光が町全体をキラキラと眩しく包んでいます。\n', 'ゆかこさんは降り注ぐ初夏の日差しをギュッと掴んで、お嫁さんのお腹にキラキラと投げかけます。\n', '水を張った田んぼの水面が、苗と一緒にキラキラ｜瞬《またた》きます。\n', 'ゆかこさんが空に飛びあがると、海の近くの港の方にキラキラと｜煌《きら》めく光の渦がありました。\n', '七夕飾りに、夏の宵、星がキラキラ光ってます。\n', '夜空の星たちは、キラキラとさざめきながら報告を聞いて喜んでいましたよ。\n', 'ゆかこさんの作ったネックレスは、キラキラと青白く輝いていましたよ。\n', '日差しが戻って来た水色の空に、キラキラと輝いて伸びていっているようです。\n', 'すると虹色の光がキラキラと屋台の周りに溢れます。\n', '群青色に暗さを増してきた町の空にクリスマスの明かりがキラキラと輝き始めました。\n', '雨上がりの空の上、虹が町の人たちをキラキラと微笑みながら見守っていました。\n']",,,,,,,,,,,,['「クンクン、このほんのり焦げた空気も冬の始めの匂いだわね。」\n'],,,,,"['「これでグングン成長するわよ。」\n', '気温がグングン上がっていくと、池の鯉たちも水面を彩りながら泳ぎ回り始めます。\n']",,"['ゆかこさんはおかしくなってケラケラ笑い出しました。どうにも笑いが止まりません。\n', 'ケラケラケラ、カランポロンカラン♪\n']",,,['ジャッジャッジャ\u3000コトコトコト\n'],,['クククククッ、コロンコロンポンッ♬\n'],,,,,,,,,['ゆかこさんはカップの中にサラサラと光の粒を集めていきます。\n'],,,,"['ザーザーザー\u3000パラパラパラ\n', 'その花をザーザー降りの雨の中、見に来る人もいるのです。\n']",,"['またシトシトと雨が降り始めました。\n', 'シトシトと降り続く雨が庭の土や田んぼを黒く染めていきます。\n']",,,"['シャンシャンシャンシャン\n', 'シャンシャンシャンシャン\n']",['青白い毛糸のマフラーがシュルシュルと音をたてて伸びていきます。\n'],,,['「頭がジンジン｜痺《しび》れてるわ。帽子でも作りましょうか。」\n'],,,['水の上に座ったゆかこさんはスルスルと滑り台のように川を下って行きました。\n'],,,,,"['「ふうー、い～気持ち。海がチカチカ｜瞬《またた》いて、私を呼んでるわ。」\n', 'そうしてチカチカ｜瞬《またた》いて御礼を言ってくれましたよ。\n', '高い塔のてっぺんでチカチカ瞬いている赤い光をゆかこさんは空の上から｜眺《なが》めます。\n', '「杉の木、｜檜《ひのき》、花粉の木。すべてのチカチカ花粉よ集まりなさいっ！」\n', 'ゆかこさんがそう言うと、人に害をなすチカチカ花粉が渦を巻いて集まり始めました。\n']",,['スズメたちが紅葉の枝でチュンチュンチュチュンと登りっこジャンケンをしていましたよ。\n'],,"['そのチラチラと見え隠れする明かりを見ながら、ゆかこさんは改めて新年の誓いをしたのです。\n', '少し薄暗くなってきた家々の縁側で、仏様を迎える火がチラチラと庭の木々の間から見えています。\n']",['チリチリと小さく燃えながら溶けていった黒い霧の中から、緑の｜蔦《つた》が生えてきました。\n'],,,,,,['トクトクトク\n'],,,"['トントントン\u3000トトトトトッ\n', 'ゆかこさんはお風呂上がりのさっぱりした身体で、トントンと石段を下りて散歩に出かけました。\n']",,,,,,['慣れない着物姿で懸命に階段を登る様子を、後ろからついて来ているおばあちゃんたちが、ニコニコと笑って応援しています。\n'],,,,,,,,,,,['バタンバタンとドアを閉める音がして\n'],,['バリバリと空気を震わせて火の粉が地上に降り注いでいきます。\n'],,,,['若奥さんのスカートも、笑顔と一緒にパタパタ揺れます。\n'],['パチパチパチ\n'],"['ゆかこさんは金木犀の花を一掴みすると、娘さんの身体にパラパラとふりかけます。\n', 'ヒューーーードンッパラパラパラ\n', '静かに増えてきた雨の雫が、屋根にあたってパラパラと音を立てます。\n', 'ザーザーザー\u3000パラパラパラ\n']",,,,,,,,,,"['太陽と風たちが協力して、キラララビュービューと頑張りましたよ。\n', '\u3000ビュービューと吹いていた風が止んだ朝、ゆかこさんは綿入れの｜半纏《はんてん》を着て神社の境内に出てきました。\n']",['すべてをビリビリと震わせる、空気砲のようなものすごい音がしたかと思うと、\n'],['「子ども達も葉っぱもピカピカの一年生ね。」\n'],['ひげをピクピクさせて笑い合うと、一緒にお星さまに報告に行きました。\n'],,,,,,,['｜雛《ひな》たちがピーピーチュクチュクと｜餌《えさ》をねだります。\n'],,,,,['ゆかこさんは、ボリボリと｜煎餅《せんべい》を食べ終わると、熱いほうじ茶をフーフー吹きながらズズッとすすって飲みました。\n'],,['そして笑ったり頷いたりしながら、ブツブツと口の中で祈りを重ねがけして行きます。\n'],,,,,,,,,,,,,,,,,,,,['ゆかこさんは、ボリボリと｜煎餅《せんべい》を食べ終わると、熱いほうじ茶をフーフー吹きながらズズッとすすって飲みました。\n'],,,,,,,,,"['ポツポツと降り始めた雨粒をゆかこさんが弾いていきます。\n', 'ポツポツと水玉が下りてきます。\n']",['庭の満開の山茶花が、ゆかこさんの言葉に頷いた途端に花びらをポロポロとこぼしました。\n'],,"['するとゆかこさんの身体からオレンジ色をした音符がポンポンと飛び出してきました。\n', '薄水色の可愛い卵をポポンポンと三個も生み落としましたよ。\n', 'ゆかこさんは嬉しくなって、ポンポンポポォーンとヨーヨーをつきました。\n']",,,,,,,,,,,,['リンリンリンと可愛らしい鈴の音が聞こえてきます。\n'],"['草むらからリーンリーンと鳴く虫の声が聞こえてきました。\n', '町のそちこちで鈴虫たちがみんなの頑張りをリーンリーンと応援していましたよ。\n']",,,,
N1929ELline_info_n_k,,,,,,,,,,,,,,,,,,,,,,,,,,,,,,['\u3000キラキラとした飾りがツリーのそこかしこに輝き、とても美しいのです。'],,,,,,,,,,,,,,,,,,,,,,,,,,,,,,,,,,,,,,,,,,,,,,,,,,,,,,,,,,,,,,,,,,,,,,,,,,,,,,,,,,,,,,,,,,,,,,,,,,,,,,,,,,,,,,,,,,,,,,,,,,,,,,,,,,,,,,,,,,,,,"['\u3000子供を失い、正気も失うほどにボロボロになって歩き回る、私の凍えた心を温めてくれたのだよ。', '\u3000ボロボロの服を着ている女の子です」', '\u3000ボロボロの服をまとった少女は、ぶるぶると震えながら尋ねました。']",,,,,,,,,,,,,,,,,,,,,,,,,,,,
N2630ELline_info_n_k,,,,,,,,,,,,,,,,,,,,,,,,,,,,,,,,,,,,,,,,,,,,,,,,,,,,,,,,,,,,,,,,,,,,,,,,,,,,,,,,,,,,,,,,,,,,,,,,['\u3000あねこちゃんがこまっていると、いもうとちゃんがトコトコとおいかけてきました。'],,,,,,,,,,,,,,,,,,,,,,,,,,,,,,,,,,,,,,,,,,,,,,,,,,,,,,,,,,,,,,,,,,,,,,,,,,,,,,,,,,,,,,,,,,,,,,,,,,,,,,,
N5388EKline_info_n_k,,,,,,,,,,,,,,,,,,,,,,,,,,,,,,,,,,,,,,,,,,,,,,,,,,,,,,,,,,,,,,,,,,,,,,,,,,,,,,,,,,,,,,,,,,,,,,,,,,,,,,,,,,,,,,,,,,,,,,,,,,,,,,,,,,,,,,,,,,,,,,,,,,,,,,,,,,,,,,,,,,,,,,,,,,,['「そんなボロボロのドレスでよく恥ずかしくもないですね」\n'],,,,,,,,,,,,,,,,,,,,,,,,,,,,
N2816EGline_info_n_k,,['そんな様子をずっと影から観察していたネズミは、いつまで経ってもカラスが辛そうにも悲しそうにもしないので、イライラを募らせていました。'],,,,,,,,,,,,,,,,,,,,,,,,,,,,['そうしてネズミが見たものは、部屋いっぱいにつまれたキラキラと光る宝物の山。'],,,,,,,['カラスはその時のことを思い出したのか、クスクスと笑います。'],,,,,,,,,,,,,,,,,,,,,,,,,,,,,,,,,,,,,,,,,,,,,,,,,,,,,,,,,,,,,,,,,,"['ドンドンドン！', 'ドンドンドン！']",,,,,,,,,,,,,,,,,,,,,,,,,,,,,,,,,,,,,,,,,,,,,,,,,,,,,,,,,,,,,,,,,,,,,,,,,,,,,,,,,,,,,,,,,,,,,,,,
N8228EGline_info_n_k,"['\u3000アーサー王子とフィドラーのイチャイチャに心を乱されながらも、なんとか仕事を進めることができた。\n', '\u3000メフィを膝の上に乗せてイチャイチャしていたメロンがそんなことを言ってくる。\n', '「今日、アーサーがグィネヴィア様とイチャイチャしている間、私は王都を見て回ったんだけど・・・」\n', '「あの、シンデレラ、イチャイチャしていたわけじゃないよ？」\n']",['\u3000どうも、疲れているところに根も葉もない噂をされていることに、イライラしているようだった。\n'],,"['\u3000ウトウトしかけたところで、意識が浮上する。\n', '\u3000ウトウトしていたせいで、判断がつかない。\n']",,,,,,,,,,,,,,,"['「ガタガタガタガタッ！」\n', '「ガタガタガタガタッ！」\n']",['\u3000けど、城から出ないか、出ても護衛がガチガチについている状態だと、襲撃者も狙いづらいだろう。\n'],,['「なんじゃ枯れておるのう。若いもんは持久力だけが取り柄なんじゃから、もっとガツガツせんといかんぞ」\n'],,,,,,,['\u3000私がそう言うと、アーサー王子はキョロキョロと周囲を見回し、窓から入る陽の光で朝の訪れを知ったようだ。\n'],['\u3000目がキラキラしているようにも見える。\n'],,['\u3000いっそヤケドしそうなほど熱いか、キンキンに冷えていた方が美味しいと思う。\n'],,,['「そんな顔をしなくても、悪い意味じゃない。ギャーギャーうるさいだけで役に立たない淑女じゃなくて、助かるという意味だ」\n'],"['\u3000ただし、私は異食症というわけではないから、血が出ないギリギリの強さだ。\n', '\u3000欠点を教えるのもギリギリなのに、その改善方法を教えてどうするんだ。\n', '\u3000けど、ギリギリだ。\n', '\u3000でも、そこまで行ったとしても、議決権はギリギリなのだ。\n', '\u3000私がやろうとしていることは、国の法律に照らし合わせると、ギリギリどころか、アウトなことがほとんどだろう。\n', '\u3000意外とギリギリだったな。\n', '\u3000明日の舞踏会に参加するのがギリギリな時間だ。\n', '\u3000温泉を利用して冬に作物を育てさせたわけだけど、生産が消費に追いつくかはギリギリだった。\n', '\u3000辛うじて冬を越すことはできるが、それは常にギリギリの均衡に保たれていた。\n', '\u3000顔が青ざめているから、かなりギリギリのようだけど。\n', '\u3000そして、そのギリギリなところに、メアリーが追い打ちをかける。\n', '\u3000そのギリギリのバランスを、心の奥底に沈めていたのだろう。\n', '「収穫量は、ギリギリ冬を越せるかどうかといったところですね。だから、ちょっとした気候の変化で収穫量が落ちると、人数を減らさないと冬を越せないときがあります」\n', '「それなのに、今はギリギリなの？人口が増え過ぎたとか？」\n', '\u3000でも、完全に眠りについてしまうと抗体を作る機能も止まってしまうらしく、ギリギリのバランスで安定して運がよかったと、師匠が言っていたのは覚えている。\n']",,,,,,,,,,,,,,,,,,,"['\u3000コンコンッ。\n', '\u3000コンコンッ。\n', '\u3000コンコン。\n', '\u3000コンコンッ。\n', '\u3000コンコンッ。\n']",,,['\u3000あの椅子、ゴツゴツしてそうだけど、座り心地はいいんだろうか。\n'],,,"['\u3000宿でゴロゴロしていてもいいのだけど、せっかく他国へ来ているのだからと、王都をブラブラすることにした。\n', '\u3000人目が無いのをいいことに、ベッドの上でゴロゴロと転がる。\n']",,,,,,,,,,,,,,,,,,,,,,,,"['\u3000もっとも、箒の尖端がチクチクするはずだけど。\n', '\u3000縄に触れるたびに、チクチクした縄の表面が指先をくすぐる。\n', '\u3000メイド達の会話が聞こえてくるたびに、アーサー王子が見えない何かにチクチクと刺されているかのように身悶えする。\n', '\u3000罪悪感をチクチクされる。\n']",,,,,,"['\u3000むしろ、肌がツヤツヤしている。\n', '\u3000なんか、おつかいに行く前より肌がツヤツヤしているように見えるんだけど、どうなっているんだろう。\n']",['\u3000ツンツン。\n'],,,,,,,"['「ドキドキしたけど」\n', '\u3000ドキドキ？\n', '\u3000まあ、ドキドキするのかな。\n']",,,"['\u3000そうじゃなければ、男女関係のドロドロなんかに足を踏み入れようとは思わない。\n', '\u3000男女のドロドロした修羅場かぁ。\n', '\u3000物語に出てくるような、ちゅっと触れ合うような甘酸っぱく初々しいキスではなかったけど、ねっとりと唾液を交わし合うようなドロドロした大人のキスでもなかった。\n']",,,,,['\u3000逸れた先でエミリーがニヤニヤしながらこちらを見ているのに気づいてギクッとする。\n'],['\u3000そうでなければ、あんなにネチネチと説教してくるはずがない。\n'],,,,,,,,"['\u3000全身の骨がバラバラになった肉塊ができるくらいだろう。\n', '\u3000箱や中に入っている本数がバラバラなのだ。\n', '\u3000もういっそ、バラバラに行動して情報を集めた方がいいのかも知れない。\n', '\u3000娘達をバラバラにした目的は別にある。\n']",,,,,,,['\u3000パラパラと流し読みする。\n'],,,,,,['\u3000ヒリヒリするかも知れないけど、ひどいヤケドはしなかったと思う。\n'],['\u3000さっきまでビクビクしていたのだけど、襲い掛かってくることが無さそうだと分かって、今は同じテーブルに着いている。\n'],,,,,,,,,,,,,,,,,,,,"['\u3000チャラ王子は、私の言葉を聞いているのか聞いていないのか、ブツブツと呟き続けている。\n', '\u3000隣でお湯に浸かっているアーサー王子は、なにやらブツブツと呟きながら、さらに深くお湯に浸かる。\n', '\u3000ファイファーはまだ何やらブツブツと言っていたようだけど、なんだか背中がぞわぞわしてきたから、とっとと足をどかす。\n']",,['\u3000宿でゴロゴロしていてもいいのだけど、せっかく他国へ来ているのだからと、王都をブラブラすることにした。\n'],,,,,,,,"['「確かに、兄上とドリゼラさん、ベタベタだもんね」\n', '\u3000ドリゼラ、つまり姉が目を覚ましてから体調が戻るまでは、チャラ王子もただ寄り添うだけだったのだが、体調が戻ったとたんにベタベタしだした。\n', '\u3000粘着質な音が聞こえてきそうなくらいベタベタしている。\n']",,,,,,,,,,,"['「骨はスープの出汁を取るために使われ、ボロボロになったところで、砕かれて城の庭園に撒かれます」\n', '\u3000豪華な装飾が施されているようだが、古いのでボロボロだ。\n', '\u3000建物はボロボロで、店で売っている物の質も悪いけど、それでも治安は保たれていた。\n']",,,,,,,,,,,,,,,,['「男の人って、しばらく女性を抱いていないと、ムラムラするっていうし、我慢できなくなったんじゃないかな。しょっちゅう女性を抱いていた王子様なら、なおさら・・・ね」\n'],,,,,,,,,,,,
N0728EGline_info_n_k,,,,,,,,,,,,,,,,,,,,,,,,,,,,,,,,,,,,,,,,,,,,,,,,,,,,,,,,,,,,,,,,,,,,,,,,,,,,,,,,,,,,,,,,,,,,,,,,,,,,,,,,,,,,,,,,,,,,,,,,,,,,,,,,,,,,,,,,,,,,,,,,,,,,,,['\u3000黍団子が奪い去られる光景を目の当たりにした犬神と孫悟空が怒りの声を上げる。犬神がブツブツと呪詛のような言葉を呟くと、空を舞っていた雉がピタリと空中で止まる。そこへ向かって孫悟空が手に持った棒を思いっきり雉へと叩き込む。雉は遥か彼方へと殴り飛ばされて空に輝く星の一つのようにキラリと光って消え失せた。'],,,,,,,,,,,,,,,,,,,,,,,,,,,,,,,,,,,,,,,,,,,,,,,,,"['\u3000がっくりと肩を落としながら、それでもお殿様の命令に逆らう訳にはいかず、大きな山の先にある鬼ヶ島へと向かう桃太郎。山の中を歩いてしばらくすると、草むらの中から「ワンワン」という鳴き声が聞こえてくる。', '\u3000「ワンワン」という特徴的な鳴き声から草むらのなかにいるのは犬だと察する桃太郎。「ワンワン」と元気の良い鳴き声と共に飛び出してきたのは――。', '\u3000「ワンワン」という特徴的な鳴き声から草むらのなかにいるのは犬だと察する桃太郎。「ワンワン」と元気の良い鳴き声と共に飛び出してきたのは――。', '「ワンワン！\u3000お話は聞かせて頂きましたワン！\u3000お腰につけた黍団子を一つくださいワン！\u3000代わりに私も鬼退治のお供をさせて頂きますワン！」', '「ワンワン！\u3000私は犬神と申しますワン！\u3000呪詛が得意ですワン！\u3000相手を苦しみ悶えさせて殺したい場合は言ってくださいワン！」', '「ワンワン！\u3000猿のにおいがしますワン！」']"
N0288EFline_info_n_k,,,,,,,,,,,,,,,,,,,,,,,,,,,,,,"['\u3000金色のリングに楕円形のオパールの、キラキラとした輝きを見て、心を慰めます。その青とも緑とも、白とも見える美しさにうっとりします。', '\u3000オパールにもその雫は降り、キラキラが水分を含んでピカピカになりました。', '\u3000ピカピカ、キラキラと。']",,,,,,,,,,,,,,,,,,,,,,,,,,,,,,,,,,,,,,,,,,,,,,,,,,,,,,,,,,,,,,,,,,,,,,,,,,,,,,,,,,,,,,,,,,,,,,,,,,,,,,,,,"['\u3000オパールにもその雫は降り、キラキラが水分を含んでピカピカになりました。', '\u3000ピカピカ、キラキラと。']",,,,,,,,,,,,,,,,,,,,,,,,,,,,,,,,,,,,,,,,,,,,,,,,,,,,,,,,,,,,,,,,
N7720EPline_info_n_k,,,,,,,,,,,,,,,,,,,,,,,,,,,,,,,,,,,,,,,,,,,,,,,,,,,,,,,"['\u3000コンコン、コンコン。', '\u3000コンコン、コンコン。']",,,,,,,,,,,,,,,,,,,,,,,,,,,,,,,,,,,,,,,,,,,,['「その女の事を考えると、胸がドキドキしたりするのか？」'],,,,,,,,,,,,,,,,,,,,,,,,,,,,,,,,,,,,,,,,,,,,,['\u3000その大きな体、フカフカの毛並み、そして何よりきりりとした顔つき。'],,,,,,,,,,,,,,,,,,,,,,,,,,,,,,,,,,,,,,,,,,,,,,,,,,,,,,,
N7439CKline_info_n_k,,,,,,,,,,,,,,,,,,,,,,,,,,,,,,"['\u3000しかし学者さんは、眼鏡を失った目をキラキラさせています。\n', '\u3000剣も聖剣守さんの言葉と同じことを思ったかのように、柄の玉がキラキラリと光を反射します。\n', '\u3000その様子を見て剣が喜んでいるかのように、木漏れ日をキラキラと柄の玉が反射しています。\n', '\u3000聖剣守さんの優しい手つきが気に入ったかのように、柄の玉はキラキラと綺麗な光を返します。\n', '\u3000そして怖々と目を開けて剣を確認すると、続きを催促するかのように柄の玉がキラキラしています。\n']",,,,,,,,,,,,,,,,,,,,,,,,,,,,,,,,,,,,,,,,,,,,,,,,,,,,,,,,,,,,,,,,,,,,,,,,,,['\u3000聖剣守さんは、いつもつい多く買ってしまうお菓子を手に、満面の笑顔でニコニコしています。\n'],,,,,,,['\u3000そんな様子を、聖剣守さんはハラハラと見つめています。\n'],,['\u3000そして寝巻から洋服に着替えて、洗面器に水を張ってから、顔をバシャバシャと音を立てて洗います。\n'],,,,,,,,,,,,,,,,,,,,,,['\u3000それはピカピカに光る金貨です。\n'],,,,,,,,,,,,,,,,,,,,,,,,,,,['\u3000顔を青くした聖剣守さんは、黙ったまま許してほしいと言いたげに、ペコペコと剣に頭を下げ続けます。\n'],,,,,,,,,"['\u3000下が軟らかめな土だとはいえ、手ひどい攻撃を受けて、自称勇者さんはボロボロで気絶しています。\n', '\u3000身の危険どころか、命の危険を感じたのでしょう、聖剣守さんは大慌てでボロボロな自称勇者さんを引きずって行きます。\n', '\u3000続いて、ボロボロな自称勇者さんを、門の向こうへと蹴り出します。\n', '\u3000そうして、ボロボロな自称勇者さんが意識を取り戻す夕方まで、聖剣守さんは暇な時間を過ごす事が出来たのでした。\n', '「確かにキンキラのボロボロさんとは違いますね。でも――」\n']",,['\u3000それは先ほど来た、ヒゲがボーボーな酒臭い大男が、剣を抜けない事に喚き散らしながら帰って行った事と無関係ではないでしょう。\n'],,,,,,,,,,,,,,,,,,,,,,,,,,
N0571EFline_info_n_k,,,,,,,,,,,,,,,,,,,,,,,,,,,,,,,,,,,,,,,,,,,,,,,,,,,,,,,,,,,,,,,,,,,['\u3000体を起こして、ぼうっとしていると、朝なのにやけにうす暗いことに気づく。そこで、ザーザーという雨のノイズが耳に入った。ときおり、ぽつ、ぽつと窓を打つしずくの音も聞こえる。\n'],,,,,,,,,,,,,,,,,,,,,,,,,,,,,,,,,,,,,,,,,,,,,,,,,,,,,,,,,,,,,,,,,,,,,,,,,,,,,,,,,,,,,,,,,,,,,,,,,,,,,,,,,,,,,,,,,,,,,,,,,,,,,,,,,,,,
N5499EKline_info_n_k,,,,,['\u3000ダチョウも落ち着き無くあちこちをつつきながらウロウロしています。'],['\u3000おばあさんはそれを聞くと、何やら納得した様子でウンウン唸りながら、'],,,['\u3000雉たちがカサカサと散開していきます。あたりはものものしい雰囲気に包まれました。'],,,,,,,,['\u3000桃太郎は既にガクガクと脚を震わせながら肩で寝ているスローロリスに抱きつき、毒を食らってなのか恐怖でなのか分からないぐらい顔を青ざめさせています。'],,,,,,,,,,,,,,,,,,,,,"['「話は大体聞かせて貰ってるぜェ、クチャ……鬼退治だってな？\u3000俺ァこう見えて知略に長けていてなァ、クチャクチャ……猿の仲間で唯一毒が、クチャ……使える。ま、毒をもって毒を制す、ってとこだァなクチャクチャ……」', '「話は大体聞かせて貰ってるぜェ、クチャ……鬼退治だってな？\u3000俺ァこう見えて知略に長けていてなァ、クチャクチャ……猿の仲間で唯一毒が、クチャ……使える。ま、毒をもって毒を制す、ってとこだァなクチャクチャ……」']",,,,,,,,,,,,,,,,,,,,,,,,,,,,,,,,,,,,,,,,['\u3000と、横を見るとチワワがスヤスヤと寝息を立てて寝ていました。'],,,,,,,,,,,,,,,,,,,,,,,,,,,,,,,,,,,,,,['「おばば様、これはマジですか？\u3000ていうか、村の名前と島の名前と港の名前と組織の名前がバラバラでこりゃ鬼側も悪いでしょ、絶対。この十字架なんて厨房どもがよく名前の横に付けるアレです。そもそもお役所仕事はあいつらですよ」'],,,,['「うわ、マジィ！\u3000パサパサして、とても犬の食うもんじゃないな、こりゃ」'],,,,,,,,,,,,,,,,,,,,,,['\u3000ダチョウは増殖を続け、最初の二羽もピンピンしています。'],,,,,,,,,,,,,,,['\u3000チワワもプルプルしています。'],,,,,,,,,['\u3000予想通りの展開になり、長兄、イチローは全身にこびりついたダチョウのエサ（きびだんご）のせいでボコボコにされ、全治２ヶ月ほどの大怪我を負いました。'],,,,,['\u3000桃太郎はさらにボロボロになった風呂敷からきびだんごを時折落としながら、昔、おじいさんが柴刈りをした際に雉を良く見たと言っていた場所へと辿りつきました。'],,,,,,,,,['\u3000しかもダチョウは食べ方が下手糞らしく、よくポロポロと嘴から落としますが、それでもダチョウは余程きびだんごが気に入ったらしく、次々と食いまくりました。'],['\u3000途中で風呂敷の穴からポロリポロリときびだんごが落ちていきましたが、桃太郎は特に気にすることはありませんでした。'],,,,,,,,"['「モゴモゴ、お早うございます、桃太郎様！\u3000モゴモゴ……スローロリスめが、お荷物を荒らしていたようなので、こちらに捕まえてまいりました」', '「モゴモゴ、お早うございます、桃太郎様！\u3000モゴモゴ……スローロリスめが、お荷物を荒らしていたようなので、こちらに捕まえてまいりました」']",,,,,,,,,,
N9731BXline_info_n_k,,,,,,,,,,,,,,,,,,,,,,,,,,,,,,,,,,,,,,,,,,,,,,,,,,,,,,,,,,,,,,,,,,,,,,,,,,,,,,,,,,,,,,,,,,,,,,,,,,,,,,,,,,,,,,,,,,,,,,['\u3000喚きながら仔犬は前足をバンバンと少年の腕に繰り返し打ちつける。\n'],"['\u3000そして声と同時に口をパクパクと動かしていた。\n', '\u3000仔犬は口をパクパクさせ、話すのにあわせて右前足をひょこひょこと動かす。\n']",,,,,,,,,,,,,,,,,,,,,,,,,,,,,,,,,,,,,,,,,,,,,,,,,,,,,,,,,,,,,,,['\u3000何度か首を捻った後、ポンポンと少年の胸を前足で押し始めた。\n'],,,,,,,,,,,,,,"['「ルンルン？」\n', '「ルンルン、可愛くなさすぎじゃない？\u3000こんなに大きくなるなんて……」\n', '「ルンルンではない」\n', '「せっかく前のルンルンよりちょっと大きめに新しい身体を作ったのに、これじゃ私が凄くちっさいじゃないの」\n', '\u3000王は神官へ自分がルンルンと呼ばれていたことを話していなかった。\n', '「今度は私がルンルンを待っていてあげる。だから、またこの世に産まれてきなさいよ」\n', '「ルンルンが産まれてから身体作りはじめたから、できるまでに時間がかかったのよ。仕方ないでしょ。もうちょっと待ってれば迎えに行ってあげたのに」\n', '「ルンルンは嫌だと言ったろ？\u3000それに、どうして仔犬の姿なんだよ。僕は女の子がいいって言ったじゃないか」\n', '「ルンルンは今回可愛いじゃない」\n', '「ルンルン、お腹すいたよ」\n', '「……ルンルンとは我のことか？」\n', '「そうよ。で、ルンルン、お腹すいたってば」\n', '「だからルンルンなんでしょうが。友達ってのは、愛称で呼ぶもんなのよ。ユェイルンよりルンルンの方が絶対かわいいって」\n', '「だからルンルンなんでしょうが。友達ってのは、愛称で呼ぶもんなのよ。ユェイルンよりルンルンの方が絶対かわいいって」\n', '「いいからっ！\u3000ルンルン、お腹すいた。お腹すいた。お腹すいた！」\n', '「ルンルン、お腹すいた！」\n', '「どうしたの、ルンルン？」\n', '「私は何ともない。ルンルン、このままだと死んでしまうよ？」\n', '「ルンルンの毒を取ってあげたのよ。毒が除去できないなら、そう言ってよね」\n', '「私の身体が死んでしまうだけで、私がいなくなるわけじゃないの。身体がないと、ルンルンは私の言葉が聞こえないだけ。そのうち、また新しい身体が出来たら会いにきてあげるわ」\n', '「そうかなぁ。じゃ、今度ルンルンに会う時は可愛い女の子の姿で会いにきてあげるよ」\n']",,,
N4385CMline_info_n_k,,,,,,,,,,,,,,,,,,,,,,,,,,,,,,['\u3000誰もがキラキラと目を輝かせ、期待に満ちた目で若き王を見上げています。'],,,,,,,,,,,,,,,,,,,,,,,,,,,,,,,,,,,,,,,,,,,,,,,,,,,,,,,,,,,,,,,,,,,,,,,,,,,,,,,,,,,,,,['\u3000これは世界がまだバラバラの国に分かれていたころのお話です。'],,,,,,,,,,,,,,,,,,,,,,,,,,,,,,,,,,,,,,,,,,,,,,,,,,,,,,,,,,,,,,,,,,,,,,,,,,,,,,,,,,['\u3000家庭教師は、どんなことを教わるのかとワクワクしている王子に向かって、'],
N5887ELline_info_n_k,,"['\u3000マギルがとぼけるエラにイライラとしながら、先ほど起こった事を話した。\n', '\u3000少女はイライラしながらエラの前に立ちます。\n']",,,,,,,,,,,,,,,,,,,,,,,,,,,['\u3000声がする方に歩いて行くと、そこには少年と少女がキョロキョロと周りを見ながら、小さな声で話していたのです。\n'],['\u3000少女の服を引っ張ったのはエラでした。広場がこんな状況なのに目をキラキラと輝かせ、少女に笑顔を振りまいていました。\n'],,,,,,,"['\u3000王座に座り、クスクスと笑いをもらす少女を、助手が怒りに満ちた表情で見つめる。\n', '\u3000クスクスと笑い、自分の家に戻るのでした。\n']",,,,,,,,"['「しつけぇよ……\u3000こっちが下手に出てたらグダグダ文句を言いやがって、さっさと出せ」\n', '「知っているからどうした？俺はただ買い物に来ただけだ。お前も死にたくはないだろ？だったらグダグダ文句を言うんじゃねぇよ……」\n']",,,,,,,,,,,,,,,,,['これからはサクサクと更新していきます！\n'],,,,,,,,,,,,['\u3000少女は王子を小馬鹿にするように笑い、ジリジリと王子に近づく。\n'],,,,,,,,,,,,,,,,,,,,,,,,['\u3000少女は二人の方へ行き、男の子の肩をトントンと叩き、振り向かせました。\n'],,,,,,,,,"['\u3000少女がニヤニヤと笑いながらヨミの顔を見つめる。\n', '\u3000主人が言った値段は、明らかに子供が出せる値段ではありません。これで諦めるだろうと思った主人はニヤニヤと少女を見ます。\n']",,,,,,,"['\u3000少女は隣街へ行く準備をし外に出ると、街の住民たちがバタバタと忙しそうに駆け回っていました。\n', '\u3000エラは足をバタバタさせ、自分と葛藤していた。\n']",,"['\u3000氷をノックするように軽く叩くと、氷がフレイズと共にバラバラに砕け散りました。\n', '\u3000少女はバラバラになったフレイズの肉片を眺め、静かにそう呟きます。\n']",,,,,,,,,,,,,,,,,,,,,,,,,,,,,,,,,,,,,['\u3000顔を真っ青に変え、女性がブルブルと震えだしました。\n'],['\u3000エラは少女の手を掴みブンブンと上下に揺らします。\n'],,,,,,,,,,,,,,,,,['\u3000すると、もうボロボロだったのか袋が地面に落ちた衝撃で、洞窟が崩れ入口を塞いでしまいました。\n'],,,,,,,,,,,,,,,,,,,,,,,,,,,,
N4911EKline_info_n_k,,,,,,,,,,,,,,,['\u3000カンカンに怒って改めて三匹の子豚を食べてやろうと誓った狼ですが、どうやってレンガの家を壊そうかと、じっくり家を眺めているうちに、あることに気が付きました。'],,,,,,,,,,,,,,,,,,,,,,,,,,,,,,,"['\u3000グラグラグラグラッ!!', '\u3000グラグラグラグラッ!!']",,,,,,,,,,,,,,,,,,,,,,,,,,,,,,,,,,,,,,,,,,,,,,,,,,,,,,,,,,,,,,,,,,,,,,"['\u3000狼はそう言うと、大きく息を吸い込んでフーッと吐き出しました。すると、わらの家はバラバラに吹き飛んでしまいました。', '\u3000狼はそう叫ぶと、勢いをつけて木の家に体当たりしました。すると、木の家はバラバラにぶっ飛ばされてしまいました。', '\u3000末っ子豚のレンガの家はバラバラに崩れていました。もし、この家に居たら重いレンガの下敷きになってぺっちゃんこになっていたことでしょう。それを想像して末っ子豚はブルブルと震え上がりました。', '\u3000そう言った二番目のお兄さん豚の木の家に行ってみると、やはりバラバラに壊れていました。レンガの家ほどではありませんが材木が落ちてきたら大怪我をしていたことでしょう。二番目のお兄さん豚もゾッと背筋が寒くなりました。']",,,,,,,,,,,,,,,['\u3000そう言って、はしごを降りると一度自分の家に戻ってタオルを取ってきました。そして途中の川の水でタオルを濡らすと鼻と口の周りに巻きました。それから自分自身も川に入って体全体を水で濡らしました。狼の毛皮は水を吸ってビショビショになりました。'],,,,,,,,,,,,,,,,,,,,,,['\u3000末っ子豚のレンガの家はバラバラに崩れていました。もし、この家に居たら重いレンガの下敷きになってぺっちゃんこになっていたことでしょう。それを想像して末っ子豚はブルブルと震え上がりました。'],,,,,,,,,,,,,,,,,,,,,,,,,,,,,,,,,,,,,,,,,,,,,,
N6105EOline_info_n_k,,,,,,,,,,,,,,,,,,,,,,,,,,,,,,,,,,,,,,,,,,,,,,,,,,,,,,,,,,,,,,,,,,,,,,,,,,,,,,,,,,,,,,,,,,,,,,,,,,,,,,,,,,,,,,,,['「バカ、バカバカ！\u3000この寒空に女の子を待たせて袋いっぱいのそんな駄菓子チョコなんか！！\u3000メッセ送ってから何分待ったと思ってるの！\u3000本当に、男子ってバカでガキんちょなんだから！！」'],,,,,,,,,,,,,,,,,,,,,,,,,,,,,,,,,,,,,,,,,,,,,,,,,,,,,,,,,,,['\u3000かろうじて自転車ごと倒れずに踏みとどまった僕に詰め寄って、ユカリは両目からボロボロと怒りの涙をあふれさせた。'],,,,,,,,,,,,,,,,,,,,,,,,,,,,
N8201CQline_info_n_k,,,,,,,,,,,,,,,,,,,,,,,,,,,,,['\u3000少女は立て札の導きに従ってレオノーラの作った即製温泉を見付けると、辺りをキョロキョロと見渡して人が居ないことを確認してから服を脱いで泉に入りました。\n'],,,,,,,['\u3000人族が吹いた笛の音とは思えない、可聴域ギリギリの高音が周囲に響き渡りました。\n'],,,,,,,,,,,['\u3000すると、アンリの背丈がグングン伸び、巨大な扉の取っ手に十分手が届く大きさになりました。\n'],['\u3000いえ、正確に言うとお茶会をしているのはそのうちの二人だけで、一番体格の良さそうな一人はテーブルに突っ伏してグーグーといびきをかきながら眠っています。\n'],,,,,,,,,,,,,"['\u3000俺みてぇにゴロゴロして、腹が減ったらその辺の物を喰えばいいじゃねぇか」\n', '\u3000それからもアンバールは毎日ゴロゴロと昼寝をする怠惰な生活を続け、その一方でアンリは一生懸命家に食糧を運び続けました。\n', '「ま、俺はもう少しゴロゴロさせて貰うとするか」\n']",,,,,,,['\u3000姉達が舞踏会に出掛けた後、アンリは悲しくなってシクシクと泣き出す……などと言うこともなく、客間のソファに寝っ転がりました。普段の勤勉な姿からは想像も出来ない怠惰な格好です。\n'],,,,,,['\u3000思わず阿呆なことを呟いたアンリに、女王様はジリジリと近付くと大剣を振り被りました。\n'],,,,,,,,,,,,,,,,,,,,,,,,,,,,,,,,,,,,['「ククク、ハハハハ、アーハッハッハッ！」\n'],,,,,,,,,,,,,,,,,,,,,,,,,,,,,,,,,,,,['\u3000ある夏の日、闇神アンバールが草原で昼寝をしていると、邪神アンリが何か重そうなものを担いでフラフラと歩いてきました。\n'],,,,,,,,,,,,,,,,,,,,"['\u3000それは、槍を持った闇神アンバールと大剣を持った光神ソフィア、そして扇を持った邪神アンリでした。アンバールとソフィアは怒り冷めやらぬ様相であり、どうやらボコボコにしたくらいでは腹の虫が収まらなかったようです。\n', '\u3000アンバールとソフィアに更にボコボコにされた黒龍ですが、途中で流石に見かねたアンリが宥めに入り何とか命を長らえました。\n']",,,,,"['\u3000激闘は暫く続きましたが、流石に相手は神様であり黒龍は負けてボロボロになり、這う這うの体で逃げ出しました。\n', '\u3000激闘は暫く続きましたが、元より黒龍はボロボロの状態です。ただでさえ勝ち目は薄いのにそんな状態で敵う筈もなく、更にボロボロになって這う這うの体で逃げ出しました。\n', '\u3000激闘は暫く続きましたが、元より黒龍はボロボロの状態です。ただでさえ勝ち目は薄いのにそんな状態で敵う筈もなく、更にボロボロになって這う這うの体で逃げ出しました。\n', '\u3000綺麗な服も貰えず、ボロボロの服しか着るものがありません。\n', '\u3000少年が指をパチンと鳴らすと、ボロボロだったアンリの服は純白の美しいドレスへと変貌しました。靴もガラスの綺麗な靴になっています。\n']",,,,,,,,,,,,,,,,,,,,,,,,,,,,
N7729DIline_info_n_k,,,,,,,,,,['\u3000魔女の手で、魔法のつぼがカタカタふるえだします。'],,,,,,,,,,,,,,,,,,,,,,,,,,,,,,,,,,,,,,,,,,,,,,,,,,,,,,,,,,,,,,,,,,,,,,,,,,,,,,,,,,,,,,,,,,,,,,,,,,,,,,,,,,,,,,,,,,,,,,,,,,,,,,,,,,,,,,,,,,,,,,,,,,,,,,,,,,,,,,,,,,,,,,,,,,,,,,,,,,,,,,,,,,,,,
N1423EMline_info_n_k,,,,,,,,,,,,,,,,,,,['\u3000よしっと握りこぶしを作ってカタリーナの肩を鏡は強く握りガタガタとゆすった。'],,,,,,,,,,,,,,,,,,,,,,,,,,,,,,,,,,,,,,,,,,,,,,,,,,,,,,,,,,,,,,,['\u3000カタリーナの女性としてのプライドはズタズタだが、借金の帳消しは大きい。だからカタリーナは、甘んじた。それに悪くはない、むしろ紳士な対応とも言えよう。'],,,,,,,,,,,,,,,,,,,,,,,,,,,,,,,,,,,,,,,,,,,,,,,,,,,,,,,,,,,,,,,,,,,,,,,,,,,,,,,,,,,,,,,,,,,,,,,,,,,,,,,,,,,,,,,,,,,,,
N6397EKline_info_n_k,,,,,,,,,,,"['\u3000カチカチ鳴る顎は、キリギリスの腕も腹も長い足も、バリバリと難なく噛み砕くだろう。', '\u3000カチカチ。その音が、怖くて。キリギリスは余計に震えた。']",,,,,,['\u3000やっぱりそこはこのキリギリスだ。足がガクガク震えて、頭が真っ白になったらしい。動けないでアリを見るだけ。'],,,,,['\u3000ガツガツ食べて、ひと息。'],,,,['\u3000あの音で起こされたのなら、ずいぶん目覚めも悪かっただろう。初めて聞いたときは、しばらく頭がガンガンしたって言うやつもいるくらいだ。'],,,,,,,"['\u3000風と日差しがくるくる踊るのに合わせて、そいつのギザギザした指はぎこちなく動き始めた。ちょうど、ゲジゲジなんかが歩くとき、あんな動きをするんじゃないかな。', '\u3000よく茂った大きな葉の隙間で、周りに誰もいないか首を巡らせてから、またため息をついて、それからギザギザの手で弓を持ち直した。']",,,,,,,,,,,,,,,,,,,,,,,,,,,,['\u3000キリギリスが逃げないように見張るつもりなのと、飢え死にさせないようにすると言ったのは本当らしい。アリは寝たりゴロゴロしたりする合間に、ふらりとどこかに行っては食べるものを持ち帰ってきていた。'],,,,,,,,,,,,,,,,,,,,,,,,,,,,,,,,,,,,,,,,,,,,,,,,,,,,,,,,"['\u3000カチカチ鳴る顎は、キリギリスの腕も腹も長い足も、バリバリと難なく噛み砕くだろう。', '\u3000さっき捕まえたチョウの羽をバリバリ食べながら、アリはキリギリスにも一枚よこす。', '\u3000もしかして今からバリバリと、なんて想像してサアァと血の気が引いていく。するとアリが心底呆れた視線をよこした。']",,,,,"['\u3000眠たげに触覚の目をパチパチさせて、ふああと大きなあくびをこぼしたけど、こいつはいつもこんな調子だ。でも、キリギリスはすぐに音を止めてバイオリンを小脇に抱えた。', '\u3000せっかく意識もなくて死ぬところだったから、痛みもないはずだったのに。キリギリスはパチパチとまたたいた。']",,,,,,,,,,,,,,['\u3000後から来た別のアリも、荷物を持ちながら器用に肩をすくめてピクピク触覚を動かした。'],,,,,['\u3000キリギリスはじりじり肌を焼く日向に出ると、ピョンピョン跳んでひまわりの前を通り過ぎていく。'],,,,,,,,,,,,,,,,,,,,,,,,,,,['\u3000ボソボソと口を動かすと、アリがピクリと触覚を揺らした。キリギリスはますます体を小さくさせる。'],,,,,,,,,,,,,,,,,['「ただ、ごらん。あの立派な顎。機嫌を損ねたらムシャムシャ食われちまうから、誰もなにも言わないのさ」'],,,,,,,,,,['\u3000リーンリーンと鳴き始める鈴虫の美しい声ならいざ知らず、キリギリスのバイオリンでは子守唄になるはずもない。'],,,,
N4585EKline_info_n_k,,,,,,,,,,,,,,,,,,,,,,,,,,,,,['痛そうに立ち上がった少女は、キョロキョロと辺りを見渡した。'],['少女が倒れたので能力が切れたのか、具現化されていた彼女のおばあさんが頼みますよというような仕草をして、キラキラと天へと消えて行った。'],,,,,,['馬丁は心得たとばかり頷くと、馬車に乗り込んだ。マッチを売る少女の目の前ギリギリを用意しておいた馬車が、通り過ぎる。'],,,,,,,,,,,,,,,,,,,,,,,,,,,,,,,,,,,,,,,,,,,,,,,,,,,,,,,,,,,,,"['彼女はふうとため息をつくと、トボトボと雪道をはだしのままで歩き出す。', '少女は、しばらくトボトボと歩いていたが、素足で雪の上を歩いて凍えたのだろう、風を避けるように家と家の間に座ると暖を取ろうとマッチに火を付けた。']",,,,,,,,,,,,,,,,,,,,,,,,,,,,,,,,,,,,,,,,,,,,,,,,,,,,,,,,,,,,,,,,,,,,,,,,,,,,,,,,,,,,,,,,,,,,,,,,,,,,,,
